repeat,row_index,y_true,LogReg,DecisionTree,RandomForest,SVM_RBF,XGBoost,Hybrid_ANN_RF,Hybrid_ANN_XGB,KNN,NaiveBayes,AdaBoost,GradBoost,ExtraTrees,SoftVote_LR_RF_SVM_XGB,LogReg_balanced,RandomForest_balanced,XGBoost_weighted,ANN_alone
0,1,1,0.9940574731514721,1.0,0.965,0.9999985768019405,0.98573005,0.9815566750316366,0.9820821454779185,1.0,1.0,0.7276658519631137,0.9999416965179129,0.95,0.986196525486934,0.9922586728933299,0.955,0.9697935,0.9999998
0,8,1,0.9999921478498842,1.0,1.0,0.9999999786185526,0.99902046,0.9839549014734945,0.9829833479337069,1.0,1.0,0.8369029614431475,0.999960599062224,1.0,0.9997531459340495,0.9999894922161497,1.0,0.99844605,1.0
0,17,1,0.9908709047356559,1.0,1.0,0.9999936598317892,0.99837565,0.98395436996118,0.9829344645130148,1.0,1.0,0.7001927646080414,0.9999364038023352,1.0,0.9973100546970065,0.9881307366118022,1.0,0.99748045,0.9999998
0,19,1,0.999616473828392,1.0,1.0,0.9999996672000189,0.9990056,0.9839546699579896,0.9829821822512558,1.0,1.0,0.8228906236321534,0.9999634038097363,1.0,0.9996554391849057,0.9994982607072772,0.99,0.99844605,0.99999976
0,21,1,1.0,1.0,0.99,0.989956864145053,0.99870455,0.983302862119985,0.9829625771421105,1.0,1.0,0.714463590832528,0.9999425064482224,1.0,0.9946653541988761,1.0,1.0,0.9979347,1.0
0,25,1,0.9619369591502811,1.0,0.905,0.99178618895042,0.98444253,0.9765869525002155,0.9819765467620193,1.0,1.0,0.6170368212044322,0.9996345496654615,0.91,0.9607914200408079,0.9500584686428779,0.93,0.97014564,0.99999577
0,27,1,0.9999998793238697,1.0,1.0,0.9999975657064105,0.99884415,0.9839549014734945,0.9829716479613837,1.0,1.0,0.8154008012062001,0.9999619807928508,1.0,0.999710397939699,0.9999998561364527,1.0,0.9983524,1.0
0,28,1,0.9854719592247331,1.0,0.98,0.9999858761848798,0.9969849,0.9826016808282113,0.9828402012485962,1.0,1.0,0.6456571372102423,0.999725041494385,0.97,0.9906106836134124,0.9803365884720958,0.985,0.9948314,0.99999684
0,31,1,0.9998506526428769,1.0,1.0,0.9999999948344022,0.9980872,0.9839549014734945,0.9829217038226087,1.0,1.0,0.7846631788113348,0.9999647553155356,1.0,0.999484468705448,0.9997928412733421,0.985,0.9963529,1.0
0,34,1,0.9958306483933436,1.0,1.0,0.9999981547817942,0.9985831,0.9839548786481682,0.9829486203702145,1.0,1.0,0.7270763781993391,0.9999224983027978,1.0,0.9986029703898843,0.9947931770745817,1.0,0.99776876,1.0
0,36,1,0.9995797698894066,1.0,0.99,0.9999999550249979,0.99884415,0.9833027468248994,0.9829715500143963,1.0,1.0,0.7900711061184774,0.9999616610400535,1.0,0.99710596791073,0.999414603182885,0.995,0.9983524,0.99999803
0,45,1,0.9999826949560826,1.0,1.0,0.9999999836123008,0.9987239,0.9839549014734945,0.9829635266112177,1.0,1.0,0.7382096897205696,0.9999425064482224,1.0,0.9996766506820968,0.9999773109921027,1.0,0.9979347,1.0
0,49,1,0.9999992857938991,1.0,1.0,0.9937378147025828,0.99902046,0.9839549014734945,0.9829834289381333,1.0,1.0,0.8405468850460628,0.9999635754818269,1.0,0.9981893894410607,0.9999990015347289,0.995,0.99844605,1.0
0,76,1,0.9999999788580878,1.0,0.995,0.999988167902028,0.9988563,0.9836320743249756,0.982972606738909,1.0,1.0,0.7879374676385458,0.9999523696712886,1.0,0.9984611132090414,0.9999999752008175,0.995,0.99822265,1.0
0,80,1,0.9999473721425679,1.0,0.995,0.9999999530078952,0.9974427,0.9836320510480435,0.9828788064741758,1.0,1.0,0.7383643563386686,0.9999555530193946,1.0,0.998097511867755,0.9999293470626367,0.99,0.9956464,0.9999995
0,90,1,0.999990683459369,1.0,0.985,0.9999997088604151,0.9909492,0.9829671430474197,0.9824419497344484,1.0,1.0,0.6543744198166379,0.999888416073808,1.0,0.9939849014561438,0.9999879970541953,0.985,0.9862272,1.0
0,91,1,0.999036869053966,1.0,0.745,0.9946070965190615,0.9687356,0.956192184374647,0.9808535290851192,1.0,1.0,0.6543019108811475,0.9904781407966862,0.905,0.926844885312248,0.9987499800408335,0.735,0.9601941,0.9999999
0,92,1,0.9999988587061517,1.0,1.0,0.9999999656717996,0.99897194,0.9839549014734945,0.9829802384401871,1.0,1.0,0.8216156274769714,0.999961948554403,1.0,0.9997426908662164,0.9999985940312738,1.0,0.9984176,1.0
0,93,1,0.9999999973994567,1.0,0.99,0.9999884387280864,0.99806625,0.983302862119985,0.9829203269930836,1.0,1.0,0.8168122206999925,0.9999670842468993,1.0,0.9970136706592738,0.9999999968679656,0.995,0.9967091,1.0
0,94,1,0.9971283447416938,1.0,0.97,0.9999993576086555,0.99711955,0.9819194595252152,0.9828573926566814,1.0,2.942635842467453e-05,0.7186729662824858,0.9999356839729056,0.97,0.9910618120717334,0.9958957502488318,0.995,0.99493164,0.99999994
0,96,1,0.9994346320578603,1.0,1.0,0.9999999923509232,0.99889416,0.9839548916912156,0.982974951991521,1.0,1.0,0.8061818025962796,0.9999578112954596,1.0,0.9995821948585664,0.9992113663698521,0.995,0.99822265,0.99999976
0,105,1,0.8222798490898906,1.0,0.71,0.9688595545359938,0.8912533,0.9486345854134133,0.9725548803425591,1.0,1.0,0.5377548828228179,0.9988322333216739,0.69,0.8480981740466155,0.7709946250863003,0.705,0.8141257,0.99970114
0,110,1,0.9484505064048904,1.0,0.96,0.9917269416565343,0.99569654,0.9811754279382973,0.9827218783895229,0.8,1.4720428445251758e-09,0.6998210119364983,0.9999514885247311,0.92,0.9739684981771604,0.924084406440983,0.98,0.9924994,0.9999792
0,115,1,0.9852739120627815,1.0,0.955,0.9999929130978551,0.98794055,0.9808089881659131,0.9822348765805924,1.0,4.266193578248075e-09,0.697526731248246,0.9984483779640885,0.95,0.9820518437527751,0.9792217832778924,0.94,0.97871155,0.9999571
0,116,1,0.9998934877433211,1.0,0.96,0.9999985981284748,0.9928504,0.9811865296364343,0.9825710098837374,1.0,1.0,0.7465018015752221,0.9993726134044947,0.99,0.9881856271827469,0.9998602497849999,0.98,0.98780847,0.99999976
0,118,1,0.9997728022204888,1.0,1.0,0.9999999893053998,0.99860066,0.9839549014734945,0.982955697357953,1.0,1.0,0.8137825488987447,0.9999663768803401,1.0,0.9995933633201242,0.9996928676181646,1.0,0.9978682,1.0
0,128,1,0.999999999986211,1.0,1.0,0.9899575750588084,0.998987,0.9839549014734945,0.9829812410923006,1.0,1.0,0.8268327395632382,0.9999610484903114,0.995,0.9972361485267655,0.9999999999889282,1.0,0.99844605,1.0
0,132,1,0.9999958747184673,1.0,1.0,0.9973297616253389,0.998705,0.9839549014734945,0.9829625951490938,1.0,1.0,0.721293519826655,0.9999444755826418,1.0,0.999007666457854,0.9999948043389288,1.0,0.9978969,1.0
0,135,1,0.9590192952175494,1.0,0.885,0.9937944587586208,0.94861573,0.974217085357032,0.9792850436587138,0.8,1.0,0.5644291583791067,0.9995751287871754,0.875,0.9466073709462444,0.9432907991404359,0.905,0.9176198,0.9999658
0,137,1,0.9999862420480855,1.0,1.0,0.9999999873221842,0.99900216,0.9839548982127355,0.9829822239945296,1.0,1.0,0.825835132121542,0.999961948554403,1.0,0.9997470970030212,0.999982751092504,1.0,0.99844605,1.0
0,139,1,0.9998493882507045,1.0,1.0,0.9999999874740921,0.99884415,0.9839548884304548,0.9829713203434273,1.0,1.0,0.81024471886507,0.999961948554403,1.0,0.999673380613328,0.999801666292333,1.0,0.9983524,0.99999946
0,151,1,0.9982561314114131,1.0,0.99,0.999999578634346,0.99783367,0.9833025942272589,0.9828875762911414,1.0,1.0,0.7096894110287619,0.9999519694378391,1.0,0.9965223448078494,0.997606731369246,1.0,0.99580127,0.99999994
0,153,1,0.9999999995703817,1.0,1.0,0.9927407588457613,0.99884415,0.9839549014734945,0.9829718033244348,1.0,1.0,0.8192772533050463,0.9999564167708913,1.0,0.9978962262861646,0.9999999994959148,1.0,0.9983524,1.0
0,156,1,0.9958502850046826,1.0,1.0,0.9999996578089386,0.9985831,0.9839548982127355,0.9829520527210525,1.0,1.0,0.7516540649643703,0.9999197498221534,1.0,0.9986082552995051,0.9943474433215458,1.0,0.99776876,0.9999998
0,160,1,0.9986332037750072,1.0,0.935,0.9999811078684474,0.9936348,0.979221541357387,0.9826196237004317,1.0,1.0,0.6762683641506471,0.9999514242087207,0.96,0.9818122829069726,0.9982263677822747,0.94,0.98783034,0.9999982
0,162,1,0.9926382609396531,1.0,0.985,0.9963549045144363,0.99733377,0.9828989797387747,0.982862331516454,0.6,0.0018280303885416552,0.6487384424890363,0.9999132863935754,0.875,0.9928317326209992,0.9888482641309921,0.965,0.9954982,0.9994474
0,166,1,0.9390928555608562,1.0,0.995,0.9805585882822475,0.9961727,0.983608784456095,0.9790671821556475,0.4,0.9986424095951345,0.593971293234425,0.9996869858178615,0.875,0.9777060424993578,0.914065939386924,0.99,0.9938544,0.99779
0,169,1,0.999983676056124,1.0,1.0,0.9999999663854314,0.9975314,0.9839545819160197,0.9828846599229509,1.0,1.0,0.7951786136676208,0.999968325335007,1.0,0.9993787641183844,0.9999788235636969,1.0,0.9956464,0.9999998
0,176,1,0.9999998902631508,1.0,0.995,0.9999993903298733,0.9986443,0.9836320743249756,0.9829585928444872,1.0,1.0,0.7655131902177091,0.9999473139008227,1.0,0.9984108932369019,0.9999998338237454,1.0,0.99805695,1.0
0,179,1,0.9994995695502592,1.0,1.0,0.9999999832471251,0.99889416,0.9839549014734945,0.9829750127743327,1.0,1.0,0.8126024837436551,0.9999561336623557,1.0,0.9995984269557165,0.9993085853972811,1.0,0.99822265,1.0
0,181,1,0.9962805533503601,1.0,0.945,0.9937776409919284,0.99724835,0.9800315422632532,0.9828580009196112,0.8,1.0,0.6641367521625238,0.9999119500479381,0.9,0.9830766364790582,0.9942579088795134,0.905,0.9952579,0.9999973
0,189,1,0.9999999923711097,1.0,1.0,0.9999964013287892,0.998987,0.9839549014734945,0.9829812309654886,1.0,1.0,0.847363155293544,0.999961948554403,1.0,0.9997458531904853,0.9999999911879377,1.0,0.99844605,1.0
0,190,1,0.999999006109679,1.0,0.885,0.995486724242456,0.9869774,0.974678738169151,0.9821696890664877,1.0,1.0,0.7662199624157316,0.9966695646582115,0.985,0.9668657821869183,0.999998671990271,0.915,0.9746849,1.0
0,194,1,0.9998083937264132,1.0,0.985,0.9999999736279029,0.99814415,0.982967132673355,0.9829254043405816,1.0,1.0,0.7790531914598556,0.9998411703068976,1.0,0.9957381292836474,0.9997555870977689,0.98,0.9974376,0.99999934
0,214,1,0.531547547813205,1.0,0.735,0.6662383011398529,0.82643235,0.9469365942113946,0.9457126061572768,0.0,4.6642746862343635e-14,0.5434066916517499,0.9989306654805478,0.685,0.6898045490626816,0.4453872487677834,0.67,0.7399524,0.7235107
0,216,1,0.9747831607534247,1.0,0.975,0.999988661800539,0.9968497,0.9822753626830372,0.9828391064772594,1.0,4.447159408639021e-05,0.6990106414720078,0.9998074844451729,0.96,0.9866553845659125,0.9644325923825583,0.97,0.9950787,0.9999989
0,224,1,0.39592998009355684,1.0,0.86,0.3771201830267827,0.95890945,0.9713550649985756,0.9427181373146704,0.4,3.157395187650226e-13,0.5095337275729401,0.9883979980863766,0.61,0.6479899037704642,0.31293491968200504,0.855,0.9472611,0.8988651
0,227,1,0.9986316639240683,1.0,0.995,0.9999995226216122,0.9974515,0.9836301588571283,0.9828733028010274,1.0,1.0,0.767478649574652,0.9999555530193946,0.99,0.9977706676872548,0.9981302673286774,0.995,0.9956464,0.99998295
0,242,1,0.9999999996936371,1.0,0.995,0.9971519006231572,0.99884415,0.9836320743249756,0.9829716851135443,1.0,1.0,0.8154008012062001,0.9999579095015867,1.0,0.9977490117613275,0.9999999996128439,1.0,0.9983524,1.0
0,246,1,0.9999999997715161,1.0,1.0,0.9934410537577292,0.998987,0.9839549014734945,0.9829812410923006,1.0,1.0,0.8222438639104152,0.999960599062224,1.0,0.9981070181478219,0.9999999997277591,1.0,0.99844605,1.0
0,250,0,0.07963677216850061,0.0,0.135,0.1482725000788964,0.051411223,0.05617958505095438,0.04454848199111833,0.0,1.11980713583319e-14,0.40775295497303193,0.0007878567831639242,0.055,0.10358012372847475,0.05355335062005526,0.115,0.06138878,0.0028102486
0,253,0,0.0037403614144023898,0.0,0.035,0.008013262921393195,0.02232579,0.03707954595575247,0.03975740690528001,0.0,3.5585518459196777e-17,0.42026892448649766,0.0005630565276755285,0.01,0.01726985347292571,0.0025439124728579977,0.02,0.026626442,8.715827e-07
0,262,0,0.0547658047412003,0.0,0.02,0.025401232373002968,0.014732753,0.03497903013334425,0.03866477083677936,0.0,4.3342499747861426e-16,0.3759051613625669,0.00025169540031763,0.01,0.028724947510212734,0.03771193586454423,0.02,0.015119285,5.768305e-05
0,269,0,0.007405190084113707,0.0,0.005,0.0024334304723583654,0.011550041,0.032977530767601466,0.038163836388016396,0.0,3.451033067110115e-17,0.4013570099328067,0.0004165135933950553,0.025,0.00659716536802012,0.005173131178894287,0.0,0.011862708,2.6063044e-06
0,272,0,0.014731526181231705,0.0,0.05,0.010603029614134778,0.02232579,0.0393112612366947,0.03976815441855316,0.0,3.0041686335863006e-16,0.39952708033456685,0.0005630565276755285,0.015,0.024415086337818435,0.010054237709378626,0.035,0.026626442,2.1474068e-05
0,274,0,0.15346967665773362,0.0,0.115,0.08373950509846532,0.011152561,0.050649972164284386,0.03821534294657654,0.2,4.857577659707273e-16,0.4006692195902773,0.00025049488447348515,0.145,0.09084043564471617,0.11098652976329731,0.11,0.010666601,0.0020537868
0,278,0,0.008996004879629855,0.0,0.0,0.008190504587245215,0.0040993434,0.03233806849467041,0.03710632278806703,0.0,4.09382966601089e-17,0.3856868260569284,0.0004005900724451496,0.005,0.005321463226144133,0.0065555655915115075,0.005,0.005111529,1.944967e-06
0,281,0,0.0012711684550831522,0.0,0.0,0.0019484835256108647,0.004031124,0.03233785570992431,0.03708732010083286,0.0,1.2558602227483601e-17,0.3150834375954759,0.0003354019647076321,0.0,0.0018126940099512242,0.0009188598213033711,0.0,0.005111529,7.096121e-09
0,293,0,0.009401220356911712,0.0,0.0,0.010337651954669541,0.011744003,0.03233786666084915,0.03819175241949861,0.0,6.425069827000508e-17,0.39545317787844747,0.0004165135933950553,0.045,0.007870718780797988,0.007037246808691925,0.005,0.011862708,4.4252874e-06
0,295,0,0.008364051613978818,0.0,0.165,0.024202670376387132,0.06983671,0.06120046064889069,0.04756893109065544,0.0,5.128017059216259e-11,0.3912878953238742,0.0051477481878273775,0.18,0.06685085884100675,0.006202672387913501,0.155,0.071600124,2.9872453e-07
0,308,0,0.06408309145251793,0.0,0.0,0.036067628007211854,0.003631612,0.032352863602506644,0.03710996090866542,0.0,9.732564032024187e-16,0.3447173877111669,0.00028484997987710025,0.01,0.025945582878217695,0.04463421618039985,0.0,0.0041405046,6.0372116e-05
0,311,0,0.0032859072293254517,0.0,0.0,0.001669322308731524,0.0076531423,0.03233786552027175,0.03760205456466727,0.0,2.59033613511679e-17,0.36799023237733974,0.00025049488447348515,0.005,0.003152092965909274,0.002378981958841235,0.005,0.0065861614,6.856453e-07
0,319,0,0.46957590942983196,1.0,0.64,0.5099518048856772,0.7646759,0.9339001834281792,0.9550079742717025,0.2,3.434951019755009e-14,0.511760541001698,0.5089361464977813,0.36,0.5960509073891876,0.37561863482862046,0.61,0.7207108,0.97009885
0,320,0,0.0017569534784411063,0.0,0.005,0.0059032097342669055,0.0040993434,0.03297750667332269,0.037097252767803957,0.0,2.044148286725493e-17,0.34232138890310354,0.0003354019647076321,0.01,0.004189876662602369,0.001329021638308875,0.0,0.005111529,2.0467765e-09
0,325,0,0.019550127738082144,0.0,0.0,0.024757521749912203,0.004031124,0.032338018576815564,0.037097821923059264,0.0,3.3416316476146637e-16,0.3543173085567439,0.0003293337574109644,0.01,0.012084693386776306,0.013871259396448433,0.0,0.005111529,1.9212668e-05
0,329,0,0.004710639659165144,0.0,0.005,0.0014807399769711578,0.002673629,0.03297751214296228,0.036896865135445406,0.0,4.6708428445992443e-17,0.319275880494409,0.0002059317587232566,0.005,0.003466252152244898,0.0033791346440183753,0.01,0.0030588561,2.4511283e-07
0,334,0,0.03479321251459228,0.0,0.18,0.02142982921750679,0.08448038,0.06478601721583427,0.050285651012626845,0.0,1.3637066416942808e-10,0.3862068125502757,0.0016133812149675586,0.075,0.08017585605854452,0.024694615792271207,0.215,0.09224372,3.8981643e-06
0,335,0,0.049249940245123205,0.0,0.005,0.02488451484562786,0.0032506553,0.03301009706187762,0.0370969991923112,0.0,4.199118073264276e-16,0.37378698835039376,0.0003092853962917953,0.02,0.020596277585809383,0.03530597562703777,0.005,0.0031738533,0.000371819
0,341,0,0.013122229839751483,0.0,0.025,0.007915813658173631,0.0033734879,0.035660474528796615,0.03700012269900547,0.0,1.1744715536116486e-16,0.33443487740383,0.00021069872740508554,0.01,0.012352882837609727,0.009648300103986523,0.025,0.0034450134,5.430711e-06
0,344,0,0.021686032679310064,0.0,0.04,0.012026788259629365,0.0033318123,0.03780936716181376,0.03699408896450113,0.0,5.648205553589745e-16,0.3190968185806534,0.0002059317587232566,0.01,0.0192611583175981,0.016086829511559802,0.045,0.004647401,1.1109048e-06
0,345,0,0.004404465559398184,0.0,0.03,0.0061934113891758905,0.026489632,0.036363407783753174,0.04038874428298269,0.0,4.9415865970598e-17,0.4285070270282991,0.0006113428697526649,0.02,0.016771877288187267,0.0030447757611963577,0.045,0.025082814,1.5566403e-06
0,347,0,0.000243672695892666,0.0,0.0,0.00042980262700716924,0.002673629,0.03233785557400316,0.03689633363804001,0.0,1.8979694319318165e-18,0.30636593991467564,0.00025049488447348515,0.0,0.0008367760739357811,0.00018062666000578527,0.0,0.0030588561,1.1786597e-10
0,348,0,0.01148636422619485,0.0,0.005,0.015113085689019855,0.0073570237,0.03297752794921822,0.0375645174803312,0.0,2.523766593935653e-16,0.31666723528872326,0.0002059317587232566,0.0,0.00973911839289574,0.00811754865107431,0.005,0.006467852,1.9440433e-05
0,361,0,0.06450371543216885,0.0,0.045,0.041946294256387635,0.017469784,0.03856069204411513,0.039103858839419005,0.0,1.484703368180026e-15,0.37130752879087003,0.00027328747971644077,0.02,0.04222994848336287,0.045048274818415016,0.035,0.01572681,0.0009651465
0,363,0,0.0014012155789034138,0.0,0.02,0.0013583741973652215,0.0049249614,0.03497059989475974,0.0372136692131259,0.0,1.3085052323566964e-17,0.35412258717083245,0.0003092853962917953,0.005,0.006921137785507001,0.000994564748790145,0.005,0.004835845,2.7551572e-09
0,376,0,0.0010907853699433632,0.0,0.005,0.0006958721637520325,0.0076531423,0.03297750614673837,0.03760125039405653,0.0,1.5716971837553253e-17,0.3106483183315922,0.0002059317587232566,0.0,0.003609949964818879,0.0007740667397177133,0.005,0.0065861614,4.955685e-09
0,382,0,0.0006174766538516533,0.0,0.02,0.006843117248240977,0.013603543,0.03497059988311276,0.03846106321223749,0.0,6.6728557259206215e-18,0.3713790961624612,0.0003676954657391765,0.005,0.010266034208367629,0.00043040494069879057,0.015,0.013430132,6.847704e-09
0,386,0,0.0002210466073945897,0.0,0.0,0.001628489028526832,0.0017545376,0.03233785556447667,0.03676762202428869,0.0,3.54383201753652e-18,0.27781651525795414,0.0001732141250088047,0.0,0.0009010183024842449,0.00016081728812049033,0.0,0.0017373088,9.4433246e-11
0,391,0,0.0009516766879427257,0.0,0.005,0.002863469057143842,0.0075262296,0.03297750618217199,0.03758333958281929,0.0,6.027755882641865e-18,0.3370162042240717,0.0002059317587232566,0.0,0.004085343836609994,0.0006664193721231171,0.01,0.0065861614,4.57644e-08
0,394,0,0.3032050489950672,0.0,0.06,0.3206599163297524,0.0069528464,0.0680966834841309,0.03881171952327362,0.2,3.964095125262114e-15,0.39654497251313003,0.0003092853962917953,0.125,0.17270445293690276,0.23151097693393724,0.04,0.0067033456,0.032844614
0,2,1,0.999989983002914,1.0,1.0,0.9999999917173833,0.9989342,0.9830451879139394,0.981227601280198,1.0,1.0,0.8219588738999717,0.9999375415856911,1.0,0.9997310460167671,0.9999874864041365,1.0,0.9981969,0.9999994
0,3,1,0.9999999780115756,1.0,0.995,0.9999993150127768,0.9987913,0.9827461862864153,0.9812186028528759,1.0,1.0,0.8037361171832947,0.999948583116211,1.0,0.998447642608238,0.9999999721299485,1.0,0.99805534,0.99999994
0,14,1,0.999999999274009,1.0,1.0,0.999999104836451,0.99887925,0.9830451879139394,0.981224142001714,1.0,1.0,0.8215654331869628,0.999948583116211,1.0,0.9997195894936871,0.9999999991129909,0.995,0.9983052,0.9999993
0,23,1,0.9875659205872026,1.0,1.0,0.9999991731539597,0.995589,0.9830451605505738,0.9810158885388179,1.0,7.214498542775391e-06,0.6669256258968626,0.9998101360766035,0.995,0.9957885279023011,0.982645628122362,1.0,0.9933601,0.9999982
0,26,1,0.9980169448273897,1.0,0.985,0.9999995245022636,0.99583274,0.9821324615774456,0.981031289179445,1.0,1.0,0.7419318413679924,0.9999298628436512,0.985,0.9947123026475455,0.9972691522184579,0.985,0.9943183,0.99998987
0,41,1,0.9780828174257679,1.0,0.92,0.9999954989630231,0.9873515,0.9775887358128597,0.9804845138612828,1.0,2.583603487103941e-10,0.630772924862809,0.9919895785764454,0.99,0.971357448383735,0.9685173417458973,0.945,0.9805706,0.99999833
0,47,1,0.9942827858754711,1.0,0.84,0.9999964814972377,0.97727764,0.9704288173128867,0.9798147394616837,1.0,1.0,0.6624638830695644,0.999482713889106,0.95,0.952889225975181,0.9926306701504444,0.85,0.965963,0.9999995
0,55,1,0.9999991198107152,1.0,1.0,0.9999998011638871,0.9989342,0.9830451879139394,0.981227601280198,1.0,1.0,0.8274392325414361,0.9999375415856911,1.0,0.9997332825803433,0.9999989177239248,1.0,0.9981969,1.0
0,63,1,0.9999673933609575,1.0,1.0,0.9999997517481684,0.99849594,0.9830451879139394,0.9811999877775801,1.0,1.0,0.7702743717052103,0.9999416396688424,0.995,0.9996157703757159,0.9999569924556195,1.0,0.9973888,0.99998814
0,70,1,0.9978183158214714,1.0,0.9,0.9999960290488644,0.96437865,0.9759760867745582,0.9789243554167674,1.0,1.0,0.6170880936303503,0.9982916548641928,0.97,0.9655482499567883,0.9972661235457594,0.93,0.91635484,0.9999921
0,73,1,0.9999999505574502,1.0,0.995,0.9999979847237951,0.99877363,0.9827461862864153,0.9812174877453177,1.0,1.0,0.8241060714191902,0.999948583116211,1.0,0.9984428924287478,0.9999999403395066,1.0,0.998054,0.9999978
0,75,1,0.9973857355507135,1.0,0.92,0.9999996256925969,0.9937953,0.9775888796873767,0.980901402374767,1.0,0.009715523133765577,0.741267616131692,0.999885321317709,0.97,0.9777951592328704,0.9961942575157426,0.915,0.98988134,0.9999973
0,78,1,0.9963640942877504,1.0,1.0,0.9999985222118501,0.99774677,0.9830447618223233,0.9811522694746816,1.0,1.0,0.6860603097008524,0.9998986670705813,1.0,0.998527345528289,0.9952779574448264,1.0,0.9952626,0.99999595
0,79,1,0.9991139753403608,1.0,0.975,0.9999998381395738,0.99428034,0.9814974835685376,0.980932390972802,1.0,1.0,0.7061926506646774,0.9999330676784852,0.975,0.9920985379418221,0.9988438195353908,0.975,0.989659,0.9999975
0,81,1,0.9999163578185457,1.0,1.0,0.9999998794047364,0.9982988,0.9830451527324614,0.9811873916930258,1.0,1.0,0.6982958224199504,0.9998987215799082,0.995,0.9995537652641869,0.9998846019723514,0.995,0.9973677,0.9999981
0,85,1,0.9971637384021934,1.0,1.0,0.999999685212986,0.9989519,0.9830451879139394,0.981228715469966,1.0,0.9999999999911253,0.8188378366633313,0.9999375415856911,1.0,0.9990288338853622,0.9961290858982979,1.0,0.99825746,0.9999953
0,97,1,0.9998373964064324,1.0,1.0,0.999999980225087,0.9987913,0.9830451722777358,0.9812185906057634,1.0,1.0,0.7859010880781541,0.999948583116211,1.0,0.9996571635100298,0.9997746840085437,1.0,0.99805534,0.99999696
0,100,1,0.9996829131663002,1.0,0.96,0.999996862164606,0.9879181,0.9805031550697245,0.9805213436981078,1.0,1.0,0.7131643026562017,0.9991650037526403,1.0,0.9868994635575725,0.9996032251203208,0.96,0.98227996,0.9999695
0,101,1,0.9989064231006903,1.0,1.0,0.9999998918781611,0.9988391,0.983045137096226,0.9812208413439054,1.0,1.0,0.8045264508819393,0.9999375415856911,0.99,0.9994363488281403,0.9985831733199684,0.99,0.99797064,0.9999923
0,104,1,0.9860336666172329,1.0,1.0,0.999985262480659,0.99845934,0.9830373445790654,0.9811952081474875,1.0,1.0,0.65890217861448,0.9998297439526515,1.0,0.9961195670599344,0.982224465789627,1.0,0.9978998,0.9998404
0,108,1,0.9376760702534349,1.0,0.845,0.9904004076110643,0.98262906,0.970907209601303,0.9801729024118542,0.4,8.23264488351066e-12,0.6657877355755059,0.9945176507719172,0.875,0.9389263846524346,0.9113890208359158,0.85,0.9693048,0.99985856
0,117,1,0.475879806316889,1.0,0.805,0.46626676707369447,0.96740425,0.4599241767051173,0.605672561122291,0.4,7.118978360445146e-15,0.619110579557232,0.9946801496578198,0.36,0.6786377049302111,0.3832292878081841,0.795,0.9514722,0.12931216
0,123,1,0.9972701333479234,1.0,0.905,0.9999935368193831,0.98044926,0.976388441163197,0.9800280087686946,1.0,1.0,0.6815441829071217,0.9991249653656856,0.96,0.9706782323621163,0.9965114185873686,0.935,0.96457124,0.99999744
0,124,1,0.9999303290963085,1.0,0.995,0.9999998554694679,0.9975193,0.9827460749363321,0.981138195052459,1.0,1.0,0.7704303713085593,0.9999466631944222,1.0,0.9981123747137174,0.9999088282102606,1.0,0.99657476,0.9999957
0,127,1,0.9999803133049118,1.0,1.0,0.999998350565585,0.99887925,0.9830451840048898,0.9812236644966914,1.0,1.0,0.8101609969728638,0.999948583116211,1.0,0.9997144794336963,0.9999767581378501,1.0,0.9983052,0.9999984
0,129,1,0.9388812458070678,1.0,0.97,0.9895180977663388,0.9980573,0.9811691411437751,0.9811659228141787,1.0,1.0,0.6722608294313254,0.9998987215799082,0.96,0.9741141623465606,0.9180525262359686,0.99,0.99709463,0.99992317
0,143,1,0.9999974998178719,1.0,0.99,0.9999897065352533,0.9980293,0.9824419937455922,0.9811705598095435,1.0,1.0,0.7299208420251873,0.9999335488304241,1.0,0.9970041244957291,0.9999973260009061,0.99,0.997168,0.9999993
0,148,1,0.9999927558228352,1.0,1.0,0.9949807057798898,0.998548,0.9830451879139394,0.981203275531539,1.0,1.0,0.6862445120309577,0.999864484347336,1.0,0.9983803582128379,0.9999910986575573,1.0,0.997976,1.0
0,150,1,0.6026691653254851,1.0,0.87,0.880876997109037,0.9719533,0.9733187845639693,0.9788629798344008,1.0,1.0,0.6757066859568951,0.9742589094244766,0.795,0.8313748588135103,0.5292318368886166,0.84,0.9535174,0.9587752
0,159,1,0.9999769722633368,1.0,0.985,0.9999996844956155,0.9984705,0.982132498618345,0.9811983507768536,1.0,1.0,0.7798189827886826,0.9999416396688424,1.0,0.9958617854923427,0.9999675546975627,0.995,0.99729806,0.9999995
0,163,1,0.9999855323745173,1.0,1.0,0.9999999910881994,0.9959752,0.9830451800958393,0.9810404483198689,1.0,1.0,0.7458874492899812,0.9999501359870177,1.0,0.9989901799560645,0.9999798977456078,0.995,0.99452055,0.9999999
0,171,1,0.9999970441543269,1.0,1.0,0.9999994354875458,0.9984652,0.9830451879139394,0.9811980041118663,1.0,1.0,0.7181106263149788,0.9998987215799082,1.0,0.9996154150097266,0.9999959448668592,1.0,0.9977411,0.9999992
0,178,1,0.998838193465655,1.0,0.995,0.9999896329962414,0.9959416,0.9827460868667318,0.9810310823823706,1.0,1.0,0.7295306422317734,0.9998073241391477,0.99,0.9974423514509463,0.9986058581817809,0.995,0.9930565,0.99950707
0,184,1,0.9999968226979958,1.0,1.0,0.99999982967612,0.998816,0.9830451800958393,0.981220140021144,1.0,1.0,0.8185430694616314,0.999948583116211,1.0,0.9997031664275744,0.9999963813586628,1.0,0.998078,0.999998
0,185,1,0.7362549457229416,1.0,0.76,0.7517566726748411,0.9600347,0.9470466630197394,0.9742419274581647,0.6,8.991261126847694e-10,0.643236335203133,0.9454893101253427,0.805,0.8020115866120037,0.6624959075196032,0.71,0.9358593,0.9209892
0,188,1,0.7182100267570907,1.0,0.99,0.7739806816931121,0.9921687,0.9822495011882402,0.9778275788646389,0.6,1.965108357013965e-06,0.6452336914265604,0.9997017608728684,0.855,0.8685898582467746,0.6523891636911658,0.995,0.9834969,0.8859402
0,191,1,0.9999997113445933,1.0,0.995,0.9999999821880257,0.9987913,0.9827461862864153,0.9812185334524673,1.0,1.0,0.8037361171832947,0.999948583116211,1.0,0.9984477427353047,0.9999996489874396,1.0,0.99805534,0.9999997
0,196,1,0.999999999123063,1.0,0.995,0.9999909407658139,0.9987913,0.9827461862864153,0.9812184681342062,1.0,1.0,0.8210759690365181,0.999948583116211,1.0,0.9984455543243691,0.9999999990119313,1.0,0.99805534,0.9999979
0,201,1,0.999741584758393,1.0,1.0,0.9999999531601227,0.99844897,0.9830451879139394,0.9811970311178354,1.0,1.0,0.7252675017012262,0.9998987215799082,1.0,0.9995476264630426,0.99965943568438,1.0,0.9975979,0.999999
0,202,1,0.990561063458497,1.0,0.995,0.9999957440654668,0.99680066,0.9827461862864153,0.9810928409345482,1.0,0.9978694045177766,0.6505177254808209,0.9998199646396678,0.955,0.99558936715275,0.9866437422377305,0.995,0.9941837,0.99999076
0,204,1,0.9999999797302677,1.0,1.0,0.9999996933797624,0.9963566,0.9830451879139394,0.9810646742617711,1.0,1.0,0.8120815252163975,0.9999301636904087,1.0,0.9990890698983723,0.9999999782762532,0.995,0.99400973,0.9999999
0,213,1,0.9999991202881698,1.0,1.0,0.9999999972316671,0.9989126,0.9830451761867881,0.9812261985971528,1.0,1.0,0.8472621576688861,0.999948583116211,1.0,0.9997279225951388,0.9999989560801201,1.0,0.99835783,0.9999988
0,215,1,0.9994324287796672,1.0,1.0,0.9999999625441544,0.99864703,0.9830451879139394,0.9812095012447987,1.0,1.0,0.7541600650472788,0.999928882646137,1.0,0.9995198563730162,0.9992797310248903,1.0,0.9979498,0.9999997
0,217,1,0.9979892871463595,1.0,1.0,0.9999997939392876,0.99797755,0.9830449377329814,0.9811672647935873,1.0,0.5893142252264215,0.7567355554547802,0.9999295451154625,0.97,0.9989916589709433,0.9973283132330187,0.995,0.9954684,0.9999995
0,228,1,0.9767801739725389,1.0,1.0,0.9960746646651227,0.99847907,0.9830433662008756,0.9811968443419288,1.0,1.0,0.65890217861448,0.9998297439526515,1.0,0.992833476729232,0.969277998360447,1.0,0.99793065,0.99998754
0,233,1,0.9758121119819535,1.0,0.95,0.995710821236797,0.99330384,0.9798052936815917,0.9808673158147484,1.0,0.9999999999677485,0.7261073505193527,0.9999144644032445,0.905,0.9787066921526872,0.9685647199301701,0.95,0.9895104,0.99995804
0,235,1,0.9999439855413379,1.0,0.99,0.9999999945766349,0.9989127,0.9824420058824954,0.9812262469083228,1.0,1.0,0.8105737860702024,0.9999375415856911,1.0,0.997214168046995,0.9999265906123651,1.0,0.99819154,0.9999998
0,237,1,0.9998254233948595,1.0,1.0,0.9999999491876127,0.998882,0.9830451019146444,0.9812243023618045,1.0,1.0,0.7990662069578848,0.9999373437710737,1.0,0.9996768420651051,0.9997853236087679,1.0,0.99844754,0.9999791
0,244,1,0.9999827962773639,1.0,1.0,0.999999979466462,0.99883276,0.983045156641518,0.9812211741907476,1.0,1.0,0.8185430694616314,0.999948583116211,1.0,0.9997038844962973,0.9999798056436087,1.0,0.9981248,0.99999624
0,247,1,0.21986936475258193,1.0,0.73,0.21688549153990522,0.92934275,0.30307871121306107,0.5010254830612018,0.4,5.016102010701526e-10,0.5264143695759793,0.9818258605264647,0.675,0.5240244007567766,0.1666553993002377,0.725,0.9167695,4.3411208e-05
0,254,0,0.031639656359502236,0.0,0.1,0.013738290126814936,0.01830509,0.04410596546536586,0.04267689387298097,0.2,1.6448614723000596e-16,0.3722137468643824,0.0024564955626566604,0.03,0.040920758952757486,0.021577479897227855,0.1,0.0188757,1.5659298e-05
0,256,0,0.006135042736711776,0.0,0.005,0.003887237561718447,0.0041995947,0.031858615226193855,0.04073286986805625,0.0,3.151559887279045e-16,0.3438798107481948,0.0002998129224988619,0.0,0.004805468755838399,0.004254399552644845,0.01,0.004522151,3.5044913e-08
0,259,0,0.04773481706135364,0.0,0.025,0.04312237703506289,0.009018042,0.034135710177945984,0.04138948088677731,0.0,8.558983220908848e-17,0.38554313372437815,0.0011177878368836107,0.025,0.031218809055306093,0.03455948342739785,0.045,0.01122149,3.5228593e-05
0,270,0,0.009932251987141306,0.0,0.0,0.0014923031719960098,0.0019473966,0.031314611710700796,0.040433246467507074,0.0,9.384857413936935e-18,0.33542408364316206,0.00026934160614167817,0.01,0.0033429879275990444,0.007068207940189756,0.0,0.002201577,3.6113867e-08
0,271,0,0.02543028198424651,0.0,0.02,0.007336890527493273,0.0051132925,0.03354660076806105,0.040855252823425114,0.0,1.7651199816704332e-16,0.35114804316224124,0.0002998129224988619,0.02,0.01447011624930383,0.01781913946323282,0.005,0.005636628,4.500787e-07
0,275,0,0.04455140093358744,0.0,0.095,0.03149876421788653,0.017598007,0.04336623629058672,0.042561358639500564,0.0,6.483181651159218e-17,0.4213274504898251,0.0014163545930266756,0.055,0.04716204300644922,0.03223740220142852,0.07,0.020629253,1.1880003e-05
0,282,0,0.149269397678134,0.0,0.025,0.061071102773420885,0.0046946765,0.03418184404663914,0.0408400790980762,0.0,2.066602901047554e-16,0.3746185857388133,0.00025498072162242173,0.04,0.06000879423597952,0.10967071932341958,0.02,0.004378851,0.0003840615
0,285,0,0.015127487878415096,0.0,0.02,0.011075872846061319,0.009513279,0.033546333632285034,0.041449329332837535,0.0,9.26144190476083e-18,0.3454491949079873,0.0002838278150215865,0.035,0.013929160036898513,0.010618978385524438,0.0,0.007803253,4.5334323e-06
0,287,0,0.03882569899368087,0.0,0.13,0.008515884572529418,0.017907638,0.04882809202079029,0.04260582880885495,0.2,1.5075140005532413e-16,0.40497358369658093,0.0003060955369525195,0.06,0.04881230541724504,0.026560550161599916,0.14,0.016740503,2.5246552e-06
0,288,0,0.017525423803763054,0.0,0.02,0.03229272841566967,0.016762652,0.033546864726994204,0.04244896567808099,0.0,0.9999999998289653,0.3543001592575241,0.0011177878368836107,0.115,0.021645200930629705,0.012400493642781264,0.045,0.017039567,4.5257307e-06
0,296,0,0.005913660048441527,0.0,0.0,0.004208205321200231,0.0022214898,0.0313146560589868,0.04046986106777012,0.0,1.9106063121941105e-18,0.3384964110400548,0.00026934160614167817,0.0,0.0030858387901171987,0.004266085889216442,0.0,0.0026076413,7.962421e-07
0,299,0,0.021666290638423093,0.0,0.005,0.02578350903910523,0.0030460332,0.03186006530276343,0.040579567484727894,0.0,2.1722872540397056e-15,0.33337540124759,0.00026934160614167817,0.015,0.013873958220748201,0.015509033797601617,0.025,0.0034415838,5.3786112e-05
0,300,0,0.01638065478024553,0.0,0.0,0.007921732180127851,0.0025300798,0.031315494454419925,0.040513571032249146,0.0,6.082874732423986e-18,0.36728012371299734,0.0002998129224988619,0.005,0.006708116690252239,0.01141350269157422,0.0,0.0025600574,2.0552681e-05
0,309,0,0.004065334423836015,0.0,0.005,0.006835205789061599,0.007540315,0.03185878744320639,0.0411819551789996,0.0,2.3897733364962715e-18,0.40751495309513136,0.00047667256584925106,0.0,0.005860213784217376,0.0028661128693922354,0.01,0.010663844,2.3550613e-06
0,310,0,0.08790914438092642,0.0,0.05,0.07382456931716709,0.004079227,0.03727602206992617,0.04087373109862086,0.0,5.48646853461795e-16,0.41361690150587893,0.0002998129224988619,0.075,0.05395323514204582,0.0617759110717511,0.06,0.0042740707,0.0025261282
0,314,0,0.004326889236304299,0.0,0.005,0.00132713910935796,0.0034726819,0.031858614038029,0.040635927695784335,0.0,2.010069109560388e-17,0.3354894600838227,0.00026934160614167817,0.0,0.0035316775503612813,0.003078138658173875,0.01,0.004102459,5.9511493e-08
0,316,0,0.06250756394094127,0.0,0.04,0.027351490503486866,0.00662711,0.03593834695570966,0.041068769778459045,0.0,7.454529208419871e-17,0.3860134483208299,0.0002838278150215865,0.025,0.03412154106937246,0.04489717509131615,0.025,0.006392339,4.881126e-05
0,332,0,0.0006939481106860436,0.0,0.0,0.0019634244160085354,0.0020373778,0.03131455243028495,0.04044513301544789,0.0,3.903450573567878e-18,0.3275535917644552,0.00026934160614167817,0.0,0.0011736875804747747,0.0004951121695837507,0.0,0.0024403855,2.9034175e-09
0,337,0,0.003933764499377778,0.0,0.005,0.0017902310062328695,0.0021072298,0.03185861068326183,0.0404546222744447,0.0,1.946955142785068e-18,0.3457462088033463,0.00026934160614167817,0.01,0.0032078063219697635,0.0027686311663304704,0.005,0.002535327,8.38712e-08
0,353,0,0.08564698147201753,0.0,0.02,0.0661083793949001,0.0044769174,0.03471505602944608,0.04082639088272982,0.0,1.7244060181544758e-15,0.3550391720209754,0.00026934160614167817,0.02,0.04405806957721299,0.06258134396752588,0.035,0.004846824,0.00897566
0,356,0,0.00029926968116001463,0.0,0.0,0.0006137439985313275,0.002076877,0.0313145510219774,0.04045036928299439,0.0,1.9253808823116055e-19,0.3019601645353032,0.00026934160614167817,0.0,0.0007474726819826135,0.00021556038037517266,0.0,0.0024325948,2.8247837e-10
0,370,0,0.018210132407900367,0.0,0.015,0.0063382430479030135,0.0049608042,0.0329745435170102,0.04083565836838372,0.0,8.402601880187121e-18,0.39949882800629716,0.000452018097547474,0.005,0.011127294925542352,0.01296483448470001,0.01,0.0065885703,3.8368767e-06
0,371,0,0.000547163473703969,0.0,0.0,0.0010232902928350082,0.0021894951,0.03131455296206132,0.04046530978852925,0.0,5.557520465926041e-18,0.3067562359195063,0.00026934160614167817,0.0,0.0009399872254094182,0.00039598569379892956,0.005,0.0025309958,3.4862484e-09
0,377,0,0.10289806374233973,0.0,0.01,0.02653775628362222,0.003057273,0.03245528826303235,0.04059332057885285,0.0,1.0692547343751545e-16,0.3711006454111836,0.0002998129224988619,0.075,0.035623273282687204,0.07482816222707314,0.0,0.0034147806,0.0003598755
0,379,0,0.002143243056132762,0.0,0.0,0.001408172316817309,0.003995761,0.03131455287711139,0.04070564832689246,0.0,5.048198155390902e-18,0.3388448566090743,0.0003064448932232381,0.0,0.0018867940456450565,0.0015370453738112297,0.0,0.003830389,1.4049896e-09
0,383,0,0.020429346390964515,0.0,0.01,0.006022573146987026,0.0027531923,0.03241256033241102,0.040541062294499136,0.0,7.853977054489868e-17,0.3538908791609011,0.00026934160614167817,0.01,0.009801277966001378,0.014653181528559924,0.005,0.0028141486,3.5865648e-07
0,384,0,0.023795699169451574,0.0,0.035,0.03906544078256195,0.0075638923,0.03532749805560281,0.04118557952909563,0.0,8.085090810525005e-16,0.3683354595842903,0.0002998129224988619,0.02,0.0263562580595711,0.0167516444452268,0.04,0.008530289,0.000121614925
0,388,0,0.00699112561210533,0.0,0.01,0.01153141033056288,0.0049991054,0.03241187323882473,0.04084008486419297,0.0,1.0453404031385578e-17,0.3586537410897412,0.0003972963154003224,0.025,0.008380410323894145,0.004958033549615882,0.035,0.0057909763,3.6642757e-07
0,393,0,0.015159335087845761,0.0,0.08,0.004620109426926225,0.0102507835,0.04120003875258491,0.04155043698951227,0.0,3.1998128171936084e-17,0.3715723409917358,0.0006284386303499933,0.04,0.027507557010044828,0.010538149862954382,0.08,0.009811656,5.140572e-06
0,398,0,0.007131000193028075,0.0,0.0,0.005260303508418383,0.004395624,0.03131487099423141,0.040761443061973664,0.0,2.0349932523718456e-17,0.3294609009315623,0.00025498072162242173,0.0,0.004196731964621942,0.004954089842506876,0.005,0.0052176006,2.8237735e-06
0,0,1,0.6621420541256952,1.0,0.465,0.8857072049702827,0.16964202,0.6662975536666752,0.6543858748829691,1.0,1.0,0.4605904798327913,0.07377359825539452,0.82,0.545622818846899,0.6026235073986264,0.485,0.18204622,0.99277806
0,4,1,0.9991826364558758,1.0,0.995,0.999999966840751,0.9988825,0.981785739580762,0.9797019080453784,1.0,0.9999999999998614,0.8331525483324456,0.9999705393941842,0.99,0.9982662689529332,0.9988568472258107,0.995,0.9982761,0.9999999
0,9,1,0.9999968443575092,1.0,1.0,0.9999923067537719,0.99847084,0.9821344673917756,0.9796703304669829,1.0,1.0,0.7124013910256495,0.9999545140099064,1.0,0.9996149984873921,0.9999959129358393,1.0,0.99752384,1.0
0,22,1,0.999970712817042,1.0,0.955,0.9999989938753798,0.9975096,0.9787363994515939,0.9795963893077909,1.0,1.0,0.6987037694366508,0.9999215925713719,0.995,0.9881198263561041,0.9999663768671779,0.94,0.9961062,1.0
0,29,1,0.9987506960308168,1.0,0.99,0.9999960446364162,0.99853754,0.9814341758604036,0.9796754509824472,1.0,1.0,0.7562199325515949,0.9999716316717981,0.975,0.9968210702757561,0.998307593796083,0.995,0.99753165,1.0
0,32,1,0.9999833302355285,1.0,0.995,0.9999999975971361,0.9989498,0.9817843700135759,0.9797069722235477,1.0,1.0,0.8125041373187212,0.9999571433411857,0.995,0.9984832883990917,0.9999781132603917,1.0,0.9984151,0.9999989
0,35,1,0.9993654475660314,1.0,0.98,0.9999955624531307,0.99712175,0.9806581314383762,0.9795664862514095,1.0,1.0,0.7559056078938753,0.9998777245233846,1.0,0.9941206903319009,0.9992135874625826,0.99,0.99631053,1.0
0,40,1,0.9999833091221906,1.0,1.0,0.9999999947333824,0.99896955,0.982120071110575,0.9797084685219002,1.0,1.0,0.8284822716440086,0.9999571433411857,1.0,0.999738214689174,0.9999789582935135,1.0,0.9984151,0.9999999
0,42,1,0.9999038561334471,1.0,0.97,0.9999999798074674,0.98444694,0.9799248433166545,0.9785651617093982,1.0,1.0,0.7054286908414841,0.999919917364188,1.0,0.9885876946867896,0.9998661583372378,0.975,0.97755194,0.999999
0,46,1,0.7494635174194331,1.0,0.86,0.8258560090050578,0.99540424,0.9650024648559146,0.9774234385247587,0.6,9.565139644629788e-14,0.7002271420684439,0.9999794505101078,0.8,0.8576809424734323,0.6747277455414187,0.875,0.99044484,0.9852733
0,50,1,0.9993269238511504,1.0,0.99,0.9999997426459771,0.99785763,0.9814338677714002,0.9796231817007256,1.0,1.0,0.6444036590741129,0.9999545140099064,0.99,0.9967960741874914,0.9991417146078634,0.99,0.99568284,1.0
0,53,1,0.9997905241244702,1.0,0.92,0.9999967911406189,0.9561879,0.9756558966754076,0.9761568335296961,1.0,1.0,0.6229140863811151,0.9996845877554029,0.995,0.9689938047865405,0.9997470167827897,0.92,0.9225184,0.9999962
0,54,1,0.9999891178605057,1.0,0.99,0.9999999897303271,0.9967355,0.9814313738781493,0.9795366367559004,1.0,1.0,0.7789504707829085,0.9999726999474158,1.0,0.9966811552002823,0.9999868480591498,1.0,0.9945768,0.9999999
0,62,1,0.9994336178753922,1.0,0.88,0.9999999615349849,0.9840366,0.9716009601081435,0.9785319523019439,1.0,1.0,0.6412920047037364,0.994617373624665,0.995,0.9658675509604968,0.9992677518979406,0.91,0.96781945,1.0
0,64,1,0.9981254354686401,1.0,1.0,0.9999999663490104,0.9970048,0.9821331829086775,0.9795574243964246,1.0,0.20321612303822328,0.7477193249930593,0.9999670144212369,1.0,0.9987825522032606,0.9972864490998732,0.995,0.99497306,0.99999964
0,67,1,0.9860437673241781,1.0,0.99,0.9999930718854525,0.9972365,0.9814152535201157,0.9795750002112469,1.0,1.0,0.6420232112708704,0.9999271535975357,0.945,0.9933183323648161,0.9812863587261526,0.995,0.9955113,0.9999953
0,72,1,0.9999997489650587,1.0,0.99,0.9999999258045207,0.99896955,0.9814344042054872,0.9797085870749246,1.0,1.0,0.8557109847765968,0.9999571433411857,1.0,0.9972423074176756,0.9999996991334265,0.995,0.9984151,1.0
0,77,1,0.9998403335164412,1.0,1.0,0.9999999853142492,0.99880135,0.9821382784220876,0.9796946597954753,1.0,1.0,0.7795249768757032,0.9999571433411857,1.0,0.9996604173560644,0.9997951760240575,1.0,0.99817204,0.9999987
0,86,1,0.8162067862233602,1.0,0.985,0.8957678583587548,0.9972365,0.978472773687601,0.9791839429514231,0.4,6.8876676065245435e-09,0.5826644755364475,0.9999271535975357,0.835,0.9235527837079373,0.7560314120152937,0.99,0.9955113,0.9448089
0,87,1,0.9999788488225022,1.0,0.98,0.9999999497621779,0.99793917,0.9806955134753551,0.9796294636115633,1.0,1.0,0.7888785883761155,0.9998847921825162,1.0,0.9944794919978928,0.9999726015920511,0.99,0.9972977,1.0
0,89,1,0.4035321909044405,1.0,0.81,0.2671828172702187,0.9517019,0.605773298673478,0.6273845359121973,0.4,1.8631634429409625e-15,0.5137245521697322,0.9968700470979938,0.485,0.6081042219190005,0.31679172428712027,0.815,0.924203,0.004623933
0,99,1,0.9999948856057249,1.0,0.885,0.994359486174719,0.9291448,0.9721417421513721,0.9736059761578769,1.0,1.0,0.6298465533947712,0.9997025293226067,0.98,0.952124792872441,0.9999930945509065,0.9,0.8674711,0.9999992
0,102,1,0.8262916053323455,1.0,0.79,0.9541219264860709,0.95583767,0.9598209958587701,0.9754741052489452,1.0,5.390441694131172e-10,0.6139786293884153,0.9995868398659744,0.83,0.8815627997016973,0.7722799382135622,0.81,0.9336136,0.99996436
0,106,1,0.9999810393758354,1.0,1.0,0.9999998948252837,0.9982352,0.982138676230885,0.9796522275615017,1.0,1.0,0.6504589519329753,0.9999545140099064,1.0,0.9995540399696523,0.999974911070893,1.0,0.9972703,0.9999999
0,109,1,0.8555858044740371,1.0,1.0,0.9440036126274739,0.99794704,0.9815899609590605,0.9796004679518879,0.8,4.0417960749998446e-08,0.6628919754327987,0.9999545140099064,0.945,0.9493841135803781,0.8066028314043694,1.0,0.9967333,0.99975884
0,114,1,0.9978226261139435,1.0,1.0,0.9999928557730473,0.99893016,0.9821383586824577,0.9797055673374228,1.0,1.0,0.8314674502177508,0.9999571433411857,1.0,0.9991864095294793,0.9971645007542703,1.0,0.99825937,1.0
0,119,1,0.9653355303220299,1.0,0.945,0.9960770177798941,0.99099934,0.9778543602012472,0.9790714661720441,1.0,2.386778851110319e-10,0.6589063220216835,0.9998314694768715,0.97,0.9743529722782428,0.9505269702529233,0.95,0.9829996,0.999997
0,120,1,0.9613913511617007,1.0,0.94,0.9969318232113608,0.995743,0.9774631318622901,0.979458500849815,1.0,1.0,0.6169461618059131,0.9998744319738783,0.915,0.9735165377596395,0.9485366898755625,0.965,0.9930044,0.9999906
0,131,1,0.9679002256474244,1.0,0.91,0.992797245019662,0.9906279,0.9745816968055283,0.9789655831944722,0.8,3.4484191604772284e-08,0.7031540750301614,0.9999725623896476,0.92,0.9653313388829734,0.9535200028917724,0.92,0.9848354,0.9999987
0,138,1,0.9898736919552811,1.0,0.975,0.9999955140529436,0.9981932,0.9803100017103111,0.9796485383102255,1.0,0.0007544509250872506,0.7201330452808246,0.999957272844332,0.98,0.990765602602787,0.9859672906668142,0.98,0.996463,0.9999973
0,140,1,0.999190883276041,1.0,0.79,0.9999992160665184,0.98274845,0.9599429984730433,0.9784273829529618,1.0,1.0,0.6483477832774253,0.9998078105032857,0.91,0.942984637047821,0.9989513507659316,0.84,0.9603538,0.99999946
0,142,1,0.9500243734124564,1.0,0.995,0.993666839514136,0.9971834,0.9816443928718711,0.9791827072592165,1.0,1.0,0.5759131133250852,0.9999271535975357,0.965,0.9839686488594328,0.9352664869662858,0.985,0.9955113,0.99999005
0,144,1,0.9999285686522643,1.0,1.0,0.9999993099252277,0.9989256,0.9821390844992899,0.9797052201079292,1.0,1.0,0.8195175052137618,0.9999571433411857,1.0,0.9997133762138539,0.9999032471159403,1.0,0.99833614,1.0
0,145,1,0.9999999957784833,1.0,0.995,0.9947029625488721,0.99881893,0.9817914764350836,0.9796970402572089,1.0,1.0,0.8154219177979298,0.9999571433411857,1.0,0.9971304730727828,0.9999999959377153,1.0,0.9981026,1.0
0,154,1,0.9999999999793339,1.0,1.0,0.9963639875259932,0.99866295,0.9821418095434286,0.9796850754131531,1.0,1.0,0.8576771042768323,0.9999571433411857,1.0,0.9987567340284313,0.9999999999788471,1.0,0.9977475,1.0
0,167,1,0.3675902447100023,0.0,0.59,0.9270019676452229,0.2956783,0.3043282935267124,0.7623648910748725,0.4,1.0,0.447415836453681,0.04561727703918001,0.57,0.5450676250249368,0.2944441721215732,0.56,0.23904191,0.99977535
0,170,1,0.9999967390829093,1.0,1.0,0.9999975593205592,0.99896145,0.9821417816321136,0.9797079658033152,1.0,1.0,0.8542619140209232,0.9999571433411857,1.0,0.9997389367682256,0.9999961883813059,1.0,0.9983419,1.0
0,172,1,0.9999444258819585,1.0,0.99,0.9999998645019698,0.99817324,0.9814258919578942,0.9796474355207841,1.0,1.0,0.8200678784478164,0.9998847921825162,0.97,0.997029381807713,0.9999248096926601,0.975,0.9975198,0.99999994
0,183,1,0.9311791103569489,1.0,0.97,0.9912113990736438,0.99343795,0.9798972054606992,0.9791323148291563,1.0,1.0,0.6776684787594948,0.9999384449134131,0.94,0.9714571138183339,0.9081572243064485,0.965,0.988701,0.9999908
0,193,1,0.9999996316249842,1.0,0.935,0.9950429814173819,0.99744403,0.9770257251083121,0.9795913405480473,1.0,1.0,0.6315961410106392,0.9999215925713719,1.0,0.9818716616662769,0.9999995695016791,0.94,0.99577254,1.0
0,198,1,0.9999994269097743,1.0,0.995,0.9943978470939243,0.99843055,0.9817903597903185,0.9796672364961467,1.0,1.0,0.745562316438706,0.9999545140099064,1.0,0.9969569560255294,0.9999992554865288,1.0,0.99752384,1.0
0,203,1,0.9996279045160137,1.0,1.0,0.9999999573688341,0.99783367,0.9821330328137037,0.9796213257671335,1.0,1.0,0.6509063345789757,0.9999545140099064,1.0,0.9993653827676215,0.9995185308159509,1.0,0.9958727,0.9999998
0,223,1,0.9999211803258923,1.0,0.96,0.9999998643738591,0.9894224,0.9791441459937732,0.9789638251922105,1.0,1.0,0.7025263649466721,0.9999740367709946,0.995,0.9873358564059941,0.999899862261301,0.97,0.98271906,0.99999344
0,229,1,0.9999993112617905,1.0,1.0,0.9970463073102799,0.99893755,0.9821392624595734,0.9797061338572649,1.0,1.0,0.823809096324112,0.9999791641002672,0.995,0.9989957914447373,0.9999991080635784,1.0,0.99825937,1.0
0,230,1,0.9998054950211341,1.0,0.98,0.9999999586561485,0.99867284,0.9806929826163602,0.9796858187407533,1.0,1.0,0.7900555899951479,0.9999798078183114,1.0,0.9946195741641785,0.9997453624497072,0.98,0.997785,0.9999999
0,232,1,0.9881480844606156,1.0,1.0,0.9969526748449586,0.99864274,0.9820851732724362,0.979683525010445,1.0,1.0,0.7316755524699459,0.999957272844332,0.995,0.9959358754848484,0.9839655638452871,1.0,0.9977188,0.9999997
0,234,1,0.9871079483403016,1.0,0.91,0.9957699525881074,0.97515786,0.9746070669833186,0.9778009744763287,1.0,1.0,0.6446800747466811,0.9999123234852445,0.955,0.967008939467408,0.9836466843721688,0.945,0.9572186,1.0
0,240,1,0.9982865685768679,1.0,1.0,0.99999953487528,0.99882394,0.9821283059340388,0.9796971711381239,1.0,1.0,0.7795249768757032,0.9999571433411857,1.0,0.9992775110515212,0.9977846018344707,1.0,0.99801505,0.9999974
0,245,1,0.9999966249456832,1.0,1.0,0.9999995969973766,0.9982352,0.9821400615146824,0.9796522315240056,1.0,1.0,0.6377885064607153,0.9999545140099064,1.0,0.9995578619051375,0.9999954673822289,1.0,0.9972703,1.0
0,249,1,0.9999999999946987,1.0,1.0,0.9946552825330465,0.99881893,0.9821402464438326,0.9796970402572089,1.0,1.0,0.8395961585929943,0.9999571433411857,1.0,0.9983685541228802,0.9999999999944944,1.0,0.9981026,1.0
0,255,0,0.008293601837320351,0.0,0.005,0.00867766239971647,0.006266689,0.036764497212423086,0.036098250731902926,0.0,6.570380361615737e-18,0.42037845137860314,0.00012776037509709275,0.005,0.007059488291261224,0.00568733120510268,0.015,0.006901216,1.1694001e-06
0,260,0,0.07380633017936175,0.0,0.005,0.021204239803754587,0.0023153387,0.03701630335988429,0.035719912396003646,0.0,1.0959694377252702e-16,0.36902289668025245,8.912349606066597e-05,0.035,0.025581477171031524,0.05274353973320228,0.005,0.0023141273,4.4966986e-05
0,263,0,0.03189077978150918,0.0,0.005,0.007840059989684092,0.0039643236,0.03684882127332914,0.035787613018776955,0.0,4.172837176713386e-17,0.39538369878881047,0.00012587666824855035,0.015,0.012173790830413998,0.02273562820110071,0.015,0.0051231477,1.3686554e-06
0,267,0,0.0276067872704911,0.0,0.005,0.009831352043440668,0.0023153387,0.036796688447411345,0.03559199838492068,0.0,5.172322971157494e-17,0.35829192033364204,8.912349606066597e-05,0.005,0.01118836950373538,0.019154962035717683,0.01,0.0023141273,1.4146624e-05
0,279,0,0.001183711080422443,0.0,0.0,0.00050352558719032,0.0045352336,0.036064368330896004,0.035856240975830005,0.0,3.994290556781234e-19,0.3534061647706398,8.912349606066597e-05,0.0,0.0015556175673851302,0.0008344299610217981,0.0,0.0041762707,2.8294098e-10
0,283,0,0.017268611770606585,0.0,0.415,0.016705569633643242,0.13610059,0.16227348551073562,0.058234338743173,0.0,1.1231407994543692e-11,0.4275885922923533,0.004454666068523644,0.21,0.14626869290832106,0.012393976883429384,0.42,0.10487122,6.9839025e-06
0,286,0,0.017158076088311845,0.0,0.015,0.005918265326799891,0.004895793,0.038214685533946684,0.035909497145982044,0.0,1.9070490886026424e-17,0.36168723806566133,8.912349606066597e-05,0.015,0.01074303355587386,0.012011491275221773,0.01,0.0042926753,1.6162696e-06
0,289,0,0.0073449599060775314,0.0,0.005,0.001024734706692055,0.0022860614,0.03675971705117906,0.035557901874650966,0.0,1.6304117731191277e-18,0.32479251299543177,8.912349606066597e-05,0.0,0.00391393900612327,0.005276323987068902,0.005,0.0023235495,2.2557403e-08
0,290,0,0.014298358017658438,0.0,0.005,0.002924919606326342,0.0036316847,0.03676601889234463,0.035738240091944776,0.0,1.2587874100281882e-17,0.36847614050531646,8.912349606066597e-05,0.0,0.0064637405800716495,0.010076045520439897,0.0,0.0039375555,5.3245543e-07
0,297,0,0.003378521573256526,0.0,0.005,0.002664165391135695,0.0041668913,0.036759042124799635,0.035807215109259036,0.0,0.9999999944678777,0.35207070035680843,8.912349606066597e-05,0.08,0.0038023945742769925,0.0024792354501365424,0.0,0.0042449944,5.768778e-08
0,301,0,0.0006495128802788176,0.0,0.0,0.0006166944840865236,0.0021400433,0.03606436838402739,0.035538377590523855,0.0,6.542953341158518e-19,0.31896299781317017,8.912349606066597e-05,0.0,0.0008515626669339542,0.0004693159132524471,0.0,0.0021810897,2.4470115e-10
0,303,0,0.003393739344863269,0.0,0.035,0.0029741302194242016,0.005276056,0.041199627683781555,0.03595537914927108,0.0,7.283881121952059e-19,0.35953285413902525,8.912349606066597e-05,0.02,0.011660981392709565,0.0024126060546703627,0.04,0.0065245144,9.27525e-09
0,307,0,0.07708285207120412,0.0,0.02,0.04361647229816778,0.009407176,0.03909236284636758,0.036521431316746615,0.0,5.000249480042405e-15,0.35864781255884376,8.912349606066597e-05,0.04,0.03752662501855219,0.055122450863118046,0.015,0.008157723,0.00015571012
0,312,0,0.022287250618874505,0.0,0.37,0.01951740683796658,0.11218016,0.13930276742219097,0.05333676332462884,0.0,6.604115316688439e-12,0.4269595586933251,0.004648350527854513,0.18,0.130996203988186,0.016064273245252857,0.335,0.09340339,3.0771762e-06
0,323,0,0.00831680267519273,0.0,0.005,0.0019573763075162445,0.003835738,0.03676049934908653,0.03576339584823837,0.0,1.0759010970686356e-17,0.33519544680706265,8.912349606066597e-05,0.005,0.004777479230192583,0.005846803687330752,0.0,0.0039388873,1.15172234e-07
0,324,0,0.27040228355361984,0.0,0.38,0.21698585726773467,0.31423613,0.1523937136985514,0.1358083687159205,0.2,1.528533156238968e-14,0.418898630911325,0.005119307522083298,0.14,0.29540606877801245,0.20325898764859066,0.355,0.2657356,0.0065088663
0,326,0,0.014338640840909994,0.0,0.0,0.003331750067897684,0.0037716564,0.036075456937826544,0.03575561353492399,0.0,6.7293097336006976e-18,0.3864124041112574,8.912349606066597e-05,0.005,0.005360511833619367,0.010172657656356743,0.0,0.003951177,2.881842e-07
0,336,0,0.029973261881055955,0.0,0.04,0.009283647654129262,0.0057284296,0.04205968519836691,0.036024474193904685,0.0,2.912872874686969e-17,0.40148463623794794,8.912349606066597e-05,0.025,0.021246334796052604,0.021031401513721463,0.065,0.006941185,2.0583047e-06
0,338,0,0.005757933495931112,0.0,0.035,0.008264450645675388,0.0032010544,0.04119944698341943,0.03567889450954021,0.0,5.267731756995902e-17,0.3191190072892833,8.912349606066597e-05,0.01,0.013055859637688202,0.004197863500382452,0.02,0.0033498518,3.0488438e-09
0,342,0,0.0091071644920394,0.0,0.0,0.00894454070045451,0.0024612164,0.03607396976118426,0.035583482934353705,0.0,6.141452801825466e-18,0.3498695763200347,8.912349606066597e-05,0.005,0.005128230401244639,0.006475355519010746,0.01,0.0028388763,3.44616e-07
0,350,0,0.006015284679741295,0.0,0.02,0.00220996728378158,0.007075788,0.03892237752970075,0.036196637890757784,0.0,9.040844765465867e-18,0.3535079019390492,8.912349606066597e-05,0.005,0.008825259987770727,0.004179473735993091,0.015,0.0061678635,1.2053863e-07
0,354,0,0.003390860956786939,0.0,0.01,0.0014360086994654755,0.0046781884,0.037465715144991626,0.035875324972985644,0.0,1.588387539379606e-17,0.3395463948038246,8.912349606066597e-05,0.005,0.004876264503438659,0.002384933207832593,0.005,0.0041762707,1.3455543e-08
0,355,0,0.03013862261356952,0.0,0.02,0.008864277975340059,0.0053324075,0.03893761281656039,0.03596347307656283,0.0,6.919910719025363e-17,0.35355655383488704,8.912349606066597e-05,0.015,0.016083827032620658,0.021677085350219345,0.01,0.005677497,6.0215115e-07
0,358,0,0.08492434259132887,0.0,0.06,0.059426473065613675,0.028133353,0.045528556111055135,0.039231586722531055,0.0,3.4013421954861926e-16,0.4277306394739356,0.00043846257868163487,0.06,0.05812104221884469,0.06025687547022064,0.05,0.026336877,5.9161528e-05
0,365,0,0.11359626046662323,0.0,0.185,0.14970786816058587,0.09538764,0.08665285494238567,0.05734126558787447,0.0,1.272958097304148e-15,0.3970082498727677,0.0014529842253778737,0.045,0.13592294156060325,0.08105659459280536,0.175,0.0906254,0.002411942
0,368,0,0.0034816719790056352,0.0,0.0,0.001930126582565723,0.0023153387,0.03606512209004005,0.03556264016516273,0.0,4.289240308266364e-18,0.32658267977440664,8.912349606066597e-05,0.0,0.001931784315645277,0.0024511729556071097,0.0,0.0023141273,8.142436e-08
0,372,0,0.011509419166927852,0.0,0.0,0.007461013098797824,0.0036993502,0.0360797972812348,0.035745689300980724,0.0,5.663431528016648e-17,0.36168723806566133,8.912349606066597e-05,0.005,0.005667445609129206,0.008204443089312457,0.0,0.0038729156,9.239882e-07
0,374,0,0.0006256245971067015,0.0,0.0,0.0021188682011332423,0.002467138,0.03606436161278121,0.035581665624494135,0.0,7.080863194486069e-19,0.3424274181482044,0.00012587666824855035,0.0,0.0013029076981211597,0.0004458865105291727,0.0,0.0027310448,8.725244e-10
0,390,0,0.011554718513920821,0.0,0.01,0.002859447383213808,0.005280961,0.03746699669733842,0.03595658933190886,0.0,9.93468522059332e-18,0.38084151859891446,9.301623157403785e-05,0.005,0.007423781678506158,0.007916580869422827,0.015,0.0068866177,7.522239e-08
0,397,0,0.027168930164092293,0.0,0.01,0.00563439045105733,0.0055693593,0.03747675977771177,0.035997384791972974,0.0,9.72469977905848e-18,0.378496648005027,8.912349606066597e-05,0.015,0.012093169975692302,0.01908290719261506,0.02,0.0069806725,3.2903756e-07
0,5,1,0.9998302320167828,1.0,0.955,0.9999999603447679,0.9874571,0.9806453209978453,0.9803030779295895,1.0,1.0,0.8032988562252755,0.9998525979916489,0.995,0.9855718222345603,0.9997827403670474,0.95,0.9733979,0.9999998
0,6,1,0.9999850912435787,1.0,0.975,0.9999913692060329,0.99714124,0.9820718775789437,0.9809687019239088,1.0,1.0,0.7246361691944881,0.9999539800477187,0.98,0.9930294256192236,0.9999795004858958,0.99,0.99607027,1.0
0,7,1,0.9997376291046054,1.0,0.96,0.9999988718917642,0.9937796,0.9810120647806853,0.9807401911233102,1.0,1.0,0.8051506027769377,0.9998710335785761,0.975,0.9883790251657413,0.9996675586705888,0.97,0.9917778,1.0
0,16,1,0.9883209540098806,1.0,1.0,0.9999992887099882,0.9985966,0.9837105402892973,0.9810667928866773,1.0,1.0,0.8136719763522625,0.9999424749326873,0.985,0.9967292128396581,0.9846539247506529,1.0,0.99783045,0.99999994
0,18,1,0.995122012112859,1.0,0.935,0.9944978071653409,0.9779137,0.9791075587165053,0.979445784124326,1.0,1.0,0.6221940409349421,0.9991671202515487,0.905,0.9756333742426533,0.9932271238899718,0.935,0.96503556,0.9999678
0,24,1,0.9999963038586797,1.0,1.0,0.9999999620561104,0.9988439,0.9837105741804526,0.981083413501173,1.0,1.0,0.8341213203059227,0.9999602115984348,1.0,0.9997100435561816,0.9999953984521693,1.0,0.99811494,1.0
0,37,1,0.9999199988291764,1.0,1.0,0.9999995596963017,0.99614406,0.9837105402892973,0.9809011544914541,1.0,1.0,0.6953248394195645,0.999957108713634,1.0,0.9990159037114171,0.9998899481163344,0.995,0.99392223,0.99999994
0,38,1,0.9999189998546647,1.0,1.0,0.9999978483774791,0.9984364,0.9837103843890906,0.9810559760685658,1.0,1.0,0.7221857113593334,0.999957108713634,1.0,0.9995883098964378,0.9999029472230412,1.0,0.9972414,0.99999946
0,39,1,0.9999903027816188,1.0,0.995,0.9999999665091974,0.9968484,0.9833950169291148,0.9809488773027081,1.0,1.0,0.7650041678081724,0.9999532597438341,1.0,0.9979596684245794,0.9999880385949791,0.995,0.99425346,1.0
0,43,1,0.9999998329399827,1.0,1.0,0.9999863633880136,0.998594,0.9837105741804526,0.9810666289102946,1.0,1.0,0.7790933884084923,0.9999602115984348,1.0,0.9996450455905974,0.9999998067055546,0.995,0.99773335,1.0
0,48,1,0.9999961497556581,1.0,0.955,0.9963872942904132,0.9932654,0.9806453209978453,0.9807050008771623,1.0,1.0,0.7569629345710457,0.9998992471024147,1.0,0.9861622086105474,0.999994567873222,0.975,0.9872449,1.0
0,57,1,0.9982114575272307,1.0,1.0,0.9999969997483432,0.99834716,0.9837101776495968,0.9810467099413329,1.0,1.0,0.686023496314423,0.9999379889458896,1.0,0.9991389051189881,0.9977809783993172,1.0,0.99695575,0.99999857
0,58,1,0.9999559095091073,1.0,1.0,0.9999974460134019,0.99848866,0.9837100556381929,0.9810594800678542,1.0,1.0,0.7531100210347681,0.999957108713634,1.0,0.9996105050373961,0.9999475816670261,1.0,0.99724776,0.9999996
0,61,1,0.999995301643294,0.0,0.89,0.9903091960014707,0.99137676,0.9751981021788463,0.9798306064349852,1.0,1.0,0.7707472505738624,0.9989157877713687,0.935,0.9679203138166325,0.999995604214166,0.91,0.9900787,1.0
0,65,1,0.9720563308393193,1.0,0.9,0.9999822340606875,0.9834562,0.9761239291165977,0.9800206250863809,1.0,0.07921987151895206,0.7037106463811852,0.9998340274786955,0.915,0.9638736898251985,0.9636398900897373,0.905,0.96511114,0.9999966
0,68,1,0.99965110021014,1.0,1.0,0.9999999990429741,0.9988514,0.9837105741804526,0.9810839303750445,1.0,1.0,0.8241007306636466,0.9999602115984348,1.0,0.9996256294370731,0.9995564389451961,1.0,0.9982059,1.0
0,71,1,0.9999840638351368,1.0,1.0,0.9999976083204736,0.9973464,0.9837105741804526,0.9809825614125337,1.0,1.0,0.8144637611899388,0.9999602115984348,1.0,0.9993320183425525,0.9999788871361245,1.0,0.9961541,1.0
0,82,1,0.9705193475664914,1.0,0.995,0.9946514777093592,0.99628603,0.983393348730223,0.9809089026742088,1.0,1.0,0.6753460520870688,0.9999379889458896,1.0,0.989114214964974,0.9613058363584562,1.0,0.9933263,0.9999953
0,84,1,0.9999999990465738,1.0,1.0,0.9962845318069874,0.9989466,0.9837105741804526,0.9810903238635272,1.0,1.0,0.8394522249297678,0.9999602115984348,1.0,0.9988077844916115,0.999999998882064,1.0,0.998331,1.0
0,103,1,0.9999859950166118,1.0,1.0,0.9999902816779433,0.9990189,0.9837105470675339,0.981095174501706,1.0,1.0,0.8569087770867585,0.9999602115984348,1.0,0.9997487960603881,0.9999835170919121,1.0,0.99838674,1.0
0,107,1,0.9999941006784321,1.0,1.0,0.9999891981824852,0.9988269,0.9837105741804526,0.9810819881849516,1.0,1.0,0.8340881835567178,0.9999602115984348,1.0,0.9997025549617732,0.9999924888035373,1.0,0.9980724,1.0
0,112,1,0.999760745833527,1.0,0.995,0.9999995263313863,0.99875283,0.983395065280249,0.9810773064558197,1.0,1.0,0.8281577283012296,0.9999540026518624,1.0,0.9983782761444082,0.9996968541150507,0.99,0.9979613,0.99999887
0,121,1,0.9701745405009329,1.0,0.8,0.9960398290759628,0.83916205,0.9651295068719965,0.9667705873801816,1.0,1.0,0.5683843339794121,0.9996129526200886,0.965,0.9013441053136498,0.9606535104160159,0.81,0.7490825,0.9999576
0,125,1,0.9946777656438802,1.0,1.0,0.9999971068801531,0.99822825,0.9837105741804526,0.9810392617474196,1.0,1.0,0.6977437405668763,0.9999379889458896,1.0,0.9982257811145212,0.9927702395283455,1.0,0.9965623,0.999999
0,126,1,0.9985327674048172,1.0,0.985,0.9999989396055142,0.9976981,0.9827458657047116,0.9810049765239404,1.0,1.0,0.7672869976772432,0.9999539800477187,1.0,0.9953074588084376,0.9981416965178697,0.99,0.9966607,0.99999976
0,130,1,0.9999998097619309,1.0,1.0,0.9962691789034438,0.9987375,0.9837105741804526,0.9810762770211544,1.0,1.0,0.8000097383806674,0.9999602115984348,1.0,0.9987516256710968,0.9999997700602223,0.99,0.9981439,1.0
0,134,1,0.9999879879863015,1.0,1.0,0.9999999781414115,0.9987797,0.9837105741804526,0.9810791128407103,1.0,1.0,0.8114694834969918,0.9999602115984348,1.0,0.9996919200588066,0.9999843832628907,1.0,0.9982059,1.0
0,136,1,0.9985336023545969,1.0,0.99,0.9999992007552847,0.9904383,0.9830735399008198,0.9805101342835356,1.0,1.0,0.6766822114822731,0.9999366242971741,0.985,0.9947427713999145,0.9980661350742535,0.99,0.98583454,0.99999976
0,141,1,0.9999987058568282,1.0,0.995,0.9999999840554701,0.9989466,0.9833950687338959,0.9810903238635272,1.0,1.0,0.8332753629926789,0.9999602115984348,1.0,0.9984863242562957,0.9999983664242278,1.0,0.998331,1.0
0,149,1,0.9989660450330284,1.0,0.96,0.9999954898627287,0.99106747,0.9810119505285883,0.9805533018410487,1.0,1.0,0.7255257405616026,0.9998119265486153,1.0,0.9875072510039457,0.9986272881334078,0.98,0.9804648,0.99999785
0,152,1,0.9954698566941345,1.0,0.905,0.999999862473165,0.9909825,0.9765746728560986,0.980547963024148,1.0,1.3422442165453387e-07,0.6691709756863653,0.9998783356310563,0.905,0.9728630480159688,0.9937397311654986,0.93,0.9839348,1.0
0,155,1,0.9989996360623973,1.0,0.985,0.9999993340148116,0.99775463,0.982745779633183,0.9810101017593771,1.0,1.0,0.7089361036526105,0.999957108713634,0.98,0.9954384008759688,0.9987350708537107,0.97,0.9962775,0.9999927
0,158,1,0.9999310493448207,1.0,1.0,0.9999998327448656,0.9983627,0.9837105674022271,0.9810508913541596,1.0,1.0,0.694964495051608,0.999957108713634,1.0,0.9995734005255879,0.9999099821212485,1.0,0.99688476,0.9999996
0,164,1,0.40417971893736665,1.0,0.71,0.4797687770073816,0.879555,0.38031030280747535,0.47552594227987033,0.0,1.1539467356489497e-14,0.4290713700975199,0.999804585999425,0.68,0.6183758707246209,0.3291936930026368,0.68,0.80487597,0.14553405
0,165,1,0.9478254216965618,1.0,0.96,0.98510320053165,0.97591364,0.9809978726653268,0.9794747352159358,0.8,1.0,0.5881799594179342,0.9991671202515487,0.915,0.9672105665162967,0.9306312463070568,0.935,0.9633889,0.99998474
0,168,1,0.999999335538014,1.0,1.0,0.9999963156781398,0.9990189,0.9837105741804526,0.981095125129268,1.0,1.0,0.8703274672342103,0.9999602115984348,1.0,0.9997536396907878,0.999999187916895,1.0,0.99838674,1.0
0,174,1,0.9789457837142902,1.0,0.985,0.9999949650090861,0.9939177,0.9827447969533316,0.9807473615575779,1.0,1.0,0.6358345736728614,0.999957108713634,0.97,0.9894646130879791,0.9732418632664532,0.99,0.9915268,0.9999999
0,177,1,0.9967883079148417,1.0,0.965,0.9999990729177252,0.99585307,0.981370525851044,0.9808813405492585,1.0,1.0,0.7520494204130278,0.9999532597438341,0.985,0.989410111819241,0.9961062732036942,0.98,0.9927676,0.99999994
0,182,1,0.7693582025646853,1.0,0.7,0.8875679282492133,0.6379253,0.9492296989634765,0.9326552404982935,0.8,4.939783207528042e-14,0.5101005833991397,0.9946129226376255,0.595,0.7487128644095217,0.7014016073746565,0.7,0.5251348,0.999887
0,195,1,0.9999994423870587,1.0,1.0,0.9999981490981216,0.9983798,0.9837105741804526,0.9810522032836614,1.0,1.0,0.7457803948770912,0.999957108713634,1.0,0.9995943545077239,0.9999993171086154,1.0,0.99689204,1.0
0,206,1,0.9989661088581843,1.0,0.95,0.9999997774798507,0.995561,0.9802715134596135,0.9808615917880047,1.0,1.0,0.7335512643646579,0.9999288623178155,0.995,0.9861317225057581,0.998707576796094,0.975,0.98984057,0.9999999
0,208,1,0.9806948826829245,1.0,0.97,0.9962095931789348,0.9973883,0.9817251540001691,0.9809785209256197,1.0,1.0,0.7158960381224545,0.999957108713634,0.99,0.986073194785434,0.9740989702697257,0.945,0.9964311,0.999994
0,212,1,0.9999999763113255,1.0,1.0,0.997452478174756,0.9989466,0.9837105267328159,0.9810902497861869,1.0,1.0,0.8364192288375818,0.9999602115984348,1.0,0.9990997653997415,0.999999972288529,1.0,0.998331,1.0
0,219,1,0.9999853903793865,1.0,1.0,0.9999999778165761,0.99800557,0.9837105741804526,0.981027020279288,1.0,1.0,0.800236194782135,0.9999539800477187,1.0,0.9994977342942833,0.9999805056874865,1.0,0.997063,1.0
0,221,1,0.9716531847842008,1.0,0.995,0.9940053107754878,0.9984394,0.9833944574273522,0.9810531750126388,1.0,1.0,0.7331905814824576,0.9999379889458896,0.995,0.9897744667863837,0.9614181217619008,0.995,0.99696285,0.99999696
0,222,1,0.9651724080189263,1.0,1.0,0.9931772541228682,0.9984963,0.9837021568772383,0.9810579074549826,1.0,1.0,0.7110681036496839,0.9999379889458896,1.0,0.9892114890408502,0.9536321026943062,1.0,0.99705744,0.9999965
0,225,1,0.9999999952232499,1.0,0.995,0.9944586514818041,0.9988439,0.9833950687338959,0.981083376449264,1.0,1.0,0.8443918412095573,0.9999602115984348,1.0,0.9970756387537476,0.9999999946954925,0.995,0.99811494,1.0
0,231,1,0.9956473160130704,1.0,1.0,0.9999985102158869,0.9983798,0.9837105707913402,0.9810509373166298,1.0,1.0,0.7182316382526712,0.999957108713634,1.0,0.9985064131936682,0.9941791328864853,1.0,0.99689204,0.99999905
0,243,1,0.9821859188172314,1.0,0.8,0.9943246742564923,0.7453261,0.9651302115447159,0.9539282519660071,1.0,1.0,0.5326257593046195,0.9978778788323933,0.865,0.8804591737134153,0.9773261633440521,0.795,0.67656195,0.9999976
0,248,1,0.9999964073432641,1.0,1.0,0.9999923652964862,0.9988965,0.9837105741804526,0.98108669380405,1.0,1.0,0.8470058740213441,0.9999424749326873,1.0,0.9997213130615947,0.9999956278521572,1.0,0.9981287,1.0
0,252,0,0.005964232918988167,0.0,0.01,0.001324342435114128,0.0044072755,0.03524871183638645,0.033158172558193436,0.0,3.7317458369016246e-17,0.31153366822403855,0.000120286355010956,0.0,0.005423962705553333,0.004286509858004691,0.015,0.0041379314,7.619915e-08
0,257,0,0.056534334965262174,0.0,0.0,0.02532177070009614,0.005243314,0.03395146400115923,0.033270161398880484,0.0,1.1968483322648417e-16,0.3376127252371836,0.00011821524033102737,0.005,0.021774854907453657,0.04097821107903141,0.015,0.004896894,4.5669905e-05
0,261,0,0.026383342373672874,0.0,0.0,0.00729831612219128,0.012807685,0.033945984433592,0.03414730727666491,0.0,2.415933258229317e-17,0.38682937252675326,0.0001629009228445947,0.01,0.01162233586159867,0.01940497109456989,0.01,0.011615042,3.0369506e-07
0,264,0,0.2543889619231267,0.0,0.04,0.13350514345894704,0.004941475,0.039457147604130736,0.033465722637929816,0.0,4.542414047737289e-16,0.38336462128109194,0.00013282545968398504,0.065,0.10820889512351622,0.19661802067253759,0.035,0.0050040577,0.00016869904
0,266,0,0.3584321791187838,0.0,0.045,0.2636985540970158,0.02548179,0.04036485731113288,0.03878177268432459,0.0,1.4956084156751369e-15,0.36608307795939365,0.00020452394922826722,0.145,0.1731531308799959,0.28433816306480414,0.03,0.027395643,0.002750949
0,273,0,0.5567023028236312,1.0,0.685,0.5799817854701151,0.55702096,0.8384564512478188,0.650746396030063,0.6,3.1918442925313365e-15,0.5180791508502264,0.9700071139888474,0.485,0.5946762626330145,0.4725884628730597,0.645,0.46313915,0.3660297
0,280,0,0.4269231940558342,0.0,0.255,0.41813101980561923,0.10415714,0.14164970725365422,0.14165619843298063,0.4,1.0147109359023718e-07,0.44286566288445367,0.0022224550651504817,0.45,0.30105283905064756,0.3547022143140482,0.24,0.07799616,0.072488695
0,291,0,0.008175229586254456,0.0,0.005,0.0016059945365246913,0.0025678058,0.03459143746083551,0.03294543312617361,0.0,5.253660222684174e-18,0.3419035023921678,0.00010342966837874704,0.005,0.004337257484566812,0.00591365809596716,0.0,0.0024924087,7.2204884e-08
0,292,0,0.025951554325066174,0.0,0.005,0.008481337237935621,0.0042147054,0.03459157130130163,0.03313660007890813,0.0,1.1203999416369692e-16,0.33376720686017375,0.00011821524033102737,0.005,0.010911899249174576,0.018967620008359904,0.0,0.0037368066,8.009373e-07
0,298,0,0.2662368548078122,0.0,0.045,0.22538484722109337,0.024829106,0.040769151895767596,0.04378013623123012,0.4,2.0572834093445678e-15,0.3650191237538503,0.0001629009228445947,0.135,0.1403627021085707,0.20498864671848424,0.05,0.023838148,0.0026892482
0,315,0,0.13380356828722462,0.0,0.53,0.08710786702409423,0.13030243,0.2175423920949831,0.05156906620012273,0.0,3.610308982402771e-11,0.46853094372706194,0.002508669162431745,0.285,0.2203034661276344,0.09809382745611794,0.53,0.115056634,0.0004180682
0,318,0,0.0014153747776956406,0.0,0.005,0.00029653921555243914,0.005127145,0.0345914212421752,0.033241745220113694,0.0,2.364706950690775e-18,0.29347636053004,0.00011821524033102737,0.005,0.0029597647426746125,0.001002174557672414,0.015,0.005257911,1.1537922e-09
0,322,0,0.07511511916033255,0.0,0.135,0.056588391403270044,0.066847056,0.05615642840241347,0.04126140714855966,0.0,2.2927668006741756e-08,0.37774727041239736,0.0026891190376292537,0.12,0.08338764167850975,0.05663038406791349,0.155,0.056492984,1.38525165e-05
0,327,0,0.003326857567158996,0.0,0.005,0.0023634510351292393,0.002999043,0.03459144156242008,0.03299521764707294,0.0,4.305837991401554e-17,0.316440648647128,9.366535082601148e-05,0.01,0.0034223379236049626,0.0023394895413852753,0.0,0.0030712222,1.1012814e-06
0,328,0,0.038192850077532765,0.0,0.275,0.020968353233981493,0.15038651,0.09316364113715316,0.054982821510066886,0.0,8.893263971908988e-17,0.44269706943717774,0.002846420311191311,0.06,0.1211369288977562,0.0280958554118921,0.265,0.14894226,0.00012573265
0,330,0,0.687032523489554,1.0,0.635,0.7932242479298638,0.7121104,0.9346999531109432,0.9445799867057395,0.6,1.111773811503664e-14,0.5261699600872833,0.9678969360148387,0.395,0.706841792904827,0.6084072531399535,0.585,0.62106514,0.9967946
0,331,0,0.03913927504946357,0.0,0.03,0.009135656703345301,0.0066359495,0.03800023970588242,0.03342322929531129,0.0,1.4057160863937078e-16,0.36039461530807976,0.000120286355010956,0.015,0.021227720308521884,0.02789584524374823,0.025,0.006267951,1.5727017e-05
0,339,0,0.3366691585864598,0.0,0.03,0.2111877021570066,0.009201094,0.038226716114124565,0.04238129427112569,0.6,2.37251091674462e-15,0.3259519692443479,0.00011821524033102737,0.12,0.14676448858007873,0.266406910914661,0.03,0.008490131,0.0016311773
0,340,0,0.005348812032789835,0.0,0.005,0.0008399839650414971,0.0024001708,0.03459143339963623,0.032926048124518686,0.0,1.2864089693729285e-18,0.35438028764574986,0.00010342966837874704,0.02,0.0033972416941717536,0.003812281512759247,0.0,0.0023268347,9.2339306e-08
0,349,0,0.0014033997194562134,0.0,0.0,0.000674009311402309,0.0022588691,0.03394595963564406,0.03290969948064299,0.0,6.526356745387942e-18,0.30839306383827236,9.366535082601148e-05,0.0,0.0010840695379274205,0.001009221868709432,0.005,0.0022511897,3.2697685e-08
0,352,0,0.03466747446707459,0.0,0.005,0.0069918184972474,0.0029266162,0.03459168590424725,0.032989400862219694,0.0,4.2832332045564975e-17,0.3554596078563779,0.00010342966837874704,0.0,0.012396477298825388,0.025375817409404772,0.0,0.0026721265,4.3411483e-06
0,360,0,0.0034157158970684154,0.0,0.0,0.002759078933028654,0.0048688496,0.03394596827657135,0.03321173418184282,0.0,5.485444149039304e-18,0.313481744305012,0.00011821524033102737,0.0,0.002760911119099287,0.002433583039291347,0.005,0.0048395386,2.7463873e-08
0,362,0,0.014677257163772751,0.0,0.005,0.004027591634331088,0.0028069895,0.03459144774441282,0.032973866822645616,0.0,7.32212482654285e-17,0.37038742587176116,9.366535082601148e-05,0.01,0.006627959568547137,0.010256548791174802,0.0,0.0026318154,1.262219e-06
0,364,0,0.04192817574209121,0.0,0.055,0.013523065751820199,0.010243925,0.04173062537408312,0.03384704188962307,0.0,2.58893596628712e-16,0.34103587905141425,0.00015181260749516661,0.02,0.030173791689969816,0.029858504866660605,0.035,0.010678392,4.2227166e-06
0,375,0,0.028309425558695377,0.0,0.0,0.006213985315443758,0.0022535932,0.033946108171831905,0.032910206177957216,0.0,2.819023097769246e-17,0.3145358062476646,0.00010342966837874704,0.0,0.009194251013151274,0.02088550064599197,0.0,0.0022493578,1.7465827e-06
0,378,0,0.003809651474601604,0.0,0.015,0.0009071140401991349,0.002462809,0.035918030438146654,0.03293323674173543,0.0,1.4969673021691062e-17,0.33317370429951704,0.00010342966837874704,0.015,0.005544893622221995,0.0027288183696314956,0.035,0.0024924087,6.263143e-08
0,387,0,0.004905751236178889,0.0,0.015,0.0010774847798179588,0.005651003,0.03591802702533232,0.0333027677327099,0.0,7.769792594300996e-18,0.30949113001187234,0.00011821524033102737,0.005,0.0066585598078647045,0.0034622015085917896,0.01,0.0056185257,8.982665e-09
0,389,0,0.0011826312354317316,0.0,0.0,0.00048489144227520056,0.0025113225,0.03394595696249295,0.03293878904768112,0.0,2.0979065812450906e-18,0.29231854715252614,0.00010342966837874704,0.0,0.0010447112940071162,0.0008631099405772446,0.0,0.0024924087,7.20917e-10
0,392,0,0.03245295999098173,0.0,0.0,0.007378242551241123,0.0068610124,0.03394605404460592,0.03344514579461531,0.0,4.1500095727202166e-17,0.339114029750831,0.00010094765690427704,0.0,0.01167305374280545,0.024375223256779568,0.0,0.0073349513,1.4081434e-06
0,396,0,0.0006161008643248126,0.0,0.01,0.000303013907802908,0.0065816264,0.035248711032423614,0.03341135962017159,0.0,3.941856892889683e-19,0.302041349210615,0.00011147104727690939,0.005,0.004375185284737909,0.00044239323514075844,0.01,0.0073349513,8.50771e-10
0,10,1,0.9999992627867357,1.0,1.0,0.9999990466117535,0.99903774,0.9845998877833967,0.9866220504433763,1.0,1.0,0.8329455636492697,0.9999778788012165,1.0,0.9997590130033088,0.9999991715861606,1.0,0.9984516,1.0
0,11,1,0.999999763151404,1.0,0.995,0.9999994165845725,0.9985876,0.984295798977356,0.9865992485482253,1.0,1.0,0.811577369547521,0.9999778788012165,1.0,0.9983966970183447,0.9999997170101663,0.99,0.9978672,1.0
0,12,1,0.9999983199726604,1.0,1.0,0.9999999815913048,0.9990115,0.9845998062385133,0.9866209432887308,1.0,1.0,0.8211551055044239,0.9999778788012165,1.0,0.9997524545337526,0.9999978881809313,1.0,0.9983614,0.9999999
0,13,1,0.9986722683048189,1.0,1.0,0.9999998073451778,0.99795204,0.9845995094115478,0.9865662949996178,1.0,1.0,0.7009471635830115,0.9999728723939779,1.0,0.9991560299150397,0.9982242317845119,1.0,0.9969392,0.9999984
0,15,1,0.9999998602098383,1.0,0.995,0.9999973945905677,0.99824,0.9842958754560005,0.9865813234349502,1.0,1.0,0.7970012135810902,0.9999778788012165,1.0,0.9983093122123696,0.9999998392773383,1.0,0.99686086,1.0
0,20,1,0.999999888315229,1.0,1.0,0.9999974623387815,0.9986601,0.984599108196919,0.986602962839665,1.0,1.0,0.811577369547521,0.9999778788012165,1.0,0.9996643595598649,0.9999998644063828,1.0,0.99800867,0.99999994
0,30,1,0.995193484628856,1.0,1.0,0.9999964186451502,0.99709713,0.9845981915622936,0.9865217185632346,1.0,1.0,0.6402136378685116,0.9999079050668697,1.0,0.9980717594660389,0.994152434132861,1.0,0.99589854,0.9999963
0,33,1,0.9999650051017165,1.0,1.0,0.9999984027611433,0.9984794,0.9845982307079304,0.9865936263232851,1.0,1.0,0.7806806127628524,0.9999728723939779,1.0,0.9996107084424987,0.9999536953327381,1.0,0.9977858,0.99999994
0,44,1,0.9999998661527371,1.0,1.0,0.9999996739485205,0.9986601,0.984599822547524,0.986602962839665,1.0,1.0,0.8309289205157802,0.9999778788012165,1.0,0.9996649069216766,0.9999998392443553,1.0,0.99800867,0.9999999
0,51,1,0.9999856589009207,1.0,1.0,0.9999999767180102,0.9985934,0.9845998584272876,0.9865995233896682,1.0,1.0,0.8136706820054043,0.9999778788012165,1.0,0.9996447564017191,0.9999808624127225,1.0,0.99790037,1.0
0,52,1,0.9925827937834657,1.0,0.985,0.99998451883422,0.9974821,0.9836566538397853,0.9865326482012509,0.8,4.8401400320296886e-08,0.7149797838096476,0.9999714756969597,0.95,0.9937623584021097,0.9890519100015889,0.99,0.99597734,0.9999296
0,56,1,0.9999999604140024,1.0,1.0,0.9999916580447951,0.99864143,0.9845998812598218,0.9866019699211613,1.0,1.0,0.7916534709843592,0.9999778788012165,1.0,0.999658262447608,0.9999999587304297,1.0,0.9978672,1.0
0,59,1,0.9999622089112198,1.0,1.0,0.9999997795384884,0.9984794,0.984599822547524,0.9865936465410147,1.0,1.0,0.7485997773320321,0.9999728723939779,1.0,0.9996103535892108,0.999947003825087,1.0,0.9977858,1.0
0,60,1,0.9905079339212082,1.0,1.0,0.9999934987550075,0.9977223,0.9845986482552963,0.9865532762549118,1.0,1.0,0.682560419483756,0.9999079050668697,1.0,0.9970559400963535,0.987315940432703,1.0,0.9969216,0.9999996
0,66,1,0.9995921377964423,1.0,0.995,0.9999984008671063,0.99709713,0.9842878398700649,0.9865221424719385,1.0,1.0,0.6802172253105397,0.9999221048741564,1.0,0.9979219183134244,0.9994850058752275,1.0,0.99589854,0.9999984
0,69,1,0.5928527718932299,1.0,0.785,0.9861219644631423,0.9423548,0.9645640088669541,0.983368281785903,1.0,1.0,0.5321690948677829,0.9987057232801912,0.75,0.8265823836683319,0.5417375744828326,0.8,0.89562064,0.99988204
0,74,1,0.9999998131307636,1.0,1.0,0.9999990451022939,0.9986601,0.9845995974816746,0.9866029772709828,1.0,1.0,0.811577369547521,0.9999778788012165,1.0,0.9996647364546266,0.9999997676427972,1.0,0.99800867,1.0
0,83,1,0.9967888045182751,1.0,0.965,0.9999983424240605,0.9828469,0.9823417674386449,0.985762511447004,1.0,1.0,0.7103379814951888,0.999441577387552,1.0,0.9861585156660572,0.9955515635173035,0.95,0.97257656,0.99999744
0,88,1,0.999998220057268,1.0,1.0,0.9999977915290723,0.99868983,0.9845998910451833,0.9866045152407775,1.0,1.0,0.7733752780535644,0.9999764117494154,1.0,0.9996714604723831,0.9999976441696814,1.0,0.99803704,1.0
0,95,1,0.9987930003363505,1.0,0.92,0.9999996124198026,0.97210395,0.9789610427722999,0.9851634704207606,1.0,1.0,0.7103379814951888,0.9993962732732434,1.0,0.9727241415294161,0.9982710543953971,0.91,0.96084464,0.99999845
0,98,1,0.9999997509589728,1.0,1.0,0.9947741856489037,0.9978537,0.9845998682126633,0.9865613671375036,1.0,1.0,0.6835108327204678,0.9999728723939779,1.0,0.9981569082385399,0.9999996279339479,1.0,0.996951,1.0
0,111,1,0.9999999599385665,1.0,1.0,0.9999999056567445,0.9986601,0.9845998616890803,0.9866028935691254,1.0,1.0,0.7916534709843592,0.9999778788012165,1.0,0.99966498829519,0.9999999527167358,1.0,0.99800867,1.0
0,113,1,0.986924990578516,1.0,0.995,0.9999978244733665,0.99599314,0.9842953733503784,0.9864636391351548,1.0,1.0,0.6854946779452055,0.9999563868867141,1.0,0.9944789881028754,0.9820792311713598,0.995,0.9939213,0.9999994
0,122,1,0.999989399641459,1.0,1.0,0.9999948123407671,0.99795204,0.9845997801440607,0.9865664570658618,1.0,1.0,0.7009471635830115,0.9999728723939779,1.0,0.9994840639980971,0.9999870872807207,1.0,0.9969392,1.0
0,133,1,0.9993786541315985,0.0,0.865,0.9949591924522243,0.9969428,0.9739597593611421,0.986514174705419,1.0,1.0,0.7899952590059551,0.9955379955184244,0.94,0.964070166187162,0.9992718958887999,0.875,0.9960473,1.0
0,146,1,0.999957770885636,1.0,0.93,0.9999964585782483,0.9797937,0.9797643486611824,0.9855954032601226,1.0,1.0,0.7455182327874408,0.9994272929506689,1.0,0.9774369892154507,0.9999460999552482,0.92,0.9664677,0.9999997
0,147,1,0.9999999761808135,1.0,1.0,0.99999849951362,0.9986034,0.9845998616890803,0.9865998806106838,1.0,1.0,0.7747570153374559,0.9999787375733586,1.0,0.9996504698156753,0.9999999674866213,1.0,0.9978672,1.0
0,157,1,0.9967226678704428,1.0,0.985,0.9999994897769522,0.9966202,0.9836698660178506,0.9864974311309684,1.0,1.0,0.6113856482549607,0.9999086530025765,0.99,0.9945855839675128,0.9957291165469233,0.985,0.99509025,0.9999985
0,161,1,0.9999224254896043,1.0,0.94,0.9999980895253482,0.9934062,0.980535712371392,0.9863295888526976,1.0,1.0,0.7630779631937513,0.9999302672010876,1.0,0.9833316728955075,0.999907641520635,0.955,0.99065745,0.9999997
0,173,1,0.9944693242224534,1.0,0.925,0.9971285174981115,0.9884813,0.9793632313762153,0.9860473292462364,1.0,1.0,0.6847679377673493,0.9997952898593836,0.94,0.9762697812271077,0.9924959167357008,0.945,0.98000354,0.99974996
0,175,1,0.9998960607965853,1.0,0.955,0.9999847161065112,0.99493885,0.9816401795293966,0.9864097259369768,1.0,1.0,0.6337434161384907,0.9999496889146269,0.99,0.9874549068264822,0.9998568556029649,0.935,0.99103934,0.9999976
0,180,1,0.9999963499351711,1.0,1.0,0.9999961432569093,0.9989373,0.9845998910451833,0.9866172458707103,1.0,1.0,0.8308369602297473,0.9999778788012165,1.0,0.999732450495095,0.9999956022567772,1.0,0.99832135,1.0
0,186,1,0.991579990857976,0.0,0.735,0.9999991542808607,0.85143775,0.957040416637142,0.9764599263497596,1.0,1.0,0.48596485718344545,0.28764354178905566,0.92,0.8945042231543304,0.9891790699575809,0.74,0.82214874,0.9999986
0,187,1,0.9996772865946397,1.0,0.99,0.9999999881789486,0.9965172,0.9839848948561094,0.9864921117658194,1.0,1.0,0.7633743931551008,0.9999281501209637,1.0,0.9965486140425182,0.9995312887312139,0.995,0.9935341,0.9999983
0,192,1,0.953241365532967,1.0,0.88,0.9922311458803964,0.9683973,0.9753333879963131,0.9849253726515433,1.0,8.871207941868532e-10,0.6243023899626258,0.9973497789797803,0.88,0.9484674576825569,0.9285447779443137,0.89,0.9480709,0.9947368
0,197,1,0.999997847681882,1.0,0.995,0.9999990235392634,0.9978745,0.9842957524249581,0.9865624507407708,1.0,1.0,0.6835108327204678,0.9999728723939779,0.995,0.9982178423971138,0.9999970789479143,1.0,0.9971083,1.0
0,199,1,0.9999192634948907,1.0,0.98,0.9999998671541895,0.9961576,0.9833478540309623,0.9864732240842793,1.0,1.0,0.7425565332002061,0.9999714756969597,0.985,0.9940191793059087,0.9998814694345677,1.0,0.9941094,0.9999997
0,200,1,0.9843994272881289,1.0,0.97,0.9999825766645192,0.9967548,0.9826838145430025,0.9864988515525028,1.0,1.0,0.6800953677821746,0.9999730927211129,0.99,0.9877842072669629,0.9790884150137918,0.98,0.9949903,0.99996746
0,205,1,0.9762887211266345,1.0,1.0,0.9948106657726805,0.99805826,0.9845986091107041,0.9865674695879015,1.0,1.0,0.713894301445412,0.9998616034445216,1.0,0.9922894115966168,0.9679252747133104,1.0,0.99726117,0.9999966
0,207,1,0.9989663251205985,1.0,0.995,0.9999996588740595,0.9977198,0.9842952802429638,0.9865540766700654,1.0,1.0,0.7618280883240606,0.9999714756969597,0.99,0.9979214520771938,0.9985870456100068,1.0,0.99628854,0.9999992
0,209,1,0.71455892421852,1.0,0.88,0.8179795151679252,0.9857253,0.9718422644653113,0.982266186667248,0.6,2.3414746749007214e-09,0.6317581992884868,0.9993806996561482,0.765,0.8495659307522967,0.6362643249746066,0.875,0.97229576,0.9907465
0,210,1,0.999999996339956,1.0,1.0,0.9999974739159931,0.9986601,0.9845998910451833,0.9866029743847206,1.0,1.0,0.7916534709843592,0.9999778788012165,1.0,0.9996643894603496,0.999999995785317,1.0,0.99800867,1.0
0,211,1,0.967931097993768,1.0,0.95,0.9938618373056839,0.99442345,0.9812569886752918,0.9863723150248012,1.0,6.481645615676784e-08,0.6577245461972461,0.9996996241542128,0.885,0.9765540960847278,0.950010737075284,0.935,0.9927424,0.99850786
0,218,1,0.9414739933582735,1.0,0.97,0.9874930012876535,0.9946273,0.9825377563345471,0.9863314561260069,0.6,6.312755489292995e-12,0.7164989339002604,0.9998844983316713,0.925,0.9733985728926295,0.9138779684580277,0.97,0.9897273,0.9983215
0,220,1,0.9914769524090239,1.0,0.995,0.9999993469181033,0.9974821,0.9842942061431557,0.9865418274343332,1.0,0.00044120038614486,0.7410871953723035,0.9999714756969597,0.99,0.9959896050794701,0.98784013386154,1.0,0.99597734,0.99999607
0,226,1,0.9999999981989443,1.0,1.0,0.9999915087675103,0.9983071,0.9845998486419056,0.9865847832362608,1.0,1.0,0.8319124882548387,0.9999778788012165,1.0,0.999574653961386,0.9999999978991783,0.995,0.99711704,1.0
0,236,1,0.9990498492147809,1.0,1.0,0.9999998724159562,0.99795544,0.9845996464093084,0.9865663084356043,1.0,1.0,0.7235580789304649,0.9999728723939779,1.0,0.999251290776413,0.9986839769882603,1.0,0.9971083,0.99999964
0,238,1,0.9999679261148651,1.0,1.0,0.9999825523238325,0.99795544,0.9845998095003168,0.9865666325658442,1.0,1.0,0.7113369798568606,0.9999728723939779,1.0,0.999476479978403,0.9999611794209288,1.0,0.9971083,1.0
0,239,1,0.9966974293026817,1.0,0.995,0.9999998953106508,0.99842525,0.9842939068455023,0.9865906855071417,1.0,1.0,0.7874981374326502,0.9999778788012165,0.975,0.9975306424745917,0.995335445243357,1.0,0.9975811,0.99999803
0,241,1,0.9952446916344105,1.0,0.97,0.9999968979062002,0.9980021,0.9826836278575761,0.9865591149212746,1.0,0.6176902890682929,0.7454608807227456,0.9999778788012165,0.935,0.9908109253630961,0.9933621600262198,0.98,0.99662685,0.99998504
0,251,0,0.0015376664891709319,0.0,0.0,0.002015693285813266,0.0020142414,0.031599783933026045,0.0373643724907825,0.0,8.356208840718172e-18,0.32300265757101154,0.00018031760361445073,0.0,0.0013919002972822084,0.0010970875273421084,0.01,0.0021885962,2.8688712e-08
0,258,0,0.09600370003460859,0.0,0.005,0.02954650306511118,0.0037495526,0.03278560458239206,0.038123040884209834,0.0,2.1125624815085104e-16,0.3627466715358628,0.00018031760361445073,0.025,0.03357493893705857,0.06679562152437037,0.01,0.00384317,0.00024897128
0,265,0,0.07710952407027123,0.0,0.015,0.05757067885135366,0.0021251875,0.03388981203086316,0.037578908899179954,0.0,5.890313302317184e-16,0.3402139954203019,0.00018031760361445073,0.025,0.03795134761644426,0.05530199851469131,0.005,0.0022537285,0.00014208599
0,268,0,0.14008634818023152,0.0,0.31,0.12732218065471457,0.12119279,0.10261318174174158,0.058568623721719046,0.0,4.9823580059218934e-08,0.44254194821673487,0.005191461189592492,0.265,0.17465032985070525,0.10615140907864948,0.315,0.11924957,0.00032497474
0,276,0,0.012159814526560475,0.0,0.195,0.00821194270558125,0.051191542,0.06612830174169884,0.04491961484251364,0.0,3.4907403409893882e-12,0.42013148204066514,0.0031756101161184934,0.07,0.06664082488243586,0.00892761979833405,0.215,0.049297683,6.568105e-07
0,277,0,0.008282261507444792,0.0,0.015,0.0021268266093263295,0.004057776,0.03347898070273355,0.0376546149776029,0.0,3.5430261081121754e-17,0.3260640145324882,0.00018031760361445073,0.005,0.0073667160749152655,0.005951095767139324,0.015,0.004422659,1.5796076e-06
0,284,0,0.0007162829955349665,0.0,0.005,0.0010218555716395143,0.004170454,0.032212122822970514,0.03766774979506376,0.0,2.7518582047676674e-19,0.3162321614709373,0.0002707371173045799,0.0,0.0027271481685998554,0.0005109146908938547,0.005,0.0049910685,3.1921519e-09
0,294,0,0.04230690541550003,0.0,0.005,0.01875115968265293,0.004004593,0.03236125063251227,0.037724696770333424,0.0,9.884695676326607e-17,0.3105565686822248,0.00018031760361445073,0.0,0.01751566452635487,0.0305380009832727,0.005,0.004553973,0.00015122279
0,302,0,0.07541248731437791,0.0,0.05,0.015377423551697258,0.0063720816,0.038375038770317664,0.03805981955923681,0.2,1.2645263439536494e-16,0.3666796839349839,0.0006380745912187472,0.1,0.03679049811189458,0.0553572368805206,0.07,0.007979641,4.1881813e-05
0,304,0,0.1463888508625378,0.0,0.115,0.07988079014068758,0.0148586165,0.04971434241300581,0.040123252326532376,0.0,1.2211984198263923e-15,0.3203569858096478,0.00590118599631036,0.07,0.08903206437980488,0.1028632242086628,0.07,0.009980182,6.030243e-05
0,305,0,0.017524740567921058,0.0,0.005,0.009091080036761255,0.005520601,0.03229154135476411,0.03788293590681291,0.0,2.134464923563472e-17,0.43281266898450516,0.00018031760361445073,0.02,0.009284105357557621,0.012246144862230168,0.0,0.006095693,1.497944e-05
0,306,0,0.023865202972948515,0.0,0.03,0.012992990124303438,0.0070220088,0.03547713713639488,0.03807824676585828,0.0,1.1721123243946093e-17,0.40190462212424233,0.0002707371173045799,0.02,0.018470050465685204,0.017114432253366466,0.03,0.0055865995,5.271422e-07
0,313,0,0.017257365796657407,0.0,0.015,0.006604276297307357,0.0025440147,0.03351774029595072,0.0374444539829473,0.0,1.757612228580215e-17,0.3917905242045111,0.00018031760361445073,0.02,0.010351414202155755,0.012281783656326902,0.005,0.0027524042,2.3287853e-06
0,317,0,0.08391370179931877,0.0,0.005,0.015943364440049956,0.0066378517,0.03235848906468969,0.0381233472266997,0.0,6.252580223498556e-17,0.4270804499437376,0.0006380745912187472,0.055,0.02787372948675151,0.06102718005737768,0.0,0.008439923,4.2389463e-05
0,321,0,0.10671611335662355,0.0,0.0,0.043906304556391676,0.0020501942,0.03444622865953844,0.04005796254462397,0.2,5.417440861134542e-16,0.3286651460258898,0.00018031760361445073,0.07,0.03816815302595758,0.07790907354574673,0.01,0.0022778627,0.010391647
0,333,0,0.0040157143155284385,0.0,0.02,0.0070876984677756385,0.0067161242,0.03412273645081536,0.03802923627330894,0.0,1.423874818401493e-17,0.32747451550283657,0.0002707371173045799,0.005,0.009454884257765913,0.002978992525089167,0.025,0.0050967247,3.82834e-09
0,343,0,0.001493923920302589,0.0,0.015,0.0009855653144606557,0.0040210513,0.03347374258547859,0.037646805306425675,0.0,1.2158518040116613e-18,0.28727138362519067,0.00018031760361445073,0.0,0.005375135143642093,0.001072128523694308,0.01,0.0038389496,1.4081561e-08
0,346,0,0.02807017182198421,0.0,0.21,0.02561616157093565,0.08354306,0.06991183763978358,0.05064100866611974,0.0,2.7268204571206036e-09,0.39425228525815603,0.0021047912062350637,0.07,0.08680734890075072,0.021592981859466648,0.22,0.07340062,2.4427595e-07
0,351,0,0.02642206086305747,0.0,0.025,0.028223927037776913,0.005476552,0.035166034390136,0.03786928276320324,0.0,6.895253351900697e-16,0.36916313853412147,0.00018031760361445073,0.055,0.02128063499064274,0.018724432758573113,0.045,0.005516641,7.32412e-06
0,357,0,0.043814939724636695,0.0,0.02,0.026546655289025778,0.003710359,0.03623912323267527,0.03821958838411342,0.0,4.654070262933529e-16,0.3786461970159175,0.00018031760361445073,0.055,0.023517988528944378,0.029376820315438992,0.015,0.0042087617,0.0040037753
0,359,0,0.0077531860244939585,0.0,0.01,0.0036513013449824693,0.0034235027,0.03283884887161028,0.03756291930891557,0.0,1.797372375824543e-16,0.27535067389220774,0.00018031760361445073,0.015,0.006206997509553698,0.00589032463852746,0.01,0.003065532,4.8690215e-08
0,366,0,0.010050302140148947,0.0,0.02,0.005197363705348813,0.0035149506,0.034200236903044176,0.03758938128643463,0.0,6.906917446353445e-17,0.3674988433111807,0.00017351091479469126,0.015,0.00969065411870537,0.00668710275665648,0.015,0.003602985,9.168956e-06
0,367,0,0.0002793130243392388,0.0,0.0,0.0008801332314555111,0.003576409,0.0315987106112373,0.03758388708581453,0.0,2.4776482754864885e-19,0.32388237505053724,0.00018031760361445073,0.0,0.0011839638318696583,0.0002050322773061656,0.005,0.004036141,4.4570736e-10
0,369,0,0.1809446439103712,0.0,0.01,0.109751623408554,0.0022066275,0.042194699342259966,0.03846955731223887,0.4,2.0925285288458338e-15,0.3434029504455795,0.00018031760361445073,0.095,0.07572572370781898,0.13339674463184995,0.005,0.002416997,0.002835614
0,373,0,0.030821300976952785,0.0,0.01,0.007083656497662303,0.0022066275,0.032968108737648875,0.03752284511089356,0.0,6.001150048064655e-17,0.35060733763826,0.00018031760361445073,0.015,0.012527896246741442,0.021333996212011933,0.005,0.0025986938,2.3904055e-05
0,380,0,0.04118115299210013,0.0,0.005,0.006020848628255421,0.006074326,0.03225489079309761,0.03799482272785589,0.0,7.699857878100071e-17,0.4224549064588185,0.00018031760361445073,0.045,0.014569081933305488,0.029614500598737954,0.005,0.006507266,7.143135e-05
0,381,0,0.0006249654411053321,0.0,0.0,0.00045966524425722095,0.0023112833,0.03159870722220716,0.03740593212363201,0.0,6.091216967357765e-19,0.3021836847827363,0.00018031760361445073,0.0,0.000848978485555285,0.00045827451517252286,0.0,0.0022977171,8.6504925e-10
0,385,0,0.009927138808071794,0.0,0.0,0.0015033219855440916,0.0024264338,0.03160360591887787,0.037423989915079156,0.0,8.626903970198686e-18,0.3572435347917358,0.00018031760361445073,0.0,0.0034642236590612697,0.007186260986902618,0.0,0.0026081372,8.9752234e-07
0,395,0,0.02196913835874578,0.0,0.005,0.007871130082414779,0.0022785196,0.032217202152543624,0.03740355031880435,0.0,2.302362019787037e-16,0.3238448027319912,0.00018031760361445073,0.005,0.009279697000668705,0.016223363980865782,0.0,0.0023471676,2.3834644e-07
0,399,0,0.0015306488452990505,0.0,0.0,0.001267874636951163,0.0036401402,0.03159930620443233,0.03759316317328955,0.0,1.3637177103755076e-18,0.3449914583949537,0.00018031760361445073,0.0,0.0016096659140517413,0.0010567991551063485,0.0,0.0036843996,2.6345583e-08
1,3,1,0.9999999898647093,1.0,1.0,0.9999822339245412,0.9988445,0.9840548481714679,0.9824389806788971,1.0,1.0,0.8146034445496245,0.9999678358264392,1.0,0.9997066820364087,0.999999986529581,1.0,0.9981548,1.0
1,7,1,0.9993870627711676,0.0,0.915,0.9999991829368186,0.98345655,0.9780832641321049,0.9814466584983188,1.0,1.0,0.7718469488655565,0.9952721876588039,0.95,0.9744606994341606,0.9992211583468947,0.95,0.96969384,0.9999991
1,11,1,0.9999997449823095,1.0,1.0,0.999999027008684,0.9989009,0.9840548481714679,0.9824425192396841,1.0,1.0,0.8344231884953265,0.9999678358264392,1.0,0.9997249155853338,0.999999689309473,1.0,0.9982514,1.0
1,14,1,0.9999999996528675,1.0,0.995,0.9999976302588252,0.99899,0.9837528514349625,0.9824481099349468,1.0,1.0,0.8357949264421113,0.9999678358264392,1.0,0.9984969073014934,0.9999999995514022,1.0,0.99830914,1.0
1,15,1,0.9999999173236194,1.0,1.0,0.999995084808153,0.9982876,0.9840548305295702,0.9824039950755309,1.0,1.0,0.8355881989403361,0.9999678358264392,1.0,0.999570655073005,0.9999999016034234,0.995,0.9966493,1.0
1,21,1,1.0,1.0,1.0,0.9930157296332998,0.99852437,0.9840548481714679,0.9824188769008251,1.0,1.0,0.7295596226891924,0.9999138113313957,1.0,0.9978850243606489,1.0,1.0,0.9975435,1.0
1,23,1,0.9886616097592582,1.0,0.99,0.9999993099445449,0.9959151,0.9834429868415284,0.9822539783433565,1.0,0.00019627386273224847,0.6727845298868665,0.9996362285497477,0.995,0.9936440086458528,0.9844822929154632,0.995,0.9944719,0.9999975
1,33,1,0.999926521257116,1.0,1.0,0.9999976457547647,0.9985562,0.9840548481714679,0.9824208766867445,1.0,1.0,0.7812869049085264,0.9999138113313957,1.0,0.9996200909253716,0.9999074074233054,1.0,0.9975292,1.0
1,44,1,0.9999998789492477,1.0,1.0,0.9999993827553079,0.99899,0.9840548481714679,0.9824481099349468,1.0,1.0,0.8465552070011325,0.9999678358264392,1.0,0.9997473152497092,0.9999998571396602,1.0,0.99830914,1.0
1,58,1,0.9999572887231083,1.0,1.0,0.99999750262561,0.9985134,0.9840548375863315,0.9824181761877043,1.0,1.0,0.7812869049085264,0.9999138113313957,1.0,0.9996170479758438,0.9999486757931162,1.0,0.9974139,0.99999905
1,72,1,0.999999499811891,1.0,1.0,0.9999999051835466,0.9989814,0.9840548481714679,0.9824475715092977,1.0,1.0,0.846777775421025,0.9999678691818364,1.0,0.9997452053052177,0.9999993970457589,1.0,0.99830914,1.0
1,75,1,0.998173214077612,1.0,0.945,0.9999999548816633,0.99468094,0.9804062310814625,0.9821757476836961,1.0,0.9965585718083804,0.7405383427962243,0.9999333680702255,0.96,0.984463527516041,0.9973543416951051,0.935,0.99166757,0.99999976
1,78,1,0.9975199927191801,1.0,0.995,0.9999992935570269,0.9972306,0.9837508134541337,0.982337279965198,1.0,1.0,0.7005684420221643,0.9999138113313957,1.0,0.997437468916502,0.9967142992825284,1.0,0.994447,0.9999997
1,79,1,0.9989224767756273,1.0,0.935,0.9999995391469397,0.9913858,0.9796586945866167,0.9819646494326053,1.0,1.0,0.7127383902669903,0.9998902637682102,0.995,0.9813269583625845,0.9986092447430152,0.97,0.98837274,0.9999993
1,86,1,0.7892735894586409,1.0,0.985,0.8785434422407639,0.99707067,0.982746143226042,0.9790205866749166,0.6,4.2219437806153144e-05,0.6312315928094184,0.9995962454600724,0.89,0.9124719254568183,0.7279619543395517,0.995,0.9948485,0.87091166
1,92,1,0.999999058997455,1.0,0.995,0.9999999824924769,0.9989009,0.9837528442467595,0.9824425192396841,1.0,1.0,0.8225390738794035,0.9999678358264392,1.0,0.9984749829600684,0.9999988196433333,1.0,0.9982514,1.0
1,94,1,0.997285317411706,1.0,0.985,0.9999998593339512,0.99711263,0.9831251465617921,0.9823296698846332,1.0,5.557846846513568e-05,0.6966408723833032,0.9999607311169758,0.98,0.994849452135862,0.9961465586329028,0.98,0.99511296,0.9999984
1,96,1,0.9994414171909576,1.0,1.0,0.9999999971420197,0.9989323,0.9840548199444225,0.982444490206076,1.0,1.0,0.7926360366804114,0.9999650587650285,0.985,0.9995934290827789,0.9992485855752296,0.995,0.9980196,1.0
1,103,1,0.9999942438515829,1.0,1.0,0.9999940312620121,0.99901175,0.9840547634901842,0.9824494746217379,1.0,1.0,0.838308818627328,0.9999678358264392,1.0,0.9997500075258048,0.9999930672692945,1.0,0.99834204,1.0
1,106,1,0.9999949280227006,1.0,1.0,0.999999759277291,0.9983942,0.9840547881889375,0.9824105139190891,1.0,1.0,0.7113316565279502,0.9999138113313957,1.0,0.9995972196412745,0.9999929543732577,1.0,0.9973943,1.0
1,113,1,0.9917249651421867,1.0,0.99,0.999998798312569,0.9959151,0.9834451250180156,0.9822541577869929,1.0,1.0,0.6734649802622151,0.9996850617111551,0.98,0.9944097195835909,0.9887669306122668,0.99,0.9943626,0.9999986
1,114,1,0.9991896230606528,1.0,1.0,0.9999931777934192,0.9989641,0.9840548375863315,0.9824462904198753,1.0,1.0,0.8184568653210272,0.9999633291735507,0.995,0.999536718031969,0.9989772937026331,1.0,0.998016,0.9999997
1,116,1,0.9994222643423187,1.0,0.945,0.999991122146039,0.99557894,0.9804063563516636,0.9822328322776085,1.0,1.0,0.7573620260279279,0.9991751049584239,0.99,0.9849980827928582,0.9992841714887826,0.965,0.9931632,0.9999998
1,120,1,0.9244335280597044,1.0,0.935,0.992570008588705,0.99535584,0.979657471221351,0.9821522754378456,0.8,1.0,0.5876732291454801,0.9995962454600724,0.83,0.9618398452865226,0.8999991899383852,0.945,0.99249846,0.9997316
1,137,1,0.9999920800724554,1.0,1.0,0.999999995476238,0.99899,0.9840547917173278,0.9824480983577747,1.0,1.0,0.8311494438391024,0.9999678358264392,1.0,0.9997455187107436,0.9999898917106561,1.0,0.99834204,0.9999998
1,141,1,0.9999994344708404,1.0,1.0,0.9999999894313907,0.99899,0.9840548305295702,0.9824481099349468,1.0,1.0,0.8144131946638883,0.9999678358264392,1.0,0.9997473557991281,0.9999992662171973,1.0,0.9983517,1.0
1,145,1,0.9999999998346318,1.0,1.0,0.9937537111311157,0.99899,0.984054841114711,0.9824481099349468,1.0,1.0,0.8465552070011325,0.9999678358264392,1.0,0.9981859275650071,0.999999999825316,1.0,0.99831885,1.0
1,148,1,0.9999999673104678,1.0,1.0,0.9930180726487273,0.99825794,0.9840548481714679,0.982402128354781,1.0,1.0,0.7092699965298586,0.9997818150799148,1.0,0.9978189937515862,0.9999999640668362,1.0,0.9976006,1.0
1,149,1,0.9992347212273466,1.0,0.93,0.9999967193604491,0.9844275,0.979276649824857,0.9815108673273448,1.0,1.0,0.7293860754719633,0.9776034146998759,0.995,0.9784147380699607,0.998989900733517,0.925,0.96943057,0.9999965
1,150,1,0.6777847346263184,1.0,0.89,0.9086516207034255,0.975493,0.9758957608692189,0.9809048677744592,1.0,1.0,0.6603671384250073,0.9945801070925584,0.765,0.8629823422971348,0.6068432276157458,0.895,0.9465189,0.93509984
1,151,1,0.9979520976778602,1.0,1.0,0.999999418297919,0.99742246,0.9840548128876535,0.9823494717654997,1.0,1.0,0.7298726325169635,0.9999138113313957,0.995,0.998843493179278,0.9972555423011721,1.0,0.9949591,0.9999999
1,158,1,0.9999097760914244,1.0,1.0,0.9999998309052137,0.998312,0.9840548481714679,0.9824054970940681,1.0,1.0,0.7367862960448036,0.9999138113313957,1.0,0.9995554008641497,0.9998834305518884,1.0,0.9973712,0.9999998
1,161,1,0.9998188510354027,1.0,0.925,0.999995789258555,0.991295,0.9788861017111864,0.9819588239258017,1.0,1.0,0.7572406638784304,0.999547675119548,0.99,0.9790274050857728,0.9997865547247703,0.935,0.9874614,1.0
1,164,1,0.41155691402342554,1.0,0.705,0.44898732571460864,0.89226794,0.40653899616361255,0.5239079944082409,0.0,2.972337170628178e-14,0.5185899795931511,0.9989748137877292,0.66,0.6144530455416557,0.330937612542361,0.72,0.8457815,0.014969015
1,169,1,0.9999945664552538,1.0,0.995,0.9999999960836051,0.9975229,0.9837528370585531,0.9823558405630067,1.0,1.0,0.7792095646948956,0.9999701820328724,1.0,0.9981293632766596,0.9999928402099765,1.0,0.9961475,1.0
1,171,1,0.9999991531935571,1.0,1.0,0.9999937208006712,0.99852437,0.9840548375863315,0.982418807324058,1.0,1.0,0.7516141837604277,0.9999138113313957,1.0,0.999629310450881,0.9999987642670138,1.0,0.99757737,0.99999297
1,175,1,0.9999844070803784,1.0,0.965,0.9999832907314343,0.9950971,0.9818191175872545,0.9822022318663677,1.0,1.0,0.6788221346585962,0.9998672211078132,0.99,0.9900161996366308,0.9999768242820966,0.965,0.99446905,0.9999761
1,185,1,0.7687592347848222,1.0,0.76,0.8435825944989706,0.97172695,0.9591577838745967,0.9802441693946272,0.6,1.027712097562831e-05,0.6446807646119206,0.9941301341157202,0.8,0.8360171958167749,0.7005415158553898,0.79,0.94602746,0.8473627
1,187,1,0.9993021599945628,1.0,0.975,0.9999999041764572,0.9965959,0.9824872004681106,0.9822972377255833,1.0,1.0,0.7837532009779976,0.9999333680702255,0.995,0.9927244958258131,0.9990463715322168,0.975,0.9943961,0.99999976
1,197,1,0.9999996231582867,1.0,0.99,0.9999979534822797,0.99852437,0.983445220204492,0.9824188691700865,1.0,1.0,0.7295596226891924,0.9999138113313957,1.0,0.9971304861124656,0.999999473437048,0.995,0.9975435,1.0
1,201,1,0.9999131870751994,1.0,1.0,0.9999999757439697,0.9983942,0.9840547917173278,0.9824106763396687,1.0,1.0,0.7113316565279502,0.9999138113313957,1.0,0.9995768385210688,0.9998840512806424,1.0,0.99743015,0.99999964
1,206,1,0.9995420571283473,1.0,0.895,0.9999999195993262,0.9918411,0.9763860877293108,0.9819939409623681,1.0,1.0,0.6781839548181184,0.9995073981243842,0.99,0.9715957636330598,0.9994192411537729,0.925,0.9893099,0.99999905
1,210,1,0.9999999981932037,1.0,1.0,0.9999913766430867,0.99899,0.9840548481714679,0.9824481099349468,1.0,1.0,0.8357949264421113,0.9999678358264392,1.0,0.9997453435326429,0.9999999979222107,1.0,0.99830914,1.0
1,216,1,0.9849267982838504,1.0,0.995,0.9999984555359097,0.99727374,0.983752416543046,0.9823401045308461,1.0,3.39888119001812e-05,0.7129576614250266,0.9997293744241251,0.975,0.9942997492430946,0.9791211704020999,0.995,0.995937,1.0
1,221,1,0.9769105050497469,1.0,1.0,0.9952718389771338,0.9982064,0.984050571213603,0.9823978870894599,1.0,1.0,0.7092699965298586,0.9997096539562581,1.0,0.992597180264075,0.9692017166479096,1.0,0.997474,0.9999957
1,226,1,0.9999999973595814,1.0,1.0,0.9999889283830325,0.99832314,0.9840548481714679,0.9824062288872983,1.0,1.0,0.8392103127118007,0.9999678358264392,1.0,0.999578017067787,0.9999999969823181,1.0,0.9965011,1.0
1,234,1,0.9984518640183867,1.0,0.885,0.9999894195860447,0.97463983,0.9754916446758121,0.9808535150589657,1.0,1.0,0.7126916305530807,0.999844742383416,0.98,0.9645202791444779,0.998081592257567,0.885,0.9543663,0.99999994
1,244,1,0.9999830456869288,1.0,1.0,0.99999996049037,0.998871,0.9840548481714679,0.9824406453111133,1.0,1.0,0.8154031295663459,0.9999678358264392,1.0,0.9997135086501521,0.9999791968788091,1.0,0.9981652,1.0
1,246,1,0.9999999998706857,1.0,1.0,0.9943258518607686,0.99899,0.9840548481714679,0.9824481060758902,1.0,1.0,0.8465552070011325,0.9999678358264392,1.0,0.9983289627564338,0.9999999998482572,1.0,0.99831885,1.0
1,247,1,0.2676623842768408,1.0,0.8,0.3036904911765958,0.97599435,0.40794720895633163,0.5545774585805235,0.2,5.45030225699321e-06,0.5492354332327657,0.9951169825359829,0.62,0.5868368059948594,0.2041677940119762,0.815,0.9655573,0.04682221
1,256,0,0.0058058411722241715,0.0,0.005,0.002667833874493544,0.0059049525,0.030919543270730543,0.034144128485729466,0.0,2.9373993759766466e-16,0.3686645998287223,0.0002876609179420144,0.0,0.004844656894133884,0.004105377400515806,0.005,0.0059887436,2.1504934e-06
1,257,0,0.06572521353487247,0.0,0.005,0.03349467679902868,0.0039473916,0.030939170460424274,0.03391599988395724,0.0,2.8145058530136213e-16,0.33829797923503385,0.0002093116549013502,0.025,0.02704182049357402,0.04650142018790492,0.01,0.0046035307,3.027537e-05
1,260,0,0.04285316449417438,0.0,0.0,0.01140410833161256,0.0018573208,0.03035628413277359,0.0336629257531838,0.0,8.624729601697092e-17,0.3237251956036959,0.0002093116549013502,0.03,0.014028648400964705,0.03155346309439634,0.0,0.0021306237,8.564085e-06
1,262,0,0.04796398168263621,0.0,0.01,0.012761425381249152,0.010763887,0.03149826645649617,0.0347322513029997,0.0,2.0274901791650933e-16,0.3928796725260009,0.0002642141265888047,0.02,0.020372323594968475,0.03405868566017068,0.0,0.01033041,6.688807e-06
1,266,0,0.3001183953817262,0.0,0.115,0.2051782079581501,0.04483075,0.05142186119758454,0.039265069969796756,0.0,3.393059035040637e-15,0.46227501252604913,0.0013306843347634894,0.15,0.1662818385034714,0.22931207529519126,0.075,0.052881055,0.0015432604
1,268,0,0.07427428914122032,0.0,0.275,0.024803714541307274,0.093793586,0.0820268457859456,0.04641417816901425,0.0,8.956500235888672e-08,0.45502393376110123,0.0013152601230864184,0.205,0.1169678973947549,0.05637022359563307,0.255,0.080314875,3.5364654e-05
1,278,0,0.011563102420335081,0.0,0.0,0.006546082322201106,0.003447799,0.030355664119463985,0.0338507055405098,0.0,2.888128895940212e-17,0.3685155522220497,0.00044199003808375654,0.0,0.00538924593865028,0.008454197970609893,0.0,0.0050147455,1.2173306e-06
1,285,0,0.01377456054062795,0.0,0.02,0.007154607251935376,0.010760152,0.03268077008072028,0.03473136250386783,0.0,2.6301319334105654e-17,0.3632769448636272,0.0002642141265888047,0.005,0.012922329893426272,0.009820310660375569,0.005,0.010111432,1.0963362e-06
1,293,0,0.013412868884207072,0.0,0.015,0.01759070969961738,0.009190971,0.0320935227984088,0.034543313418241114,0.0,2.7328916328940377e-17,0.4135322363980599,0.00043342584248922344,0.0,0.013798637403902365,0.01011004109038092,0.01,0.010645779,3.560481e-06
1,294,0,0.05616131454570119,0.0,0.02,0.030670385136700125,0.00434867,0.03269668333122604,0.03396295797781987,0.0,4.996196292856126e-16,0.3736580827839707,0.00022788742220657382,0.0,0.02779509245371488,0.04027445534375845,0.01,0.005264944,2.6200061e-05
1,301,0,0.0006177960572013786,0.0,0.005,0.0005124708487694382,0.0018497233,0.03091938771491628,0.033660845600600446,0.0,8.046714394277475e-19,0.3009850599872138,0.00022788742220657382,0.0,0.0019949975468274072,0.00045110099053808104,0.0,0.0021483952,1.1626071e-08
1,304,0,0.12764549379150625,0.0,0.165,0.08132625093914647,0.039618734,0.055532056252356195,0.03843670947513071,0.0,2.811741818532963e-15,0.3452191930466129,0.012806496549584573,0.015,0.10339761975024675,0.09003249970464913,0.115,0.027072115,0.00016064885
1,312,0,0.04032941887729019,0.0,0.245,0.033103670763646884,0.046323087,0.07382246564824603,0.03934084212937339,0.0,3.955278992078459e-12,0.4122553046259639,0.001534658697035452,0.1,0.09118904417683726,0.029558335745025387,0.245,0.057869647,1.3869264e-05
1,319,0,0.5023289138226841,1.0,0.685,0.61125040651872,0.84404874,0.9484951459587135,0.9695256168136471,0.4,2.7052515855478483e-14,0.5033640188876016,0.6178782740869044,0.455,0.6606570147052546,0.4059066132382444,0.645,0.77712727,0.9874282
1,320,0,0.002116594917704184,0.0,0.0,0.006467293770332767,0.003447799,0.03035321627051365,0.03385046301265159,0.0,1.1193284978950031e-17,0.34060740786968896,0.00044199003808375654,0.0,0.0030079219250254714,0.001599549086459989,0.005,0.0050147455,1.277376e-08
1,324,0,0.17594316703933618,1.0,0.51,0.1888756759378668,0.70543796,0.6349860105756516,0.39901722123042715,0.0,6.122513996078663e-15,0.49138520938668495,0.6178782740869044,0.28,0.395064200304428,0.13364868684342016,0.47,0.6190033,0.4249701
1,328,0,0.03391527606826564,0.0,0.26,0.01670036669286714,0.1893065,0.07796557802827203,0.06448514814427003,0.0,1.1279887605919938e-16,0.4477490561526355,0.0014717162152396944,0.1,0.12498053508374632,0.02483822955919749,0.265,0.22319734,1.3913299e-05
1,340,0,0.003957583605274517,0.0,0.005,0.0006344022745287447,0.0029552996,0.03091951859193444,0.03379193046660759,0.0,1.8881580187505787e-18,0.337030573327458,0.00025887878176347333,0.01,0.0031368213622742793,0.002823274716244309,0.0,0.003502663,1.1148557e-07
1,346,0,0.026398309776615777,0.0,0.16,0.020373194528525766,0.084588274,0.05449132135552349,0.044951359700957684,0.0,6.7676705974392215e-09,0.4339070282642867,0.0013152601230864184,0.055,0.07283994466621116,0.020001614111503998,0.145,0.07382386,1.6232598e-05
1,353,0,0.07198926054138399,0.0,0.015,0.0860479142958457,0.0032279969,0.032349791713165266,0.033841333432510626,0.0,7.031915143322234e-16,0.37008806259693033,0.00022788742220657382,0.005,0.044066292927491924,0.053928936993488975,0.01,0.003662478,0.00074197934
1,359,0,0.005684767307626398,0.0,0.02,0.007208977106699871,0.002906438,0.03268082206946434,0.033786118667648586,0.0,9.564334516928191e-17,0.32133701507533347,0.0002093116549013502,0.02,0.008950045594393392,0.004227684196524656,0.01,0.0030254351,2.2809817e-07
1,364,0,0.022877967741324196,0.0,0.06,0.006013522962563793,0.0055251657,0.03786267947866596,0.03409880833837108,0.0,4.032678476732466e-16,0.31674432802965974,0.0002093116549013502,0.005,0.02360416410175891,0.01579480355436029,0.04,0.006309433,2.7973456e-06
1,370,0,0.016414003417394706,0.0,0.0,0.0025406428956105892,0.004527024,0.030353341971484725,0.03397922864113241,0.0,2.742095279547642e-17,0.3473954369708456,0.0004059692298150699,0.045,0.005870417576609454,0.011813035518507473,0.0,0.0059423256,5.8529986e-07
1,371,0,0.0004150458288268577,0.0,0.0,0.000610988048105575,0.0019838014,0.030353076317768016,0.03367671464300333,0.0,7.309162421692343e-18,0.31251270378049695,0.00022788742220657382,0.0,0.0007524588113891012,0.00030501092109381,0.0,0.0023030282,2.8969676e-09
1,373,0,0.021221827982667495,0.0,0.0,0.0029006105696358585,0.0018470102,0.030354527655169543,0.03366156897543708,0.0,8.463105332548827e-17,0.3090779415644398,0.0002093116549013502,0.01,0.0064923621936417465,0.014823829381790046,0.0,0.0021941701,1.3407734e-05
1,378,0,0.003325618985734554,0.0,0.01,0.0008013003114709295,0.0019428263,0.03149605096006173,0.033671883931389465,0.0,3.0591959285023246e-17,0.34448506105458276,0.00022380218308491634,0.005,0.004017436403940016,0.0023708219667253113,0.0,0.0023030282,1.8187373e-07
1,382,0,0.0005067409617916569,0.0,0.01,0.002826350194524859,0.01248335,0.03149590533472219,0.03494208441859409,0.0,1.9424602088711975e-18,0.3617612650978844,0.0002876609179420144,0.005,0.006454110289398014,0.0003642079076031551,0.01,0.011989092,2.2592272e-09
1,386,0,0.00027691019769876687,0.0,0.0,0.000978859510719939,0.0018566719,0.03035307041542693,0.0336616675774106,0.0,1.4829024413239482e-18,0.2710978129766508,0.0002093116549013502,0.0,0.0007781103968716807,0.0002020656770741835,0.0,0.0020850939,3.780765e-10
1,387,0,0.0030255633088188756,0.0,0.015,0.001002904265191501,0.01098885,0.0320828411173794,0.034759215515306016,0.0,1.4964377911402537e-17,0.3537209291481982,0.0002642141265888047,0.01,0.007504329430135608,0.0021139450784664576,0.0,0.01033041,4.694636e-08
1,389,0,0.0007267195060948401,0.0,0.0,0.00045003552837774634,0.0019844945,0.03035307131383074,0.0336767969355815,0.0,3.452920178434155e-18,0.31614878833245935,0.00022788742220657382,0.0,0.000790312384980679,0.0005277640272088577,0.0,0.0023533057,2.1491107e-09
1,0,1,0.570281517385285,0.0,0.435,0.7152114825419207,0.051619254,0.8279665244458302,0.4815560578786409,1.0,1.0,0.44844438872990317,0.0033943428233386623,0.745,0.44302806349496116,0.5074902795468278,0.415,0.051559683,0.9922029
1,6,1,0.9999644591025022,1.0,0.96,0.9972594742313577,0.9966182,0.9797445760719444,0.9813724060677687,1.0,1.0,0.7062277077572664,0.9998880603295632,0.98,0.9884605361508096,0.9999465990370872,0.965,0.99542713,1.0
1,20,1,0.999999796979072,1.0,1.0,0.9999896739363119,0.9983765,0.9828451803980776,0.9815009985009124,1.0,1.0,0.809184334828621,0.999941579074664,1.0,0.9995914899002479,0.9999997612253562,1.0,0.9975146,0.99999297
1,36,1,0.999254287815525,1.0,0.985,0.9999999049564192,0.99827754,0.981738177448834,0.9814937746505715,1.0,1.0,0.780277149192174,0.9999508708277186,1.0,0.9956329344368062,0.9989854842559628,0.99,0.99736905,0.9999997
1,41,1,0.9648137970386323,1.0,0.92,0.9969899646748044,0.9724442,0.9760366976202769,0.9795119368259676,1.0,3.056278487776508e-10,0.6089510428251098,0.9892919750583145,0.975,0.9635619845968315,0.949921397316603,0.925,0.9491977,0.99997616
1,42,1,0.9998372659156328,1.0,0.94,0.9999995408134355,0.97899973,0.9779929905334476,0.9800344330771265,1.0,1.0,0.6721003604097694,0.9989632219685689,0.995,0.9797091351634835,0.9997772143644968,0.95,0.9688261,0.9999753
1,43,1,0.9999996995042092,1.0,0.99,0.996262578962192,0.9981805,0.9821167385806474,0.9814867086477695,1.0,1.0,0.767912360127083,0.999941579074664,0.995,0.9961106967699969,0.9999996407086053,1.0,0.997223,0.9999973
1,45,1,0.9999591802911116,1.0,1.0,0.9999999684109754,0.99680907,0.982845120323995,0.9813864065879077,1.0,1.0,0.7022178213383642,0.9999341005057878,1.0,0.9991920535110091,0.9999496596096232,1.0,0.995368,0.9999991
1,47,1,0.9949737715443996,1.0,0.6,0.999992919382802,0.9092794,0.9133369850211215,0.9737553536558211,1.0,1.0,0.6237507916579023,0.9983418927807084,0.85,0.8760615242494777,0.9934950099988807,0.7,0.81844485,1.0
1,48,1,0.9999972510924563,1.0,0.9,0.9948278659324995,0.9731026,0.9740404280146491,0.9795659881090639,1.0,1.0,0.6731073954857257,0.9944188033120175,0.99,0.9669819365524197,0.9999956120268636,0.91,0.96441776,1.0
1,51,1,0.9999649256404712,1.0,1.0,0.9999998070488645,0.9982008,0.9828451551037521,0.9814881760677974,1.0,1.0,0.7966434986045218,0.999941579074664,1.0,0.9995413767205364,0.9999573575850896,1.0,0.9973199,0.99999976
1,52,1,0.9924261293187906,1.0,0.97,0.9999885105230808,0.9979328,0.9805178724145205,0.9814315498320981,1.0,1.1072555940111016e-07,0.714753426545503,0.9999155912130017,0.955,0.9900868578879428,0.9894612824416438,0.97,0.9962489,0.99964696
1,53,1,0.9981243353836358,1.0,0.755,0.9948193679344964,0.860262,0.95307668149964,0.9682294472958488,1.0,1.0,0.5630090066045508,0.9977762369840932,0.98,0.9020514200092586,0.9977860044487908,0.73,0.7207934,0.99999964
1,54,1,0.999967094993688,1.0,0.995,0.9999998013011839,0.9899066,0.9824841976348505,0.980873431615111,1.0,1.0,0.7235359556773405,0.9999127063490004,1.0,0.996218376338313,0.9999611790421215,0.995,0.98894846,0.99999994
1,56,1,0.9999998921495444,1.0,1.0,0.995014341647968,0.9982969,0.9828451930452263,0.9814951978130472,1.0,1.0,0.8115856196945442,0.999941579074664,1.0,0.9983277875705863,0.9999998870851149,0.995,0.99743396,0.9999997
1,65,1,0.9574911232606119,1.0,0.635,0.9931195373586605,0.9122675,0.9243504335199945,0.9740590997498363,1.0,0.040337063490194155,0.5929608852238515,0.99877507692711,0.825,0.8744695416854653,0.942597615755995,0.71,0.8167042,0.9999997
1,67,1,0.9876279733503365,1.0,1.0,0.9999945260688085,0.996145,0.9828441938922362,0.9813375440934214,1.0,1.0,0.6443444128639154,0.9996841202046706,0.985,0.995941877353413,0.9839398744168765,1.0,0.9931872,0.9999991
1,68,1,0.9995022479604802,1.0,1.0,0.9999999857705191,0.9989048,0.9828442065400997,0.9815394681064983,1.0,1.0,0.8147736079280471,0.999941579074664,1.0,0.9996017644969741,0.9993523233985998,1.0,0.99808383,0.99999917
1,69,1,0.44650053790341937,1.0,0.57,0.9765501048671675,0.8405487,0.8947410489789093,0.9643033463978039,1.0,1.0,0.4789255347303064,0.9977881043558876,0.575,0.7083998342260863,0.39182297233343905,0.61,0.67706007,0.9996109
1,70,1,0.9715213911615306,1.0,0.695,0.9925145577919757,0.8277333,0.9403072476806964,0.9639556354109715,1.0,1.0,0.511039161270756,0.9977853215777516,0.865,0.8716923068070106,0.9659364886239191,0.72,0.65626395,0.9999976
1,82,1,0.9548077506885957,1.0,0.995,0.9873611319186103,0.99342334,0.9824783265099782,0.9811364086346598,1.0,1.0,0.6109952980151224,0.9996841202046706,1.0,0.9826480563279947,0.9431742674721222,1.0,0.99045473,0.999649
1,85,1,0.9984604318200982,1.0,1.0,0.9999999713041576,0.9989048,0.9828421353303655,0.9815394502500011,1.0,1.0,0.8147736079280471,0.999941579074664,1.0,0.9993413068452882,0.9978945973567067,1.0,0.99808383,0.9999994
1,91,1,0.9968899308598935,1.0,0.705,0.9902870476580611,0.9670671,0.9426511590920748,0.9790753429060289,1.0,1.0,0.6960079151396266,0.9980557268591038,0.87,0.9148110252443415,0.9961370044856013,0.75,0.9498162,1.0
1,97,1,0.9997719708471154,1.0,1.0,0.9999999649706942,0.998216,0.9828437828316848,0.9814892953572465,1.0,1.0,0.7570481833634338,0.999941579074664,1.0,0.9994969772987594,0.999689570812911,1.0,0.9973412,0.9999999
1,100,1,0.9998896992129339,1.0,0.965,0.9999967133715196,0.98224163,0.9801602887812864,0.9802875541138109,1.0,1.0,0.7383009765282526,0.9981557710680663,0.995,0.9867820107846632,0.9998590681541458,0.985,0.9735179,1.0
1,112,1,0.9998363026623043,1.0,0.975,0.9999986372308081,0.9976496,0.9809666649960544,0.981447943841024,1.0,1.0,0.7826479882112556,0.9999470919157055,0.99,0.9931211374839211,0.9997878335570772,0.985,0.99568,1.0
1,118,1,0.9996919108832246,1.0,1.0,0.9999999785764339,0.9979734,0.9828444405239221,0.9814715943093087,1.0,1.0,0.7991143756452069,0.9999665239749904,1.0,0.9994163179831627,0.9995943713907997,1.0,0.99625033,1.0
1,121,1,0.9655734887510973,0.0,0.715,0.991968927681924,0.3773379,0.9448709673697369,0.814308985001324,1.0,1.0,0.6169531005274982,0.08306977771556956,0.88,0.7624700798043422,0.9572366635805177,0.72,0.43200564,0.9999982
1,123,1,0.9971037046604727,1.0,0.7,0.9956751369417189,0.89310306,0.9414591707441085,0.9720438732363857,1.0,1.0,0.6637256629705107,0.9994660862818606,0.91,0.8964704761771821,0.9961300532042474,0.75,0.7878564,0.99999946
1,125,1,0.9891730158696642,1.0,0.995,0.9964415498825991,0.9936172,0.9824599162916611,0.9811464589964826,1.0,1.0,0.5839941003913355,0.9997668629935769,0.995,0.9935579356904615,0.9853943056399813,1.0,0.99054444,0.9999537
1,131,1,0.9762794376434508,1.0,0.91,0.99595446045032,0.9890953,0.9749288291442673,0.9808121398304053,1.0,5.614016283466571e-08,0.6827918591929807,0.9998966431534487,0.95,0.9678322921818671,0.9644081652173659,0.945,0.98133576,0.9999849
1,153,1,0.9999999986430308,1.0,1.0,0.9894195756902291,0.9981805,0.9828451930452263,0.9814867086477695,1.0,1.0,0.8216423212883639,0.999941579074664,1.0,0.9969000207367116,0.9999999985066255,1.0,0.997223,0.99999815
1,163,1,0.9999740930759561,1.0,0.99,0.9999999131690711,0.99642295,0.9821155956642384,0.9813580604790251,1.0,1.0,0.7064561122181486,0.9999155912130017,1.0,0.9965992381745303,0.9999648975643264,0.995,0.99493045,0.9999977
1,165,1,0.8769556303639862,1.0,0.95,0.972519716171668,0.979353,0.9784352072627834,0.9798368811414434,0.8,1.0,0.5200887511052187,0.9890680561896403,0.875,0.9447070892975259,0.8401086301168321,0.955,0.9593505,0.97514266
1,172,1,0.9998617773323106,1.0,0.98,0.9999986682468176,0.99764866,0.9813554163169053,0.9814478669572826,1.0,1.0,0.7551999905767801,0.999941579074664,0.965,0.994377275486846,0.9998150949028227,0.96,0.9968178,0.99995494
1,177,1,0.9916956866556731,1.0,0.955,0.9971701640619361,0.989403,0.9793111970440321,0.980833889465735,1.0,1.0,0.7074870169044851,0.999901616035774,0.98,0.9833172150330705,0.9900400182022179,0.945,0.9849135,0.9998637
1,183,1,0.9432920102981984,1.0,0.97,0.9925976248036227,0.9944543,0.9803547815907658,0.9812124908870137,1.0,1.0,0.6333261340823964,0.9995762317589157,0.935,0.9750859898368185,0.9245558670228797,0.965,0.9926312,0.99834603
1,188,1,0.8247568744516977,1.0,0.97,0.9231432139402964,0.9962286,0.9802439319004538,0.9813374756063987,0.8,0.07636566652770843,0.6693967403095326,0.9999341005057878,0.89,0.9285321660246191,0.7748477225312567,0.965,0.99422604,0.99965984
1,202,1,0.9952483629440487,1.0,0.995,0.9999995541270909,0.99727803,0.9824750140718975,0.9814207578436879,1.0,0.9999999738361364,0.6553076706775065,0.9999341005057878,0.935,0.9968814879395455,0.993262894691394,0.99,0.99553657,0.99999976
1,203,1,0.9995562997264112,1.0,0.995,0.999999518917314,0.9961771,0.9824843396282275,0.9813399953408425,1.0,1.0,0.6637162635920715,0.9999341005057878,1.0,0.9976832239842803,0.9994370925520288,0.99,0.99472874,0.9999918
1,212,1,0.9999998206607241,1.0,1.0,0.9957832363598104,0.9984633,0.9828451930452263,0.9815073229100663,1.0,1.0,0.8044467740245561,0.999941579074664,1.0,0.9985615825172338,0.999999818661168,1.0,0.9976205,0.9999999
1,214,1,0.48880363722059283,1.0,0.55,0.6409414214435348,0.7819064,0.3324399238323071,0.5160168907736843,0.2,1.137592452122697e-14,0.53622074751449,0.9977295782288994,0.665,0.6154128711542598,0.40948805035698954,0.57,0.5982078,0.09337169
1,225,1,0.9999999680868673,1.0,1.0,0.990787113005966,0.9981805,0.9828451993687974,0.9814867086477695,1.0,1.0,0.8216423212883639,0.999941579074664,1.0,0.997241897426605,0.9999999667454675,1.0,0.997223,1.0
1,229,1,0.9999996211414449,1.0,0.995,0.9941414301455094,0.998216,0.9824846784714909,0.9814892953572465,1.0,1.0,0.7996505612146892,0.9999768901056078,0.99,0.9968392561660455,0.9999994881872335,1.0,0.9973412,1.0
1,236,1,0.998671057518087,1.0,1.0,0.9999995823270302,0.99680907,0.9828437859937261,0.9813863993872125,1.0,1.0,0.6531784940643441,0.9999341005057878,0.99,0.9988699262967666,0.998241513556351,1.0,0.995368,0.9999756
1,240,1,0.9982874377497848,1.0,1.0,0.9999983248058895,0.9989048,0.9828430587091759,0.9815394502500011,1.0,1.0,0.7824169960636141,0.999941579074664,1.0,0.9992976467031428,0.9978390561260699,1.0,0.9978721,0.9999792
1,243,1,0.9649370510409154,0.0,0.8,0.9826947080683913,0.31066185,0.9608469450547362,0.7700735540440583,1.0,1.0,0.5739822086929744,0.2633147760552088,0.88,0.7645734028672696,0.9563492902940502,0.775,0.4191883,0.99998915
1,245,1,0.9999979497961271,1.0,1.0,0.9999974602652667,0.99680907,0.9828449812042738,0.9813864065879077,1.0,1.0,0.6614609497305983,0.9999341005057878,1.0,0.9992011188508358,0.9999972894147696,1.0,0.995368,0.9999989
1,248,1,0.9999908594963198,1.0,1.0,0.9973476492464138,0.9984451,0.9828451993687974,0.9815059982610227,1.0,1.0,0.7523629907709012,0.999908706720313,1.0,0.9989459005936195,0.9999894068350564,1.0,0.9973788,0.99999946
1,249,1,0.9999999999950542,1.0,1.0,0.987217813758094,0.9983765,0.9828451993687974,0.9815009985009124,1.0,1.0,0.7966434986045218,0.999941579074664,1.0,0.996398575609689,0.9999999999952982,1.0,0.9972402,1.0
1,254,0,0.052650156387338894,1.0,0.1,0.03386420876182649,0.008975533,0.05182784778998704,0.0353472639813522,0.2,1.6807008182653672e-16,0.4106666342832949,0.0041195357509754464,0.08,0.04887247449659437,0.03573465229306231,0.085,0.008993636,0.00012897923
1,264,0,0.17110912329403336,0.0,0.075,0.09334258641333772,0.0070893797,0.047135166865643126,0.03510313488344896,0.0,2.84062061632906e-16,0.3829979126264076,0.00024375397013592272,0.125,0.08663527235414625,0.12835481189225845,0.045,0.0064712903,0.00024734726
1,269,0,0.008340196104011556,0.0,0.005,0.0017369018024357464,0.0063472767,0.03525027972110959,0.034970861668891864,0.0,5.641913380416531e-18,0.39250019134297703,0.000386427938359849,0.005,0.005356093660624537,0.005845860805031278,0.0,0.007373995,4.3989808e-06
1,274,0,0.16332796777110775,0.0,0.14,0.05842056730316694,0.006555452,0.06127963597036886,0.03523961470263355,0.0,1.1450881608843224e-16,0.37047356803329956,0.00024375397013592272,0.195,0.09207599677145009,0.11858646739986628,0.12,0.006566149,0.001374454
1,277,0,0.008741094750484794,0.0,0.02,0.0034937913667711816,0.003098533,0.03747402224097446,0.03453324096942577,0.0,1.7358532203023743e-17,0.3507800902962787,0.00017990091604988748,0.015,0.008833354785101187,0.006151111944596751,0.01,0.003110846,1.909974e-06
1,280,0,0.4003944945149438,0.0,0.28,0.31289558809606494,0.018945744,0.21557998672598927,0.19006129082695708,0.4,5.5251688348844376e-08,0.4514867885947833,0.00545514780605946,0.395,0.2530589567180386,0.3266403321650085,0.225,0.024872433,0.6826312
1,283,0,0.01659482358798109,0.0,0.315,0.011478109185348771,0.0855598,0.11954529072240404,0.04752438864103894,0.0,5.856842649838489e-12,0.41465517067067426,0.0012782207983442818,0.1,0.10715818326013735,0.01168945270311588,0.31,0.09798012,0.00012363626
1,287,0,0.08061873947357616,0.0,0.175,0.03306211799821545,0.011055064,0.0700286978247025,0.03567682045046492,0.2,2.0614044640587793e-16,0.44775558750720595,0.00024375397013592272,0.105,0.07493398046485278,0.05484248177735782,0.16,0.0094065005,0.00038224633
1,295,0,0.012703926713518117,0.0,0.17,0.018073699993319498,0.021729391,0.0684369617174069,0.03712318743541143,0.0,2.5401514372242494e-09,0.4316227980871008,0.0017600799823352716,0.185,0.05562675444376444,0.009381221473894977,0.155,0.026019447,8.113472e-05
1,298,0,0.2494319212182342,0.0,0.015,0.20886738885192427,0.00514603,0.037803731773393835,0.035597392624913717,0.4,1.0021641625498909e-15,0.3959555548451002,0.0004587628229077982,0.055,0.1196113349852789,0.1854663885083292,0.025,0.0056676236,0.0022512532
1,303,0,0.0028043407392533207,0.0,0.005,0.0017912334920279667,0.005387633,0.03524963894783343,0.03484081162204024,0.0,2.624923639940005e-19,0.3646722927518485,0.00024375397013592272,0.0,0.003745801834720971,0.0020115774566891033,0.0,0.0051636584,1.875334e-06
1,306,0,0.019273583849512207,0.0,0.0,0.012901980300901627,0.004147563,0.034544718763152224,0.03467431820956816,0.0,7.001068332334383e-18,0.3342973928339295,0.00042886651007303093,0.01,0.009080781820019326,0.014246574395474984,0.0,0.0042732228,9.448105e-06
1,307,0,0.10938669145132822,0.0,0.06,0.05479681796942061,0.008332921,0.044158858759107446,0.03525351116454081,0.0,4.998130911201715e-15,0.3948953513486158,0.00024375397013592272,0.015,0.0581291076531997,0.07943186126222264,0.025,0.007626307,6.0321418e-05
1,310,0,0.1195047231998037,0.0,0.03,0.08588621733962577,0.0044922275,0.03908370221420816,0.03515365689304862,0.0,3.6277297612104617e-16,0.42632161815341685,0.00024375397013592272,0.06,0.05997079199829197,0.08355134699541125,0.03,0.005632433,0.0026136416
1,311,0,0.006240494789147324,0.0,0.0,0.002197714367398783,0.0049558054,0.03453688777131262,0.0347825650082515,0.0,1.0421712323972866e-17,0.36964495675232656,0.00024375397013592272,0.005,0.003348503632248221,0.004368662636193351,0.0,0.005229407,1.1539742e-06
1,315,0,0.11860625166167069,0.0,0.555,0.07207594342004055,0.14493486,0.27415258571276474,0.06056216809177219,0.0,1.830017005814204e-10,0.49604778346570916,0.022590307896380633,0.27,0.22265426448345196,0.08552814157793172,0.56,0.16275652,0.0012661783
1,316,0,0.04226163861034424,0.0,0.0,0.014722528647138928,0.0032007592,0.03455358964521975,0.034548205752004436,0.0,4.066934085121696e-17,0.368290981641168,0.00017990091604988748,0.025,0.01504623160934333,0.03057124927001653,0.005,0.003128057,2.5779225e-05
1,341,0,0.027549201391849253,0.0,0.02,0.008186084287808117,0.0038184368,0.03747632912654551,0.03463086420469655,0.0,1.3938146638632216e-16,0.4017810572164913,0.0002385702095730927,0.025,0.014888430609562523,0.019855313248788947,0.015,0.0041452693,2.2585473e-05
1,349,0,0.0018811598860598317,0.0,0.005,0.0012929189674372396,0.0026464574,0.03524943383280945,0.0344726284406052,0.0,3.9339050112431886e-18,0.3104299348414471,0.0002385702095730927,0.0,0.0027051340643488276,0.0013286460212901465,0.0,0.002835424,4.0117249e-07
1,350,0,0.009606628179151169,0.0,0.065,0.0025713507866270873,0.0070778225,0.04498374790871504,0.03507030552933959,0.0,8.394310174694979e-18,0.41487386049761094,0.00024375397013592272,0.005,0.021063950356875635,0.006532618013670835,0.055,0.0065299594,8.596603e-06
1,355,0,0.04459818723857905,0.0,0.02,0.011950432733766175,0.005930751,0.0374794822236908,0.034914671162866215,0.0,6.085490029293065e-17,0.39107537502789713,0.00024375397013592272,0.005,0.020619842767200615,0.03249887405370959,0.015,0.0058281654,1.3398811e-05
1,357,0,0.05745180367813063,0.0,0.045,0.03586096781460279,0.005237562,0.04166233695271951,0.035400336327855705,0.0,4.618179707605581e-16,0.43907266556015373,0.00024375397013592272,0.05,0.035887583402242226,0.037984697832090755,0.045,0.0056715324,0.00208902
1,361,0,0.06704439202117274,0.0,0.035,0.0420913455821325,0.008374733,0.039960190081086776,0.035255382087061034,0.0,2.1784474062734633e-16,0.3544161758231497,0.00024375397013592272,0.005,0.03812761763058564,0.048011942856015656,0.025,0.0069951187,6.874037e-05
1,362,0,0.019259948355317778,0.0,0.01,0.006410424478060769,0.004787021,0.035981621174920785,0.0347639666519725,0.0,5.543916024453477e-17,0.3882696060227288,0.00024375397013592272,0.0,0.010114348421076296,0.013079095827909535,0.01,0.0049304795,9.469314e-05
1,369,0,0.18945147581176738,0.0,0.01,0.09003403071282634,0.0030604664,0.03618463773425702,0.03489165791122787,0.2,1.2783445359975337e-15,0.41289132652463484,0.0002385702095730927,0.04,0.07313649322541457,0.1389689079520743,0.005,0.0032334265,0.00200757
1,375,0,0.027455114436035818,0.0,0.0,0.00637278358161245,0.0023939654,0.03454250036967007,0.034445201494734706,0.0,1.1834518418952405e-17,0.29581580213005687,0.0002385702095730927,0.005,0.009055465848547321,0.01946675549434731,0.0,0.0027630802,0.00020143065
1,379,0,0.0019957122356968793,0.0,0.005,0.0012300544962262395,0.00413025,0.035249491479788155,0.03467143171795119,0.0,2.7320507491355988e-18,0.3029924064626332,0.0002385702095730927,0.0,0.0030890041437311214,0.0014372402412490652,0.0,0.003425667,1.0979022e-07
1,381,0,0.0005528008425801471,0.0,0.0,0.0003670484182707797,0.0024398398,0.03453676167660239,0.03444501686042391,0.0,2.4367070849285206e-19,0.3041358161940843,0.0002385702095730927,0.0,0.0008399222565701059,0.0004059739616655169,0.0,0.0026803357,1.3824721e-08
1,388,0,0.006476690942497061,0.0,0.075,0.006556697075025488,0.0067076106,0.046846094774293176,0.035035857835171,0.0,5.797454441435565e-18,0.32760366814033604,0.00038642793835984827,0.04,0.02368524964499157,0.004518256203915903,0.055,0.007960511,0.000191148
1,390,0,0.012956681277097487,0.0,0.005,0.00388277575484638,0.0038451366,0.035252450343008127,0.03463358020272831,0.0,1.2029167147263876e-17,0.38092786836804904,0.0001838101182531699,0.0,0.0064211484111494,0.008928198997440925,0.0,0.0041148234,1.954021e-06
1,5,1,0.9998667930975806,1.0,0.96,0.9999999349300567,0.9852651,0.9789435042826303,0.9768194249332517,1.0,1.0,0.7741545265936921,0.9998622942571483,0.995,0.986282951047017,0.9998245117336639,0.96,0.9752255,0.9999982
1,10,1,0.9999997045979769,1.0,1.0,0.9999993489999178,0.99916863,0.9821945855833407,0.9780208902571661,1.0,1.0,0.8473307298869556,0.9999431286557463,1.0,0.9997919220031419,0.9999996620258903,1.0,0.9985654,1.0
1,13,1,0.9982153240725479,1.0,1.0,0.9999997252364076,0.99819666,0.9821943899957455,0.9779388109380529,1.0,1.0,0.6820589882850178,0.9998963780794051,1.0,0.999102927695319,0.9976332160382088,1.0,0.9969312,0.9999951
1,18,1,0.9917575492748982,1.0,0.8,0.9969206174147554,0.95565385,0.9591121815419621,0.9740431168544346,1.0,1.0,0.5223665290940102,0.9821367038235385,0.91,0.9360830032383848,0.9884794417983026,0.81,0.9409135,0.9999988
1,22,1,0.9999817805192415,1.0,0.97,0.9999988644662376,0.997684,0.9798070145468443,0.9778955565216093,1.0,1.0,0.6906328202983276,0.9998963780794051,1.0,0.9919161617270216,0.9999781911801745,0.99,0.9962484,0.99999976
1,26,1,0.9971543451188505,1.0,1.0,0.9999986827070073,0.9962381,0.9821945246628406,0.9777726096200453,1.0,1.0,0.7205214631051998,0.9999239804712923,0.975,0.998347785068876,0.9960746325199367,1.0,0.9938012,0.99995977
1,30,1,0.9944062771280541,1.0,1.0,0.9999949646110771,0.9975775,0.9821939314788516,0.9778864921514321,1.0,1.0,0.5940929058850198,0.9998246421282909,1.0,0.9979946825403812,0.9932054468372602,1.0,0.9956103,0.99957776
1,35,1,0.9998463601502303,1.0,0.99,0.9999974668206341,0.99667656,0.9814312398071283,0.9778101103492606,1.0,1.0,0.7843173249569296,0.9998957420404437,1.0,0.9966300977968695,0.9998031796701486,0.995,0.99490756,1.0
1,37,1,0.999809394877922,1.0,0.995,0.9999993777599646,0.99652594,0.9818168438376642,0.9777972285735229,1.0,1.0,0.6662977914731665,0.9999168224498863,0.995,0.9978336789792882,0.9997428450312028,0.995,0.99427503,0.99999905
1,39,1,0.9999924516719566,1.0,1.0,0.9999999807917741,0.9975017,0.9821945855833407,0.9778801159591103,1.0,1.0,0.7279380570656758,0.9999558072784324,1.0,0.9993735259444925,0.9999909320651323,1.0,0.9950807,0.9999993
1,49,1,0.9999966636249912,1.0,1.0,0.9959738688578775,0.99916863,0.9821945855833407,0.9780208284232891,1.0,1.0,0.826546787443394,0.9999431286557463,1.0,0.9987847917243854,0.9999955103855549,0.995,0.9985654,0.99999994
1,63,1,0.999963777539514,1.0,1.0,0.9999998061463378,0.99867177,0.9821945855833407,0.9779790221496937,1.0,1.0,0.7955153069175049,0.9999434756229676,1.0,0.9996588384454193,0.9999527620235142,1.0,0.9976908,1.0
1,73,1,0.9999999604982264,1.0,0.995,0.9999975725270108,0.9987203,0.9818168438376642,0.9779831139503949,1.0,1.0,0.8279228843967733,0.9999434756229676,1.0,0.9984294553254773,0.999999950007138,0.995,0.99789494,1.0
1,76,1,0.9999999780557891,1.0,0.98,0.9999971445327012,0.9987306,0.9806358134085235,0.977983983487948,1.0,1.0,0.8026485752238356,0.9999434756229676,1.0,0.9946819306171772,0.9999999755464711,0.995,0.9977204,1.0
1,77,1,0.9999125944250029,1.0,1.0,0.9999999862323486,0.99889576,0.9821945855833407,0.9779978942139865,1.0,1.0,0.801912557905045,0.9999434756229676,1.0,0.9997020862520607,0.9998881001639452,0.995,0.9980312,0.99999833
1,80,1,0.9999236101193602,1.0,0.985,0.9999999706927302,0.99714977,0.9810376163368426,0.977850177212665,1.0,1.0,0.7128387490567133,0.9998726824323126,1.0,0.995518336575894,0.9999008479077571,0.985,0.9946806,0.9999922
1,81,1,0.9999312171917032,1.0,0.995,0.9999999218658618,0.99808705,0.9818168438376642,0.9779296178072804,1.0,1.0,0.6627631716948028,0.9998963780794051,0.995,0.9982545468970359,0.9999018409187727,1.0,0.99678123,0.9999999
1,87,1,0.9999878733852694,1.0,0.99,0.9999999684043229,0.99760747,0.9814312398071283,0.977889076705778,1.0,1.0,0.8172954317001297,0.9999431286557463,1.0,0.9968988278370771,0.9999843797721862,0.985,0.9963153,1.0
1,89,1,0.40059731649981434,1.0,0.8,0.30727178250354736,0.9506166,0.5421756884990505,0.6045107535002311,0.4,1.7227425089761258e-15,0.514157504628148,0.984761572849112,0.39,0.6146214242831586,0.31604270139167434,0.79,0.9365491,0.01584191
1,93,1,0.9999999974758829,1.0,1.0,0.9999952069635942,0.9977558,0.9821945855833407,0.9779016359688969,1.0,1.0,0.8339689951044102,0.9999546281763153,1.0,0.9994377574897597,0.9999999970954252,1.0,0.99669445,1.0
1,95,1,0.9987196167433053,1.0,0.98,0.9999997380404787,0.984109,0.9806358134085235,0.9767166689306532,1.0,1.0,0.6968876889527423,0.9974786690290816,0.995,0.9907070848135379,0.9982143445678168,0.98,0.97560096,0.999999
1,101,1,0.9994086936394687,1.0,0.985,0.9999999727543165,0.99903107,0.9810376163368426,0.9780092028618772,1.0,1.0,0.7953554738675075,0.999946146474828,0.995,0.9958599333220791,0.9992008322528773,1.0,0.9982843,0.9999997
1,104,1,0.9878575630616203,1.0,1.0,0.9999855790284071,0.9981883,0.98219456955165,0.9779381968806691,1.0,1.0,0.6408691897964649,0.999823565846487,1.0,0.9965078647280199,0.9840315886422636,1.0,0.99705386,0.99997646
1,108,1,0.9393551211069475,0.0,0.865,0.9919220485613431,0.9771742,0.9687134191503209,0.9760850724899298,0.6,1.1230105922288602e-11,0.6583281603955501,0.9986907151729811,0.88,0.9433628480344052,0.912962303186581,0.86,0.9688806,0.99824446
1,115,1,0.9882181949739698,1.0,0.925,0.9999985862663077,0.99066657,0.9756273022564628,0.9772935645411263,1.0,1.5775010073920992e-09,0.7093049178970231,0.99960304050209,0.91,0.975970837379886,0.9836188842938094,0.91,0.9835271,0.9999735
1,117,1,0.4901585863047872,1.0,0.76,0.5329306844267299,0.96485084,0.5682715401639532,0.6713683657586399,0.4,1.1028469502242562e-14,0.5907222733915355,0.9923988015893632,0.29,0.6869850284210614,0.3964875810648602,0.725,0.9585023,0.11001369
1,126,1,0.9978628383298219,1.0,0.975,0.9999989010477821,0.99708885,0.9802255970251451,0.9778450966490444,1.0,1.0,0.7219554638320208,0.9998740642436912,0.99,0.9924876472305323,0.9972697677921368,0.99,0.9945701,0.99998385
1,129,1,0.9466534756833608,1.0,0.98,0.9927854085768434,0.9979736,0.9806166523851874,0.977919920297578,1.0,1.0,0.6635833800261074,0.9998963780794051,0.93,0.9793531262879438,0.9275080387136667,0.985,0.9965233,0.99996305
1,130,1,0.9999995319838756,1.0,0.99,0.9973930031454171,0.9987306,0.9814312398071283,0.9779839669718661,1.0,1.0,0.7807950456953419,0.9999434756229676,1.0,0.9965307837523778,0.999999411696093,1.0,0.9977204,1.0
1,133,1,0.999683015823339,0.0,0.83,0.9952742625130923,0.9965654,0.9638564172944665,0.9778006622985234,1.0,1.0,0.7939415584069844,0.9952762585879411,0.97,0.9553806699726347,0.9996287451343245,0.895,0.9946866,0.9999998
1,136,1,0.9978038706323147,1.0,0.895,0.9999988932239293,0.99323684,0.9723839621398086,0.9775159126197817,1.0,1.0,0.6522685613115973,0.9993536019277781,0.99,0.9715099009068787,0.9970766304884747,0.9,0.9920975,0.9999991
1,154,1,0.9999999999964599,1.0,1.0,0.9960155422003298,0.9977558,0.9821945855833407,0.9779016359688969,1.0,1.0,0.8317996375934741,0.9999546281763153,1.0,0.9984428419290878,0.9999999999964195,1.0,0.99669445,1.0
1,156,1,0.9958980406928563,1.0,1.0,0.9999996207855754,0.99886084,0.9821945855833407,0.9779949216384297,1.0,1.0,0.7644098408455798,0.9999392520972361,1.0,0.998689624376871,0.9945100805925213,1.0,0.99802434,0.99999803
1,160,1,0.9980575630708454,1.0,0.875,0.999990659095291,0.9931068,0.9699924908028108,0.9775041415769588,1.0,1.0,0.636497057176982,0.9993563902645912,0.97,0.9665387511506267,0.9973845853249275,0.875,0.9919751,0.9999649
1,168,1,0.9999995110853853,1.0,1.0,0.9999982952260429,0.99916863,0.9821945855833407,0.9780208902571661,1.0,1.0,0.8574964118840389,0.9999475426106295,1.0,0.9997916101815253,0.9999994379747404,1.0,0.9985922,1.0
1,174,1,0.9618664998704685,1.0,0.98,0.9967773250096477,0.9945597,0.9806356393327095,0.9776266631023323,1.0,1.0,0.6453523897783985,0.9999171814502941,0.96,0.983300882534383,0.9518083707448506,0.97,0.9917326,0.9999938
1,176,1,0.9999997198596934,1.0,1.0,0.9999999435057231,0.9985875,0.9821945855833407,0.9779719125124829,1.0,1.0,0.7839931234843464,0.9999434756229676,1.0,0.9996467881233824,0.9999996005853383,1.0,0.99759847,1.0
1,178,1,0.9994322425823303,1.0,0.995,0.9999942889495624,0.99732375,0.9818168438376642,0.9778650387558655,1.0,1.0,0.7330071363533385,0.9999011658634801,1.0,0.9979375707453695,0.9992843703133406,0.99,0.99602133,1.0
1,192,1,0.9526474662814907,1.0,0.9,0.9961180384114922,0.97553104,0.9729494150032311,0.9759401565749689,1.0,1.533474719648854e-09,0.631883428631066,0.9960373072786984,0.97,0.9560741365787861,0.9302742300032547,0.905,0.96903956,0.9999851
1,200,1,0.9764047400313726,1.0,0.97,0.9961934589102996,0.9955381,0.9798067968991216,0.9777131346571705,1.0,1.0,0.652381649677554,0.9998708420505776,0.985,0.984534078610769,0.968415789852481,0.985,0.9933594,0.99998945
1,204,1,0.9999999876108715,1.0,0.945,0.9999995135633698,0.99568886,0.977580106697461,0.9777260241635798,1.0,1.0,0.8022076914652795,0.9998790318473255,1.0,0.9851720892055705,0.9999999861565496,0.935,0.99523085,1.0
1,207,1,0.9987291954591144,1.0,0.995,0.9999996735391053,0.9980076,0.9818168111066368,0.9779229215050406,1.0,1.0,0.7516512758769932,0.9999257815546334,0.985,0.9979341161343281,0.9983220676846268,0.99,0.9962733,0.99998945
1,213,1,0.9999993880518586,1.0,1.0,0.9999999949262948,0.9988257,0.9821945855833407,0.9779919955105729,1.0,1.0,0.8339629452648971,0.9999434756229676,1.0,0.9997062779678583,0.9999992656061478,1.0,0.99798524,0.99999833
1,222,1,0.9623420558649318,1.0,1.0,0.9922373697989866,0.99833554,0.9821910294072654,0.9779506208289594,1.0,1.0,0.6408691897964649,0.999823565846487,1.0,0.9882287414896413,0.9515920564862125,1.0,0.99712104,0.99993914
1,223,1,0.999927932979861,1.0,0.96,0.9999997093293224,0.9903715,0.9789435042826303,0.9772679685877789,1.0,1.0,0.6432459756283525,0.9998694308076554,1.0,0.9875747918992028,0.9999080167209755,0.975,0.984268,1.0
1,227,1,0.9984026921035638,1.0,1.0,0.9999994628567965,0.99788123,0.9821945791706661,0.9779121974132028,1.0,1.0,0.7516512758769932,0.9999366420170859,0.99,0.9990708471631324,0.9978296930204187,0.995,0.9962334,0.9999959
1,231,1,0.9942526979888074,1.0,1.0,0.9999970878747385,0.99859864,0.9821945823770037,0.9779728404900071,1.0,1.0,0.7178193340345608,0.9998957420404437,1.0,0.998212105265058,0.9921010875476877,1.0,0.9977552,0.99999607
1,233,1,0.9906801275713831,1.0,0.915,0.9999945598145537,0.9933796,0.9745897589046589,0.977528213816249,1.0,0.9999999999840767,0.7205868478822274,0.9995455780227933,0.955,0.9747635700703612,0.9869624733325981,0.915,0.9929006,0.9999955
1,238,1,0.9999630581235533,1.0,1.0,0.9999877219064872,0.9982516,0.9821945535199451,0.977943557258534,1.0,1.0,0.6779716322284437,0.9998963780794051,1.0,0.999550599246211,0.9999560887896475,1.0,0.9969477,0.9999972
1,242,1,0.999999999153153,1.0,1.0,0.9999964480174337,0.99881387,0.9821945855833407,0.9779910038994466,1.0,1.0,0.8094987329201028,0.9999434756229676,1.0,0.9997025786848891,0.9999999990105031,1.0,0.997943,0.99999994
1,252,0,0.00487778093354182,0.0,0.005,0.0015251182542351473,0.002672973,0.03489711492791199,0.03473927221855773,0.0,3.054242330508064e-17,0.3016251999517992,0.0002072614699501463,0.005,0.003518968069174271,0.003427257109014868,0.005,0.0034342357,2.6360915e-08
1,255,0,0.005743862583971164,0.0,0.0,0.005334830106803854,0.008100831,0.03418606197330898,0.03546035034639347,0.0,3.820155369772384e-18,0.3582632696773016,0.0003207042098307417,0.01,0.004794880910154487,0.0039005546917664333,0.0,0.0075214547,1.9725364e-07
1,263,0,0.041148413623254734,0.0,0.045,0.01403346241018381,0.010747237,0.04120482092748066,0.035822424078826985,0.0,6.122966791064603e-17,0.4254385875160152,0.001174075858779943,0.015,0.027732278291109528,0.029506472027950096,0.025,0.012056148,4.409359e-06
1,265,0,0.05906616798601562,0.0,0.0,0.03282044529827801,0.0017881895,0.03424612374134827,0.03464284467337831,0.0,6.923466630698999e-16,0.3450778180131528,0.0002072614699501463,0.01,0.023418700700639762,0.042349709569761966,0.0,0.002180128,1.7068625e-05
1,267,0,0.0209117099403169,0.0,0.01,0.006764129837677135,0.0018599737,0.03562847858063471,0.0346365997576519,0.0,6.729564788314773e-17,0.33815948853444905,0.00019390759389231285,0.0,0.009883953357104928,0.014286374206386841,0.005,0.00222262,7.300668e-06
1,282,0,0.14899781951935095,0.0,0.035,0.05554354713390913,0.0046115615,0.0395130912511447,0.035059400974977006,0.0,2.9768998112761253e-16,0.3833579716417894,0.0002002331041468413,0.065,0.06103823204844358,0.110355913447138,0.02,0.004707642,8.569848e-05
1,288,0,0.017630959140489413,0.0,0.04,0.019648018217929435,0.0134963775,0.04033048609963848,0.03619000857912762,0.0,0.9999999998065263,0.36910271178299037,0.0008325894439829863,0.085,0.02269383871594522,0.012404853275191939,0.02,0.013697535,2.5657337e-06
1,289,0,0.010106381253614946,0.0,0.005,0.001477012637230546,0.0018936376,0.03489838012782435,0.03463860653750739,0.0,2.559721553885746e-18,0.3269117228647209,0.00019390759389231285,0.005,0.0046192578690747955,0.007324713802577661,0.005,0.0021904109,7.74214e-08
1,290,0,0.013302309364233858,0.0,0.0,0.0029650786286068496,0.0022278458,0.03418748032087872,0.034691028273583766,0.0,1.1981537130650083e-17,0.33795886558293053,0.0002721401297574494,0.005,0.004623808456852212,0.00945834514429648,0.0,0.0023527571,8.1870115e-07
1,291,0,0.006508704088289414,0.0,0.0,0.0015551922216051556,0.0018936376,0.03418426474902623,0.03463772233830093,0.0,2.811781818589958e-18,0.3388804361304783,0.0002072614699501463,0.0,0.0024893834738370646,0.00454785436736003,0.0,0.0022058748,2.5529173e-08
1,299,0,0.021273123138483136,0.0,0.01,0.017481889723712545,0.0028546874,0.03564664437459422,0.03486107995162354,0.0,4.019370558572389e-15,0.34385073998578664,0.0002072614699501463,0.02,0.01290242506419249,0.015453889303244298,0.015,0.0034818966,1.6011876e-05
1,305,0,0.017721920847152517,0.0,0.03,0.008141702830337745,0.005944458,0.038746011339359725,0.03517246925898089,0.0,2.345975070346692e-17,0.412050860952937,0.0005514594251624173,0.04,0.015452020378484851,0.012451285970627739,0.03,0.006406082,4.61799e-06
1,308,0,0.05044839761665905,0.0,0.005,0.014978256387770688,0.0042565246,0.0348985151099837,0.03495283183526716,0.0,2.0474537151385405e-16,0.3557939855244354,0.0002002331041468413,0.02,0.01867079465392355,0.03503189221578664,0.0,0.0050287433,3.6581305e-06
1,313,0,0.016910472781007786,0.0,0.0,0.005371737055817732,0.002219792,0.03419319292525472,0.03468076320828879,0.0,1.8523602506835383e-17,0.36510213633715843,0.0002721401297574494,0.01,0.006125500456649757,0.012041310398536573,0.005,0.002592302,1.2931774e-06
1,317,0,0.0779048533288307,0.0,0.015,0.01465265275001432,0.00895168,0.03639706032228389,0.03560044779437884,0.0,6.085980089506775e-17,0.4334334338883046,0.0014531949231724477,0.04,0.02912729647056901,0.05678442585226984,0.0,0.010378128,1.2475326e-05
1,327,0,0.0031854188493745847,0.0,0.0,0.004299520950890479,0.0022820518,0.03418515234767273,0.034689461212956865,0.0,3.5447971585714503e-17,0.3244840159544482,0.0002721401297574494,0.0,0.0024417479088685488,0.002228153678045416,0.005,0.002650236,1.8839296e-07
1,329,0,0.006035558133400955,0.0,0.005,0.0012858078883928,0.002323871,0.03489790980885336,0.0346984779087534,0.0,2.674059540153075e-17,0.36006355668885626,0.0002721401297574494,0.0,0.003661309258642711,0.00420410257422781,0.0,0.0024613861,1.0222418e-06
1,331,0,0.02475502805867758,0.0,0.015,0.0054777659073628965,0.0038876054,0.03636856508929119,0.03491039799076212,0.0,9.032995045579942e-17,0.31407454550659575,0.0002072614699501463,0.0,0.012280099838439489,0.017486764937648967,0.02,0.004309144,4.475679e-06
1,333,0,0.00585835738486437,0.0,0.01,0.007352142436646554,0.00826111,0.03562504820680906,0.03548270800711744,0.0,1.1651237188792719e-17,0.3490637966145165,0.0003207042098307417,0.0,0.007867902380950007,0.0043166486438865285,0.015,0.0058476706,1.0550664e-08
1,336,0,0.03444679638980675,0.0,0.085,0.010360052956452611,0.008255916,0.04853208774204375,0.03549340087567292,0.0,4.193875813988258e-17,0.43796007177895685,0.0005514594251624173,0.06,0.034515691265637465,0.024492748443242413,0.06,0.008733999,3.9250208e-05
1,343,0,0.0017976237326583272,0.0,0.005,0.0015864899750561152,0.0046115615,0.03489693030829875,0.03499446575618063,0.0,1.3380500250156325e-18,0.310713600079094,0.00018733198151195515,0.0,0.0032489188120571684,0.0012725534888520353,0.005,0.004526691,5.0016746e-09
1,344,0,0.03424864320138771,0.0,0.035,0.010761361287340851,0.0035764566,0.039532868073109295,0.03500641484543469,0.0,1.1868421472294388e-15,0.36231095200906027,0.0002721401297574494,0.03,0.02089661526446594,0.024742717886768805,0.05,0.004172853,6.838849e-05
1,348,0,0.022488710572400435,0.0,0.0,0.01951644574263921,0.0041543497,0.034197602150400463,0.0349834138794871,0.0,6.47276481279182e-17,0.33795886558293053,0.0002721401297574494,0.015,0.011539876498076085,0.015770113160709632,0.005,0.0042826026,5.2389914e-06
1,351,0,0.022092387276507478,0.0,0.045,0.01769085373715178,0.005364423,0.04116083029691003,0.03509798640846314,0.0,6.374866906209548e-16,0.3724377535460035,0.0003496501966217423,0.035,0.02253691604142964,0.015679507672545487,0.05,0.0064772195,9.551702e-06
1,358,0,0.10380587722460835,0.0,0.115,0.07625704225781389,0.25800696,0.054852491218425364,0.09166649166902309,0.0,4.754962836878066e-16,0.47577013947835783,0.012846713768522392,0.065,0.1382674699090005,0.07528896774830277,0.095,0.09873995,0.031950686
1,360,0,0.002925265096177779,0.0,0.0,0.004410760234184032,0.0046115615,0.034184062355618085,0.03499483152453227,0.0,3.0192352124486684e-18,0.32771370432084346,0.0002002331041468413,0.0,0.0029868967177190103,0.002057025584192272,0.0,0.004526691,4.0710372e-08
1,380,0,0.04116792564445617,0.0,0.015,0.010431455494701957,0.006980874,0.036411113432001666,0.03534829659297326,0.0,8.888714311281381e-17,0.4237793763413406,0.00045908005981614114,0.015,0.018395063812292844,0.029515691048206987,0.005,0.0074455603,5.628761e-05
1,392,0,0.03139175357809582,0.0,0.0,0.00795204118753472,0.0055841445,0.034190764371776955,0.035147202746399576,0.0,3.233034945973405e-17,0.3546683865623322,0.0003207042098307417,0.01,0.011231984816195861,0.022916509293079187,0.0,0.0056442553,9.623795e-07
1,393,0,0.015704974253434752,0.0,0.06,0.004817150091960301,0.007189944,0.043744961959479294,0.03534636854565674,0.0,3.0347977197495006e-17,0.38885985442524523,0.0004077615835302916,0.03,0.021928017066554003,0.011062604108314354,0.06,0.0045572817,3.1955788e-06
1,394,0,0.24341482467517628,0.0,0.04,0.15796140398364913,0.005769747,0.040765475069073,0.03523175324197732,0.0,1.4168993672253834e-15,0.382505580266001,0.0003496501966217423,0.065,0.11178649387563772,0.18287195811718643,0.03,0.0072156335,0.00043577992
1,4,1,0.9993300487627752,1.0,0.995,0.9999999820531311,0.99890995,0.9858292308580393,0.9838384505660693,1.0,1.0,0.8072503802801823,0.9999557043688149,0.99,0.9983099952680635,0.9990734776014831,1.0,0.9983429,0.9999999
1,9,1,0.999999514602989,1.0,1.0,0.9999959658124412,0.9977652,0.9861328331980668,0.9837647726016842,1.0,1.0,0.6681518128345493,0.9999389772173278,1.0,0.9994401659660554,0.9999993276003121,1.0,0.9968437,1.0
1,12,1,0.999997821369266,1.0,1.0,0.9999999759125695,0.9990526,0.9861328408258004,0.9838474072141865,1.0,1.0,0.827982633671342,0.9999332552265502,1.0,0.9997625953632827,0.9999971673263024,1.0,0.99849594,1.0
1,25,1,0.9486616683075253,1.0,0.92,0.9938004330319896,0.9629717,0.9804031856968867,0.9813841912445239,1.0,1.0,0.5149625114517081,0.9973054815245647,0.92,0.9563584471641023,0.9291760662973076,0.92,0.9404212,0.99053425
1,29,1,0.9998121799842565,1.0,1.0,0.9999996054314073,0.9987093,0.9861326526738292,0.9838259521967683,1.0,1.0,0.8367248743426595,0.9999619242255329,1.0,0.9996302766094244,0.9997559999974657,0.985,0.99803215,1.0
1,31,1,0.9998200512080045,1.0,1.0,0.9999999819088935,0.9974349,0.9861328459109537,0.9837460377041576,1.0,1.0,0.7597125230881464,0.9999542503470111,0.99,0.9993137368072473,0.9997457847938308,0.985,0.9957419,1.0
1,34,1,0.9956977215951741,1.0,1.0,0.9999994103325466,0.9989311,0.986132650131218,0.9838393090188362,1.0,1.0,0.7813627675830349,0.9999301020426139,1.0,0.9986570604582409,0.9946884626533485,1.0,0.99826115,0.9999997
1,40,1,0.9999872142705879,1.0,1.0,0.9999999949983243,0.99903584,0.9861328459109537,0.983846367661703,1.0,1.0,0.8080104019644119,0.9999332552265502,1.0,0.9997557611337564,0.999983522266932,1.0,0.9985197,1.0
1,46,1,0.7678915546319449,1.0,0.915,0.8403174028316117,0.98538035,0.977776265377897,0.9824096817132278,1.0,7.239250046830935e-14,0.6599745628634998,0.9999085289861306,0.82,0.8771473272517458,0.6983061542616754,0.94,0.9757843,0.99257696
1,55,1,0.9999994069555789,1.0,1.0,0.9999997709038034,0.99888843,0.9861327925167507,0.98383716648482,1.0,1.0,0.8193950173766069,0.9999332552265502,1.0,0.9997219027097415,0.9999992488150394,1.0,0.99827397,1.0
1,59,1,0.9999398822859287,1.0,1.0,0.9999997263028583,0.99848574,0.98613284845353,0.9838119670068629,1.0,1.0,0.6844750342109657,0.9999285356485111,1.0,0.999606338147067,0.9999147891405687,1.0,0.9977324,1.0
1,64,1,0.9978876329292982,1.0,1.0,0.9999999423141077,0.99661285,0.986131704247873,0.983693708125969,1.0,0.004729658918341379,0.7158666398965874,0.9999412538847869,1.0,0.9986251055236888,0.9969373163590449,1.0,0.9950401,0.99999917
1,66,1,0.999523285554238,1.0,1.0,0.9999988684421932,0.9981067,0.9861316813628105,0.9837744422822678,1.0,1.0,0.6665360150881972,0.99988036287959,1.0,0.9994072180149465,0.9993961451482197,1.0,0.99702954,0.99999964
1,84,1,0.99999999618706,1.0,0.99,0.9999872149432182,0.99876785,0.9855191083623598,0.9838296305719294,1.0,1.0,0.7701434421586691,0.9999430072629069,1.0,0.9971887659783704,0.9999999957614116,0.995,0.99801767,1.0
1,90,1,0.9999920993376825,1.0,1.0,0.9999999261916301,0.9949647,0.98613284845353,0.9835901578358283,1.0,1.0,0.716214055795545,0.9999365656722361,1.0,0.9987391860869943,0.999990092888058,0.995,0.99223703,1.0
1,98,1,0.9999994865268457,1.0,1.0,0.9964548571779949,0.9977652,0.9861328560812553,0.9837668326530785,1.0,1.0,0.617522067948384,0.9999389772173278,1.0,0.998554881788408,0.9999992399336178,1.0,0.9967393,1.0
1,99,1,0.9999895520598568,1.0,0.785,0.9952271490685324,0.8360153,0.9651008002153215,0.969785766398168,1.0,1.0,0.616750601188579,0.9821010650055294,0.99,0.9040579962974553,0.999984533827754,0.8,0.76719415,1.0
1,109,1,0.8561655636115463,1.0,1.0,0.9286418521772306,0.99734443,0.9861088387813594,0.9835021640700017,1.0,3.008001178329127e-07,0.6493097248538603,0.9999285356485111,0.985,0.9455379625125246,0.8052207003779462,1.0,0.9956963,0.99418235
1,110,1,0.9394480902977775,1.0,0.97,0.9910068883793195,0.992645,0.9841904782496502,0.9833152399082902,0.4,1.894887610945605e-10,0.6969139616745963,0.9999695367910097,0.91,0.9732750009825982,0.9094277053098353,0.97,0.990159,0.9997333
1,111,1,0.9999999782065003,1.0,1.0,0.9999999600418272,0.9987459,0.9861328560812553,0.9838282593571999,1.0,1.0,0.7840166268255555,0.9999430072629069,1.0,0.9996864641305634,0.9999999737254899,1.0,0.9981115,1.0
1,122,1,0.9999793179446865,1.0,1.0,0.999997614078457,0.99785125,0.9861328535386805,0.9837722103084345,1.0,1.0,0.6152424870595128,0.9999389772173278,1.0,0.9994570461447476,0.9999740822195883,1.0,0.9967932,1.0
1,124,1,0.9998831070880634,1.0,0.99,0.9999994282646502,0.99723864,0.9855190871347119,0.9837337202684333,1.0,1.0,0.7418960663244354,0.9999412538847869,1.0,0.9967802928423898,0.9998402773100754,0.99,0.9957486,0.9999989
1,134,1,0.9999789107313006,1.0,1.0,0.9999999675703718,0.99888843,0.9861327899741644,0.98383716648482,1.0,1.0,0.7906511431803828,0.9999332552265502,0.99,0.999716827820314,0.9999700940466925,1.0,0.99827397,1.0
1,139,1,0.999812634950856,1.0,1.0,0.9999999938355247,0.99864084,0.98613284845353,0.9838216027988899,1.0,1.0,0.7611025782016286,0.9999430072629069,1.0,0.9996133660178919,0.9997551005352928,1.0,0.99790585,0.99999833
1,142,1,0.9478862388001165,1.0,0.985,0.9949935748329184,0.9957508,0.9852006418157246,0.9835278915585239,1.0,1.0,0.5871645518525658,0.9997985797720862,0.98,0.9809076496267493,0.9322993163159452,0.99,0.99376726,0.99996597
1,143,1,0.9999953303193766,1.0,0.995,0.9999908272780357,0.9985544,0.9858292568324646,0.9838162760935609,1.0,1.0,0.7933353287862841,0.999899510226151,1.0,0.9983851415369187,0.9999950088284931,0.995,0.9977742,1.0
1,144,1,0.9999858092430169,1.0,1.0,0.9999996889003031,0.9985544,0.9861323119598007,0.9838161934346084,1.0,1.0,0.8017764837293326,0.9999040433126061,0.995,0.9996349766733956,0.9999808020479765,1.0,0.9977982,1.0
1,147,1,0.9999999685605775,1.0,1.0,0.9999987214640019,0.99864084,0.9861328331980668,0.9838216854306682,1.0,1.0,0.7957159880933661,0.999947651454372,1.0,0.9996598813274415,0.9999999552600969,1.0,0.99790585,1.0
1,152,1,0.9939569753405396,1.0,0.88,0.9999993963612117,0.9833598,0.9767303471985737,0.9828348725831442,1.0,3.951022684415e-08,0.6118899998266294,0.9994083095904476,0.895,0.9643290463479842,0.9909798545194118,0.9,0.9703763,0.99998033
1,162,1,0.9874271550706287,1.0,0.965,0.9971041683052136,0.99543095,0.9838496686485572,0.9832588077978579,0.8,0.0005217545610628015,0.6054129521762999,0.9999056301492008,0.87,0.986240567431485,0.981030506376276,0.97,0.9934681,0.98800164
1,170,1,0.9999975850306616,1.0,0.99,0.9999987079077891,0.99864084,0.9855191083623598,0.9838216886088051,1.0,1.0,0.7949033489382298,0.9999430809717599,1.0,0.9971592820559093,0.9999971262117835,0.995,0.99790585,1.0
1,179,1,0.9994326071121915,1.0,1.0,0.9999999783799591,0.99888843,0.986132835740645,0.9838370394784836,1.0,1.0,0.7888234333195941,0.9999332552265502,1.0,0.9995802546179335,0.9992248268471836,1.0,0.99827397,0.9999998
1,182,1,0.6623196198871915,1.0,0.42,0.6695783872368128,0.15557785,0.3791159823626188,0.5804490978501285,0.6,2.1150273327857703e-14,0.44769078094647036,0.6261035860395493,0.31,0.47686896511150834,0.561526988529494,0.43,0.14791583,0.36536163
1,186,1,0.989849905740501,0.0,0.735,0.9999982606885547,0.91300124,0.9568970606202509,0.9774948768848308,1.0,1.0,0.4915014175122872,0.5360026668337514,0.915,0.9094623514322075,0.9866321229541514,0.745,0.86458087,0.99999636
1,190,1,0.9999977378320388,0.0,0.885,0.9999814423661939,0.9874166,0.9772253826260153,0.9831044914637757,1.0,1.0,0.7214750440469121,0.998097622152006,1.0,0.9680989513052802,0.9999969950310337,0.915,0.98648804,1.0
1,191,1,0.999999753256736,1.0,1.0,0.9999999862108746,0.99864084,0.9861328509961056,0.983821644114831,1.0,1.0,0.7562303965132611,0.9999430072629069,1.0,0.9996601436881993,0.9999996919563564,1.0,0.99790585,1.0
1,193,1,0.9999999478222722,1.0,0.96,0.9959539180219444,0.99757046,0.9835128244224004,0.9837546088866584,1.0,1.0,0.6658110372185038,0.9999770767256622,0.995,0.9883810802296317,0.9999999358575044,0.97,0.99618536,1.0
1,194,1,0.9998189676814709,1.0,0.975,0.9999999854885286,0.9986858,0.9845479336770043,0.9838244705100115,1.0,1.0,0.7818442419408009,0.9998248322088144,1.0,0.9933761825893368,0.9997712369318188,0.99,0.997865,1.0
1,195,1,0.9999990381335094,1.0,1.0,0.9999986442257826,0.9982476,0.9861328560812553,0.983796988986723,1.0,1.0,0.7393390814870985,0.9999285356485111,1.0,0.9995613264507239,0.9999987525911401,1.0,0.9975253,1.0
1,198,1,0.9999988643437926,1.0,1.0,0.9952780819884598,0.998099,0.9861328560812553,0.9837877682397971,1.0,1.0,0.7249836007213104,0.9999389648323563,1.0,0.9983439938491078,0.9999983020085857,1.0,0.9971078,1.0
1,199,1,0.9998698220066234,1.0,0.995,0.999999892875218,0.99465984,0.9858260824101729,0.9835705913409519,1.0,1.0,0.724127995805375,0.9999561606647044,0.995,0.9973823889856199,0.9998060106104036,0.995,0.9917619,0.9999971
1,208,1,0.9774433802692203,1.0,0.965,0.9955932788351034,0.99751186,0.9838643865105297,0.9837471687577225,1.0,1.0,0.7040103442845227,0.9999285356485111,0.97,0.9838871307032049,0.9696188836687331,0.96,0.9962685,0.99992853
1,209,1,0.6726619183101811,1.0,0.86,0.6875392925655736,0.9719034,0.9734311041379147,0.9808649976817515,0.6,2.7623202921852094e-10,0.5584119419113057,0.9963925104606504,0.78,0.7980261486518991,0.5870107815219613,0.89,0.9524858,0.94757724
1,211,1,0.9649072414447538,1.0,0.985,0.9971165006399987,0.9957294,0.9852018887931795,0.98352994207091,1.0,1.6150049159436262e-08,0.7140812430197644,0.9997249140219068,0.99,0.9856882822228101,0.946797787086965,0.98,0.99384475,0.99999917
1,217,1,0.9984018856766302,1.0,0.99,0.9999996867027442,0.9970379,0.9855190420258578,0.9837205911513748,1.0,0.9438664688595375,0.7472799073599955,0.9999501915585206,0.975,0.9963598649881542,0.9977302747495382,0.995,0.99539536,0.9999996
1,228,1,0.9763422072742652,1.0,1.0,0.9964773347356919,0.9985442,0.9861320068357551,0.9838123188925918,1.0,1.0,0.6748474246850976,0.9998598932546902,1.0,0.9928409395414908,0.9685226966935927,1.0,0.99767107,0.9998466
1,232,1,0.9975494408843674,1.0,1.0,0.9999960010699778,0.99888843,0.986109085830049,0.9838333844506156,1.0,1.0,0.816536128774834,0.9999301020426139,1.0,0.9991084687334822,0.9967080095773033,1.0,0.9982552,0.9999992
1,237,1,0.9998526022020717,1.0,1.0,0.999999963131043,0.9990276,0.986132835740645,0.9838454573048242,1.0,1.0,0.827255018867805,0.9999423786730182,1.0,0.9997200437895623,0.9998182941407004,1.0,0.99847955,0.9999971
1,239,1,0.9960337575302866,1.0,0.99,0.9999992834298677,0.9983662,0.9855187262600039,0.9838006456876159,1.0,1.0,0.7755768500060003,0.9999040433126061,1.0,0.996099804510554,0.994434250565856,0.99,0.9975343,0.99999684
1,241,1,0.9940815124487721,1.0,0.98,0.9999903820622766,0.99738747,0.984876987737491,0.9837339274308947,1.0,0.003333903976232498,0.748420043480179,0.9999501915585206,0.91,0.9928648408314746,0.9917359316778601,0.99,0.99548787,0.99998254
1,250,0,0.04618082571968651,0.0,0.05,0.06687889077075189,0.014363597,0.04620303224508909,0.0427590373244483,0.0,1.349464147680008e-15,0.38068593771334464,0.0003172893795772857,0.025,0.04435582840940128,0.030246842922578773,0.09,0.020033414,0.00073387194
1,251,0,0.0012476774349271863,0.0,0.0,0.002302777544429002,0.0017499268,0.03739322933238159,0.04072501773552442,0.0,9.572346993505245e-18,0.3010488294831281,0.0001101174898542575,0.0,0.001325095452033867,0.0008842404745737803,0.005,0.0020550261,4.279403e-07
1,258,0,0.09337889780843962,0.0,0.0,0.024844020174064365,0.0025444648,0.03742668193839308,0.04105519181159992,0.0,2.120852570423234e-16,0.32641709576972766,0.00011004434058745305,0.035,0.03019184568969911,0.0651718744864923,0.005,0.0027431245,0.0009979592
1,270,0,0.013413527758057209,0.0,0.0,0.0023647308093183946,0.0017954662,0.03739351970421909,0.04073431435882142,0.0,1.3055339825617433e-17,0.3038446936429918,0.00011132854321688184,0.015,0.004393431185436786,0.009287630425319134,0.005,0.0021160578,3.0120265e-05
1,271,0,0.0385102960807396,0.0,0.005,0.01534797811489067,0.004330976,0.03821167699712196,0.041148463974162074,0.0,2.2316524500150313e-16,0.31891430742830607,0.00011004434058745305,0.015,0.015797312532623342,0.02592681938311328,0.0,0.0050918334,0.00031763955
1,286,0,0.014828515675695094,0.0,0.0,0.00501746195366335,0.0030337367,0.03740427343750436,0.040925203596326475,0.0,2.1342774293058665e-17,0.32483093802652874,0.00011004434058745305,0.02,0.005719928587509909,0.010385016088096397,0.0,0.0031654225,0.0001081834
1,296,0,0.004856812761047823,0.0,0.0,0.003073487191789167,0.002196509,0.037393421558848214,0.04079419507437472,0.0,2.724740320578239e-18,0.3100154159958862,0.00011004434058745305,0.015,0.0025317022195612787,0.0036122001502061035,0.0,0.0022257906,1.8926068e-05
1,297,0,0.004052292343922993,0.0,0.0,0.0031162204712856297,0.0037823352,0.03739425093472015,0.04103818049309049,0.0,0.9999999966165554,0.30354012652728174,0.0001101174898542575,0.07,0.0027377120045873993,0.0029563673887711764,0.01,0.00385894,3.0421065e-06
1,309,0,0.003418370605628968,0.0,0.0,0.005547852478511164,0.0071333977,0.0373941047933708,0.04155991197660311,0.0,3.1894380119177416e-18,0.4091179805368735,0.0004868529760074215,0.01,0.004024905205880182,0.0025031576579931845,0.0,0.008733504,1.9818277e-05
1,322,0,0.06855651495913051,0.0,0.15,0.06594481995890283,0.07284699,0.07014115705628828,0.0531927968864544,0.0,8.590159544701366e-11,0.4062091790226051,0.0016713468378088644,0.18,0.08933708031785767,0.053257015374020875,0.135,0.06200367,0.0009504745
1,323,0,0.009663956379261332,0.0,0.01,0.003473634673873668,0.0038737068,0.039007160634317646,0.041052987914328966,0.0,2.1611161400144024e-17,0.2981393948703114,0.000276432837359484,0.0,0.006752824462102553,0.006717089292164239,0.015,0.0047137854,2.0012147e-05
1,325,0,0.02777790184376292,0.0,0.0,0.02996914177383123,0.0030851187,0.03739603288420933,0.04094509805326894,0.0,6.460415257076144e-17,0.3337605003384959,0.0001674923151912203,0.03,0.015208040584009864,0.02005946983084352,0.0,0.0042481762,0.00011765448
1,326,0,0.01826515396994037,0.0,0.005,0.005813426513247471,0.0027328636,0.03821078130025902,0.04088879337063279,0.0,7.64731966659798e-18,0.3345259347155164,0.00011132854321688184,0.015,0.00795286103322844,0.013114850264983007,0.01,0.0031012576,0.00019081224
1,332,0,0.0008335827992512789,0.0,0.0,0.0018054623048329626,0.002196509,0.03739325361339079,0.04079362448652196,0.0,4.2919028417232695e-18,0.3035333544608524,0.0001101174898542575,0.005,0.0012088885073730917,0.0005861782261129804,0.0,0.0022257906,1.8266847e-07
1,337,0,0.004029555659402431,0.0,0.0,0.0015284550348525503,0.002196509,0.037393349403772064,0.040793842450835886,0.0,2.3697488604184412e-18,0.31532194469287356,0.00011004434058745305,0.005,0.0019386299049157765,0.0028241455155963145,0.005,0.0022257906,5.108927e-06
1,338,0,0.00863609168908971,0.0,0.005,0.021892765732695565,0.0041432306,0.03819200537301444,0.041094570442205464,0.0,1.2610682760794994e-16,0.2931031702055298,0.00011004434058745305,0.01,0.009918022009707907,0.00649450678868359,0.005,0.0029481272,5.0271165e-06
1,339,0,0.2504040645551684,0.0,0.005,0.08017397368710119,0.00380787,0.03872999176301461,0.05660619563913087,0.2,9.913091929392684e-16,0.34684958681685385,0.0001473749695897706,0.045,0.08484647705373269,0.18717770704162556,0.0,0.00441786,0.027478416
1,347,0,0.00030843702991787325,0.0,0.0,0.0010628879741926757,0.002663612,0.03739322495350985,0.04086550112731152,0.0,8.401659064529024e-19,0.28545990260849824,0.0001101174898542575,0.0,0.0010087342260429795,0.00022631071790271386,0.0,0.0028977203,8.1346116e-08
1,352,0,0.030572774437978262,0.0,0.0,0.007523530528484323,0.0022536435,0.037420424326090836,0.04084047353714389,0.0,2.5259333754179227e-17,0.3232339349097015,0.00011132854321688184,0.0,0.010087487109086895,0.022525460486034096,0.005,0.002382242,0.0004483127
1,356,0,0.0003208822890254886,0.0,0.0,0.0006624929880934687,0.002196509,0.03739322385535465,0.04079362199439389,0.0,3.5519116225957303e-19,0.28034350801389807,0.00011004434058745305,0.0,0.0007949710506317705,0.00023465340326951154,0.0,0.0022257906,4.468704e-08
1,363,0,0.001444421721718736,0.0,0.03,0.0023360815922315826,0.0062317704,0.042437249181420424,0.04141861166094009,0.0,4.068783709520634e-18,0.36762083890218267,0.00024955456657304117,0.02,0.010003068424751762,0.0010446707302553947,0.04,0.0077166203,3.514277e-07
1,367,0,0.00031966165087391217,0.0,0.0,0.002112895824014211,0.0028382028,0.03739322430842099,0.04089240052226352,0.0,3.646521149522006e-19,0.3252207704591256,0.00024955456657304117,0.005,0.0013176900567652677,0.00023541332035462173,0.0,0.0030801673,1.2012688e-07
1,368,0,0.0027030384977011026,0.0,0.0,0.0016591750701534598,0.002196509,0.037393250552331656,0.04079367468110584,0.0,6.962306967840205e-18,0.29749594985969985,0.00011004434058745305,0.0,0.0016396806233156718,0.0018853731679023915,0.0,0.0023372932,1.5932314e-06
1,374,0,0.0005228302309382056,0.0,0.0,0.0022624106669873498,0.0029959835,0.03739322400051169,0.04091672278909234,0.0,1.3544215257314831e-18,0.3030733007465034,0.0001674923151912203,0.0,0.0014453060906422287,0.00037669228769346034,0.0,0.0042481762,5.923721e-08
1,377,0,0.09756538740877123,0.0,0.0,0.016659338698451393,0.002663612,0.03751988232895152,0.04156372222371165,0.0,1.1040994403228833e-16,0.3357625892449276,0.00011004434058745305,0.04,0.029222084501820997,0.07098420560860493,0.0,0.0029506274,0.0014080615
1,383,0,0.022737520792564966,0.0,0.005,0.007025796154221009,0.0033210104,0.03819241648090862,0.04097218334472989,0.0,7.057444239808188e-17,0.3175317599941353,0.00011004434058745305,0.01,0.009521081833339317,0.016076514310299637,0.005,0.0023799923,9.9892306e-05
1,384,0,0.02668640244633243,0.0,0.03,0.052868092633339914,0.0057855593,0.04257523899713937,0.041386875871467374,0.0,5.534865738319903e-16,0.33293089868601133,0.000276432837359484,0.025,0.028835013595932723,0.018800417762694036,0.04,0.0059436746,0.00029893522
1,391,0,0.0013267842682940728,0.0,0.0,0.0033477334653070658,0.0026137424,0.03739322627352295,0.04085784181920912,0.0,1.2520151892951167e-18,0.3110317027551003,0.00011132854321688184,0.0,0.0018220650259398931,0.0009338953237445556,0.005,0.0029555454,2.1616383e-07
1,396,0,0.0006737344912415241,0.0,0.0,0.0009458019247063366,0.0030851187,0.03739322511685704,0.040930472791820015,0.0,5.194551610265201e-19,0.335138128782243,0.0001674923151912203,0.005,0.0011761637835982905,0.00047910769106957943,0.005,0.0040458827,1.6593198e-07
1,397,0,0.034980669548766566,0.0,0.01,0.011777223040295728,0.004138906,0.039009727935132736,0.04110768490283824,0.0,1.3807755346994979e-17,0.3781048601176252,0.0001473749695897706,0.05,0.015224199652433356,0.02494285994712687,0.01,0.0051572155,0.00014389059
1,1,1,0.9890189889515423,1.0,0.945,0.9999991465881835,0.95513797,0.9826820902032546,0.9808353664985019,1.0,1.0,0.61879083646613,0.9998783746296911,0.94,0.97228902590077,0.9851903466022929,0.935,0.9303181,0.99999076
1,2,1,0.9999942915171524,1.0,1.0,0.9999999969516351,0.99892646,0.986041575152177,0.98372792927795,1.0,1.0,0.8237951642986331,0.9999731129198463,1.0,0.9997301873029345,0.9999923618710923,0.99,0.9983016,1.0
1,8,1,0.9999948818688854,1.0,1.0,0.9999999971221908,0.99899226,0.9860415811796508,0.9837319274864251,1.0,1.0,0.8600525358877076,0.9999731129198463,1.0,0.9997467858154647,0.9999933023119393,1.0,0.99845874,1.0
1,16,1,0.9859014638518669,1.0,0.995,0.9999981042450186,0.99805874,0.9857649172531128,0.9836743597852222,1.0,0.9999999999907363,0.8082351921100442,0.9999712743522038,0.98,0.994739576105299,0.9807073582037465,1.0,0.9964939,0.9999964
1,17,1,0.9923346371483962,1.0,1.0,0.9999984609244894,0.9984977,0.9860415811796508,0.9837018340108024,1.0,1.0,0.739142447269353,0.9999731129198463,1.0,0.9977077056514917,0.9902129507900015,1.0,0.9976903,0.9999997
1,19,1,0.999467588687181,1.0,1.0,0.9999998810125809,0.9985832,0.9860415811796508,0.9837069233835825,1.0,1.0,0.8235933985139228,0.9999706333365818,0.995,0.9995126668233627,0.9992911566431005,1.0,0.9978921,0.9999994
1,24,1,0.9999978763424804,1.0,1.0,0.9999999862449722,0.9989766,0.9860415872071221,0.9837309751023344,1.0,1.0,0.8446769754804886,0.9999731129198463,1.0,0.9997436127091648,0.9999972157217216,1.0,0.9984419,1.0
1,27,1,0.9999998581905808,1.0,1.0,0.999999191375071,0.99871814,0.986041575152177,0.9837152655327045,1.0,1.0,0.844241367882706,0.9999731129198463,1.0,0.9996792980187781,0.9999998283143424,1.0,0.9979552,1.0
1,28,1,0.9845083777786425,1.0,0.995,0.999994216255413,0.99497485,0.9857612388731618,0.9834578664322738,1.0,1.0,0.6352432827595013,0.9999436808099461,0.99,0.993619361410583,0.9792043517836587,0.995,0.9924994,0.99978817
1,32,1,0.9999927558470959,1.0,1.0,0.9999999989380113,0.9989686,0.9860415811796508,0.9837304898361222,1.0,1.0,0.8278816279676764,0.9999731129198463,0.995,0.9997403390029784,0.9999901936522114,1.0,0.99845874,0.9999998
1,38,1,0.9997684696953927,1.0,0.995,0.9999942651850459,0.99848527,0.9857652767437619,0.9836995114112065,1.0,1.0,0.7257232173773601,0.9999731129198463,1.0,0.9983120005106904,0.9997225679086198,1.0,0.99783903,0.99999964
1,50,1,0.9995342041780143,1.0,0.995,0.9999999343034452,0.9966041,0.9857653658468982,0.9835860816145069,1.0,1.0,0.6463734223839824,0.9999706333365818,1.0,0.9977845558625066,0.9994133470482447,0.995,0.991907,0.99999994
1,57,1,0.9984133557671315,1.0,0.995,0.9999994649618933,0.9979499,0.9857653351217408,0.9836680345869382,1.0,1.0,0.6662092804340957,0.9999436808099461,1.0,0.9978406797429938,0.998021312199509,1.0,0.9971424,0.99999964
1,60,1,0.9943591334834598,1.0,1.0,0.9961359326650681,0.9979475,0.986037581386795,0.9836530623996991,1.0,1.0,0.6945108811485469,0.9999436808099461,1.0,0.9971106450514218,0.992446683411257,1.0,0.9969791,0.9999986
1,61,1,0.9999992932617311,0.0,0.915,0.9933857692547623,0.992934,0.9805390078948907,0.9833597482773997,1.0,1.0,0.7248178705113121,0.9991574463044398,0.93,0.9753297627719151,0.999999072661713,0.93,0.98944676,7.75001e-05
1,62,1,0.9994747802080316,1.0,0.85,0.9999999535513243,0.946333,0.974945614908821,0.9802032357773252,1.0,1.0,0.6347413661505942,0.3571582054413932,0.995,0.9489519312206388,0.9993145105387783,0.86,0.8891517,0.9999999
1,71,1,0.9999890599277577,1.0,0.995,0.9999998154255801,0.997703,0.9857653412667776,0.9836533805371642,1.0,1.0,0.815246922526591,0.9999706333365818,1.0,0.9981729727894072,0.9999858788643007,1.0,0.9960382,0.9999998
1,74,1,0.9999990275243951,1.0,0.995,0.999999385370142,0.9989686,0.9857653689194104,0.9837304032840529,1.0,1.0,0.8311598614020556,0.9999731129198463,1.0,0.9984917535303359,0.9999988411759997,1.0,0.99845874,0.9999997
1,83,1,0.9960766896189968,1.0,0.985,0.9999980849513118,0.9942578,0.9851966165098488,0.9834412398656428,1.0,1.0,0.7860308983217582,0.9999428659087077,1.0,0.9938331455754843,0.9946790774058841,0.995,0.9891649,0.9999994
1,88,1,0.9999991513550476,1.0,1.0,0.9999992236344958,0.9987142,0.9860415811796508,0.9837150262957965,1.0,1.0,0.8419693220840521,0.9999712743522038,1.0,0.9996781458981121,0.9999988759895275,1.0,0.99800974,1.0
1,102,1,0.7989627430731782,1.0,0.745,0.9530775898533529,0.8943011,0.962445912276427,0.9759329346634749,1.0,3.0387659558983584e-09,0.6039343502412985,0.9999591518757365,0.795,0.8478353623482633,0.7373042572193399,0.73,0.815657,0.99823046
1,105,1,0.7288972225607727,1.0,0.745,0.9257486787566557,0.920414,0.9624117000266995,0.978060884663872,0.8,1.0,0.6514821935874414,0.9999528756927877,0.76,0.8300149680661735,0.6596726337749421,0.73,0.8473521,0.9914038
1,107,1,0.9999980490836771,1.0,1.0,0.9999987774239737,0.9989303,0.9860415841933866,0.9837281610845366,1.0,1.0,0.842350851458636,0.9999731129198463,1.0,0.9997317754869667,0.9999975019918902,1.0,0.99835265,1.0
1,119,1,0.9701458918794679,1.0,0.985,0.9973822176649988,0.99328667,0.9851965654148481,0.9833797051897621,1.0,1.082979570877079e-09,0.7157545777050984,0.9999601279876864,1.0,0.9864536946996925,0.9573772093505126,0.97,0.98911244,0.9999495
1,127,1,0.999992848969475,1.0,1.0,0.9999987592135153,0.99855,0.9860415661109615,0.9837050043763811,1.0,1.0,0.818432115306727,0.9999706333365818,1.0,0.9996354014973848,0.9999911966888587,1.0,0.9978921,1.0
1,128,1,0.9999999999815852,1.0,1.0,0.9933857692547623,0.9989686,0.9859798220038843,0.9837304898361222,1.0,1.0,0.8339197192405818,0.9999731129198463,1.0,0.9980885926157885,0.9999999999701226,1.0,0.99845874,0.7733358
1,132,1,0.9999943093943013,1.0,1.0,0.999998229229272,0.99850816,0.9860415932345906,0.9837024905234697,1.0,1.0,0.6889270224685748,0.9999731129198463,1.0,0.9996251734923725,0.9999932296983076,1.0,0.99777657,1.0
1,135,1,0.9659157977453544,1.0,0.865,0.9951250618128655,0.9342672,0.9763371872529727,0.9792928655908035,0.8,1.0,0.6602060322751502,0.9999708778050043,0.895,0.9400770206098843,0.9531315555997635,0.9,0.8955935,0.9998706
1,138,1,0.9908146178778697,1.0,0.995,0.9999976895003031,0.99698013,0.9857653320492216,0.9836087858522006,1.0,0.0016036218427320302,0.7528546149592383,0.9999712743522038,0.96,0.9956981095126569,0.9872827128659848,0.995,0.9919624,0.9999966
1,140,1,0.9992560106415598,1.0,0.825,0.9999984318906706,0.9858031,0.9723999284827384,0.9829109424780897,1.0,1.0,0.6711545975064788,0.9999601279876864,0.945,0.9525143924552621,0.9989872002965938,0.85,0.9677518,0.9999797
1,146,1,0.999927443432251,1.0,0.98,0.9999963183453647,0.9952514,0.9849039366318597,0.9835030937398632,1.0,1.0,0.7675420475531827,0.9999428659087077,1.0,0.9937937947344124,0.9999056491250685,0.985,0.9915485,0.99998456
1,155,1,0.9927026698342621,1.0,0.99,0.9999914399875482,0.9968721,0.9854817821678894,0.9835760741107449,1.0,1.0,0.6833055578030763,0.9999731129198463,0.985,0.994891559219483,0.9906986259496259,0.985,0.99475765,0.9992267
1,157,1,0.9954827874019475,1.0,0.995,0.9999997755399064,0.9971023,0.9857652798162931,0.9836165423439664,1.0,1.0,0.6762819199646247,0.9999436808099461,0.985,0.9968962207840246,0.9941936358676694,0.995,0.99587727,0.99999976
1,159,1,0.9999367083959821,1.0,0.995,0.9999992013844772,0.99890983,0.9857653504843277,0.9837269187081727,1.0,1.0,0.785654113490882,0.9999731129198463,0.995,0.9984614352068794,0.9999138918643606,1.0,0.998283,0.99999934
1,166,1,0.8737077240029143,1.0,0.985,0.9756879375654306,0.9942755,0.9851232413269359,0.982825072070432,0.6,0.9999102568302104,0.5737396658666313,0.9999384871023723,0.89,0.9571677929698679,0.8322839660672802,0.975,0.99185646,0.99849135
1,167,1,0.33350917134873864,1.0,0.705,0.9310721173266958,0.5637202,0.35696898332025057,0.21168611259582285,0.6,1.0,0.5173345467411556,0.9978050518635436,0.665,0.6333253787408191,0.2723136312251711,0.625,0.47488737,5.4415403e-07
1,173,1,0.9341560551406328,1.0,0.86,0.9912342506734645,0.9770099,0.9754281368757776,0.9823342076309743,1.0,1.0,0.5921683348468145,0.9999697806839912,0.895,0.9406000495694453,0.9155571638139139,0.895,0.9541801,0.9955017
1,180,1,0.9999952586769394,1.0,1.0,0.999997239678045,0.99892646,0.9860415811796508,0.98372792927795,1.0,1.0,0.8067293103743541,0.9999731129198463,1.0,0.9997297397744838,0.9999940206388871,1.0,0.9983016,0.9999941
1,181,1,0.994855724702846,1.0,0.955,0.9999821792180817,0.99657154,0.9833528420861688,0.9835840760151257,0.8,1.0,0.6367593260097741,0.9999731129198463,0.875,0.9866023611883619,0.9929470905741268,0.975,0.99445,0.9999995
1,184,1,0.9999966362664705,1.0,1.0,0.9999998825787411,0.9985342,0.9860415841933866,0.9837036675259607,1.0,1.0,0.8177004754843755,0.9999706333365818,0.995,0.9996326803552238,0.9999960211109978,1.0,0.9978689,0.9999975
1,189,1,0.9999999205369822,1.0,1.0,0.9999966855004012,0.99855,0.9860415841933866,0.9837049935407304,1.0,1.0,0.8361655161454759,0.9999706333365818,1.0,0.9996366509609831,0.9999999061168573,1.0,0.9978921,1.0
1,196,1,0.9999999980186827,1.0,1.0,0.9999852071532614,0.9989766,0.9860415932345906,0.9837309751023344,1.0,1.0,0.848030699420008,0.9999731129198463,1.0,0.9997404483552876,0.9999999977371361,1.0,0.9984419,0.9999999
1,205,1,0.9722006431090744,1.0,1.0,0.9970553566468784,0.99729687,0.986041041710585,0.983627717790022,1.0,1.0,0.7035787008767139,0.9999436808099461,0.995,0.991638217377686,0.9629840989239694,1.0,0.9960634,0.99999887
1,215,1,0.9996606535343462,1.0,1.0,0.9999999929322037,0.9985852,0.986041575152177,0.9837071369732592,1.0,1.0,0.8030548481200497,0.9999712743522038,1.0,0.9995614676545403,0.9995368843225926,1.0,0.9976974,0.9999997
1,218,1,0.9577742892288574,1.0,0.995,0.9938245502094042,0.99393433,0.9857652183655472,0.9834106729793882,0.8,3.470076128739067e-11,0.7337797970941492,0.9999707884672414,0.96,0.9851332931906736,0.9396985388767307,0.985,0.989307,0.99997
1,219,1,0.999985412874852,1.0,0.995,0.999999995862255,0.9978077,0.9857653689194104,0.9836598044192563,1.0,1.0,0.8069840074701148,0.9999752659719632,0.995,0.9981982725744059,0.9999802897370738,1.0,0.99626714,0.9999999
1,220,1,0.9927548936245737,1.0,1.0,0.9999996959106762,0.9976649,0.9860415841933866,0.9836507945829743,1.0,0.025406071729125308,0.7665380360708934,0.9999752659719632,1.0,0.9976048794928822,0.9897357660439372,1.0,0.9958876,0.99999064
1,224,1,0.3187364163187446,1.0,0.87,0.2716378812297482,0.9628118,0.5182184201400416,0.5535343657786365,0.2,7.17400473696732e-13,0.564965337276875,0.9996683873198389,0.63,0.6057965313020249,0.24943609783020373,0.86,0.94909775,0.012141053
1,230,1,0.9998413016336021,1.0,0.985,0.9999999761722284,0.99729294,0.9851965941558074,0.9836269075600539,1.0,1.0,0.7903382665611434,0.9999721132772779,1.0,0.9955335534135166,0.9997841321336218,0.99,0.9959105,0.9999999
1,235,1,0.9999522444026917,1.0,1.0,0.9999999990641396,0.9986553,0.9860415932345906,0.9837114373576488,1.0,1.0,0.8102212221908304,0.9999731129198463,0.995,0.9996518906701747,0.9999354029228966,0.99,0.9977714,0.9999999
1,253,0,0.003730999442335358,0.0,0.03,0.0041331058108086466,0.016655596,0.036546253580773305,0.03206554372690539,0.0,3.567236133636269e-17,0.3356647749589575,5.161086573704702e-05,0.03,0.013629925306569512,0.0025825546727642028,0.025,0.019885546,1.8654684e-07
1,259,0,0.03781838310120985,0.0,0.06,0.035524941626998575,0.015796166,0.04098594300243818,0.03196518898149212,0.2,4.761980218788521e-16,0.3541498443788428,6.108689508242931e-05,0.02,0.03728487266038796,0.026775592017196606,0.045,0.02097282,4.3079854e-06
1,261,0,0.018260252404865455,0.0,0.01,0.004245018630025484,0.01173111,0.03384784588127661,0.03149035565715766,0.0,9.831541730998265e-17,0.402948922093811,6.108689508242931e-05,0.03,0.011059095154194665,0.013052582117830327,0.015,0.012633612,4.0459236e-07
1,272,0,0.013307212501016737,0.0,0.04,0.008475220257880065,0.016655596,0.03797203313198305,0.03206581415846073,0.0,2.6966434596523914e-16,0.3197507830294513,3.197908148497991e-05,0.01,0.01960950718300771,0.009260252939157379,0.02,0.019885546,6.616318e-07
1,273,0,0.520582395792041,1.0,0.705,0.5365590717374361,0.5792355,0.9105441155501701,0.5665722065447284,0.8,7.625481305162133e-15,0.5485152779602034,0.9978050518635436,0.63,0.5853442404165718,0.43358051651348994,0.66,0.55220854,0.36324224
1,275,0,0.0358166745365069,0.0,0.09,0.012870255410202126,0.018651051,0.04593852081897154,0.03230175564413407,0.0,5.109748164031403e-16,0.37533484571217296,6.90459007512853e-05,0.085,0.039334495348376124,0.025522981603383472,0.075,0.020991808,9.334109e-07
1,276,0,0.008811845217957498,0.0,0.225,0.014695848440782162,0.045566924,0.07608413884471261,0.03565264700662113,0.0,3.3661479262434043e-10,0.3904683631406475,0.00023066986973309327,0.06,0.0735186543937699,0.006400937836916389,0.195,0.0537177,4.1982412e-07
1,279,0,0.0011897805174330496,0.0,0.0,0.00035040471714203636,0.0023183213,0.03257156119215937,0.030418575083127463,0.0,4.97218010007131e-18,0.3187156871111134,5.501956240567109e-05,0.015,0.0009646266240325107,0.0008382795735591988,0.005,0.0021778366,1.6200014e-09
1,281,0,0.002155364861210676,0.0,0.0,0.0016494458933238021,0.006925623,0.032571561308818615,0.030938702965217283,0.0,3.879194031816464e-17,0.33159059049085415,5.161086573704702e-05,0.005,0.0026826084217868437,0.0015332670382989127,0.0,0.0073968214,3.0338096e-08
1,284,0,0.0007485758539052003,0.0,0.005,0.0005404866549025271,0.0072267503,0.0332037197775464,0.030972971544806324,0.0,2.458346476896094e-18,0.3314767207685658,5.161086573704702e-05,0.005,0.0033789531908596923,0.0005327484783332338,0.005,0.0077765393,1.7421465e-09
1,292,0,0.03667195033854821,0.0,0.0,0.011080207918548407,0.005120473,0.03257261253896928,0.030739100840736194,0.0,5.143091982191645e-16,0.3646218937057617,5.501956240567109e-05,0.0,0.01321815780990561,0.025975152537285856,0.0,0.0053415787,1.7354203e-05
1,300,0,0.012092586836174644,0.0,0.005,0.0023542855583783204,0.002367724,0.03320378430138946,0.030424669862490483,0.0,3.4436158299060076e-17,0.35184611999968113,5.501956240567109e-05,0.025,0.005453649090142582,0.008512012461185827,0.01,0.0022074254,2.3993447e-05
1,302,0,0.06578683569657753,0.0,0.06,0.010939182494409335,0.008521256,0.04098762597956385,0.03112790140738337,0.2,4.897213811585557e-16,0.3590572460252718,6.90459007512853e-05,0.045,0.03631181855701083,0.047806322723447446,0.06,0.008508491,1.078111e-05
1,314,0,0.006298228018842429,0.0,0.005,0.0011548724938613818,0.0034183494,0.033203720798750634,0.030542030038521656,0.0,1.0749578988568465e-16,0.30514258277712836,6.218810504868533e-05,0.0,0.003967862485201546,0.004520505350144503,0.0,0.00340673,5.3140518e-08
1,318,0,0.0009858826630434838,0.0,0.005,0.0005064871131500303,0.005085619,0.033203719780511905,0.030729942538553687,0.0,5.96308887846156e-18,0.35400547166882984,5.501956240567109e-05,0.01,0.0028944972356717323,0.0007030046638029176,0.005,0.005313009,1.2364627e-09
1,321,0,0.07216030522903531,0.0,0.0,0.045895062334819686,0.0022865846,0.032575592563726226,0.03043452190368625,0.2,8.73739050488256e-16,0.345066318130025,5.501956240567109e-05,0.045,0.030085488036508696,0.052926336159999865,0.0,0.0022074254,0.00015122308
1,330,0,0.6393775091365244,1.0,0.635,0.7266151280533554,0.74202365,0.9419849886399698,0.9413998081415961,0.6,2.3506936922934848e-14,0.5233659263473414,0.9978050518635436,0.505,0.685754071005348,0.554189002298938,0.61,0.7146673,0.97856957
1,334,0,0.030317369442703516,0.0,0.23,0.021820369241430118,0.11883688,0.07749322139827321,0.046553668091362764,0.0,1.020285838467143e-09,0.40264205529206026,0.0003085754387779269,0.08,0.10024365460358955,0.02234546773181466,0.27,0.12587261,7.332522e-07
1,335,0,0.04688627143990979,0.0,0.02,0.021588669824338852,0.0033505235,0.035174933956395725,0.030584910745816415,0.0,8.966995652535326e-16,0.3546618858070069,5.501956240567109e-05,0.01,0.02295636619938705,0.03339724637537945,0.005,0.0034370746,0.00047103988
1,342,0,0.008336285735246743,0.0,0.005,0.004475070559748158,0.004620009,0.03320372975999405,0.030677488200216117,0.0,4.8478993179662474e-17,0.3665723292464202,5.501956240567109e-05,0.02,0.005607841349230545,0.005900535397750163,0.015,0.0050920458,6.0231696e-06
1,345,0,0.0038884081899631787,0.0,0.005,0.0038584798068983417,0.01154955,0.033203720050720115,0.03146937188031363,0.0,4.825159050282223e-17,0.36789260843288574,5.161086573704702e-05,0.035,0.0060741095263682765,0.0027142186338382037,0.035,0.012847555,4.6451717e-07
1,354,0,0.002580434295141382,0.0,0.0,0.0005390955049507786,0.0023117904,0.032571561232111565,0.030417850949644075,0.0,1.1918726897203384e-16,0.2646891994798381,5.501956240567109e-05,0.005,0.0013578300405231564,0.001833734292541497,0.0,0.0020990628,1.1400505e-08
1,365,0,0.11141184456018018,0.0,0.29,0.21429786773141302,0.19335608,0.09743378513165128,0.06681146406390784,0.0,3.4804656975629364e-15,0.46917334165234137,0.0021064269484858712,0.095,0.20226644853374232,0.08125135943801473,0.29,0.21984935,0.008239404
1,366,0,0.010722459653252145,0.0,0.055,0.007128142999151761,0.0034920287,0.040211297226192357,0.03055174929566579,0.0,2.3671679467184566e-16,0.3433372027499701,3.6474562975575226e-05,0.005,0.019085657834422638,0.0075273015281017205,0.03,0.0031651875,2.9316066e-06
1,372,0,0.008808737591356081,0.0,0.0,0.0034863309679279576,0.0022387623,0.032571622831954576,0.030411277204511478,0.0,2.704828863412834e-16,0.31183716968591185,5.501956240567109e-05,0.005,0.003633457722852634,0.0062268361030757766,0.0,0.0020990628,5.0761737e-06
1,376,0,0.001111365288964042,0.0,0.005,0.0005747160046656212,0.002412795,0.03320371979672888,0.03042915542747304,0.0,1.934826630021791e-17,0.275559933828968,5.501956240567109e-05,0.0,0.0022747190957037255,0.0007930555113103603,0.0,0.0022074254,5.2941793e-09
1,385,0,0.008086254075646396,0.0,0.0,0.0007827445154247654,0.0022387623,0.032571577897121826,0.0304097713199214,0.0,4.360691459411788e-17,0.2882381153845962,5.501956240567109e-05,0.0,0.002776940230799415,0.005712625396854892,0.0,0.0020990628,2.6039123e-07
1,395,0,0.021806633539937444,0.0,0.0,0.005346159996682582,0.0030529785,0.032571625039043185,0.030501246294106384,0.0,1.0444821040440674e-15,0.28384807087437613,5.501956240567109e-05,0.005,0.007551443020046176,0.01574486013101414,0.0,0.0030099498,1.2652733e-07
1,398,0,0.006142615268286062,0.0,0.0,0.005236417930307341,0.0048210914,0.03257156176016607,0.030700151996440283,0.0,1.1233267289619812e-16,0.316309258670192,5.501956240567109e-05,0.0,0.0040500311558167995,0.0043615816434027024,0.005,0.005135129,5.856813e-07
1,399,0,0.0015520310511893504,0.0,0.0,0.001510342039716148,0.0034920287,0.03257156121584575,0.03055026269578914,0.0,7.083090442324703e-18,0.3361188148288515,5.501956240567109e-05,0.0,0.001638600444048035,0.0010926576526261499,0.0,0.0031651875,1.1452812e-08
2,4,1,0.9992677501030854,1.0,1.0,0.9999999893092407,0.9989735,0.9832383526376344,0.9822998635647415,1.0,1.0,0.8178528265943608,0.9999357710946642,0.995,0.9995603070550011,0.9989764811697648,1.0,0.9982256,1.0
2,6,1,0.9999461425883526,1.0,0.985,0.9999946988640998,0.9958027,0.9821991469844518,0.9820708708964248,1.0,1.0,0.6965156872665378,0.9999345853113671,0.97,0.9951858854930036,0.9999207590095816,0.98,0.99440753,0.99999607
2,7,1,0.9996926172579624,1.0,0.935,0.9999995945367088,0.9923947,0.9782577610529752,0.9818214588837488,1.0,1.0,0.7879444117247533,0.9998681641212896,0.95,0.9817717243849777,0.999605224839166,0.945,0.98728937,0.9999998
2,13,1,0.9984077134050307,1.0,1.0,0.999999898034135,0.9982152,0.9832382446869992,0.9822453312324191,1.0,1.0,0.6867668649738763,0.9999123408060617,1.0,0.9991557024890029,0.9978789467423732,1.0,0.9970271,0.99981785
2,15,1,0.9999997163960581,1.0,0.995,0.9999991688817261,0.99697864,0.9828987569065121,0.9821561649631787,1.0,1.0,0.8127629333136875,0.9998899839390197,1.0,0.9979943814585299,0.9999996683412123,1.0,0.99529856,0.99999976
2,24,1,0.9999965045722619,1.0,0.995,0.9999999811467559,0.9987715,0.9828987569065121,0.9822853882364004,1.0,1.0,0.8175226024887423,0.9999142784783263,1.0,0.998441993596388,0.9999954643243643,1.0,0.99807394,1.0
2,26,1,0.9980202955551969,1.0,0.975,0.9999998855421084,0.99276686,0.9814714332968735,0.9818488890747178,1.0,1.0,0.7463990598878992,0.9999179012847027,0.98,0.9914467595611305,0.9972591188077087,0.98,0.9904784,0.9998782
2,27,1,0.9999998496128626,1.0,1.0,0.9999994709243766,0.99874663,0.9832383526376344,0.982283603047478,1.0,1.0,0.8211026335753349,0.9999123408060617,1.0,0.9996864885167256,0.9999998256862068,1.0,0.99807394,0.9999999
2,30,1,0.9933778624691656,1.0,1.0,0.9999991015006442,0.99801105,0.9832336865225977,0.9822297920552104,1.0,1.0,0.6676998073216942,0.9998549990276624,1.0,0.997847004144575,0.9919134086462377,1.0,0.997059,0.9995257
2,32,1,0.9999903182761961,1.0,1.0,0.9999999995062776,0.99888545,0.9832383458907396,0.982293528178888,1.0,1.0,0.8247772660757375,0.9999123408060617,1.0,0.9997189426324546,0.9999870130855494,1.0,0.9982839,0.9999988
2,35,1,0.999892545874443,1.0,0.995,0.9999993517163615,0.9971263,0.9828987534659069,0.9821668413543017,1.0,1.0,0.7545751714697977,0.9999123408060617,0.995,0.9980045447130621,0.9998654937244071,0.995,0.99528366,0.9999981
2,36,1,0.9995620010709968,1.0,1.0,0.9999999860099408,0.9987715,0.9832383458907396,0.9822853616873344,1.0,1.0,0.8217270786152272,0.9999343192153513,1.0,0.9995833689368679,0.9993906195186505,1.0,0.99810815,0.9999032
2,38,1,0.9999359630642384,1.0,1.0,0.9999995111451684,0.9983479,0.9832383458907396,0.9822549388032865,1.0,1.0,0.7172541851049511,0.9999123408060617,1.0,0.9995708381663806,0.9999248596377371,1.0,0.99744165,0.99999946
2,40,1,0.9999886374016977,1.0,1.0,0.9999999991056472,0.9990852,0.9832383492641874,0.9823079041120524,1.0,1.0,0.8495639524847549,0.9999123408060617,1.0,0.999768456104833,0.999985425148286,1.0,0.99841785,0.9999988
2,42,1,0.9999264455418454,1.0,0.985,0.999999994338836,0.9891075,0.9821991612996881,0.981577782671545,1.0,1.0,0.7591481936124983,0.9998637397313969,1.0,0.9935084823666395,0.999896228418082,0.975,0.9757234,0.99999774
2,44,1,0.9999998091453679,1.0,1.0,0.9999998707270682,0.99888545,0.9832383526376344,0.9822935713015705,1.0,1.0,0.8446543493967027,0.9999123408060617,1.0,0.9997212831549452,0.9999997698351072,1.0,0.9982839,0.99999976
2,45,1,0.9999709867778588,1.0,1.0,0.9999999962030431,0.99838066,0.9832383526376344,0.9822572970725567,1.0,1.0,0.6818916998578239,0.9999123408060617,1.0,0.999587910997911,0.9999625138947688,1.0,0.99744165,0.99997264
2,65,1,0.9730723281995286,1.0,0.92,0.9999944886285539,0.98467964,0.976917017582904,0.9812432749188196,1.0,0.0002427060553048377,0.6890981669678078,0.9994982654520562,0.89,0.9694366140418824,0.9626324481788365,0.92,0.97358423,0.9999983
2,67,1,0.9861268002177211,1.0,0.995,0.9999961839679488,0.9971897,0.982898715619204,0.9821710881902032,1.0,1.0,0.6561886121310317,0.9998549990276624,0.99,0.9945781711972888,0.9813302497012281,0.99,0.9951224,0.9999539
2,71,1,0.9999874200485193,1.0,0.995,0.9999998262008212,0.9969164,0.9828987534659069,0.9821516632238296,1.0,1.0,0.8038310679193021,0.9998899839390197,1.0,0.9979759148891325,0.9999832231169173,1.0,0.9948484,0.9999743
2,83,1,0.9969268419449687,1.0,0.985,0.9999995845282684,0.9939606,0.9821991326692039,0.9819365177365248,1.0,1.0,0.7918221785634907,0.9996692441057793,1.0,0.9939717613615039,0.9957687068158507,0.98,0.9895495,0.99995106
2,91,1,0.9982471990894305,1.0,0.795,0.9971591161851192,0.96639556,0.9621385924963958,0.9798006830722582,1.0,1.0,0.7150086315652048,0.9804456987062647,0.855,0.9392004680503192,0.9978089401715214,0.77,0.9615106,0.99999833
2,93,1,0.9999999974329656,1.0,1.0,0.9999980824687357,0.997059,0.9832383526376344,0.9821619759048651,1.0,1.0,0.8433302727906257,0.9998899839390197,1.0,0.9992642668797985,0.9999999970564968,1.0,0.995561,1.0
2,100,1,0.9999027852159719,1.0,0.99,0.9999993118585373,0.98844916,0.982552402960783,0.9815285350609939,1.0,1.0,0.7767088481460831,0.9995699845992827,1.0,0.9945878133397104,0.9998733949484728,0.985,0.98210657,1.0
2,102,1,0.8431178293183195,1.0,0.77,0.9765582808422871,0.86822295,0.9582406716550502,0.9700025280214217,1.0,1.5877995720899813e-10,0.5595307560751164,0.9960661432002155,0.805,0.8644747655124112,0.7931071848281516,0.715,0.8616985,0.99988705
2,105,1,0.7574610688139656,1.0,0.7,0.9648140985358399,0.8928757,0.9451693671947031,0.9728313890213105,0.8,1.0,0.6216589939960887,0.9952500255380329,0.785,0.8287877096841311,0.6893023884199422,0.68,0.8449364,0.99743396
2,109,1,0.8668014282544676,1.0,1.0,0.9463036728523658,0.99748456,0.9832234253533509,0.9821515684657165,1.0,3.455689973196598e-07,0.6706296132281672,0.9999123408060617,0.995,0.9526474164720056,0.8207616021591206,1.0,0.9955238,0.9961136
2,114,1,0.9995521232860118,1.0,1.0,0.9999982609290098,0.9989718,0.9832383357703927,0.982299325978079,1.0,1.0,0.833327872635579,0.9999123408060617,1.0,0.9996305510231616,0.9994209222548387,1.0,0.99815303,1.0
2,115,1,0.9866855439780263,1.0,0.965,0.9999985083959678,0.98989534,0.9807145812991869,0.9816360522954144,1.0,7.896884484001278e-10,0.7141195287394534,0.9997341539642437,0.95,0.985394849038628,0.981083271157436,0.965,0.9768727,0.9999972
2,135,1,0.9646421964470758,1.0,0.895,0.9960076693831523,0.90158236,0.9744948287495891,0.9737635565756364,0.8,1.0,0.573433294893535,0.9999415800774571,0.905,0.9393080565244669,0.9513421873545643,0.88,0.8873072,0.99988526
2,137,1,0.9999816134282933,1.0,1.0,0.9999999963077096,0.99888545,0.9832383526376344,0.9822935713015705,1.0,1.0,0.8164442886399502,0.9999123408060617,1.0,0.999716765620837,0.9999764003344305,1.0,0.99824536,0.9999418
2,139,1,0.999817867088434,1.0,1.0,0.9999999962407944,0.9987715,0.9832383357703927,0.9822853782805052,1.0,1.0,0.8175226024887423,0.9999123408060617,1.0,0.9996473379989408,0.9997613452332115,1.0,0.99807394,0.9998758
2,156,1,0.9947369121296586,1.0,1.0,0.9999996550341398,0.99885106,0.9832382683012589,0.9822909230714965,1.0,1.0,0.8035683835063289,0.9999103010991489,1.0,0.998396907007777,0.9929354602010388,1.0,0.9980095,0.9999957
2,157,1,0.9961088245838579,1.0,0.985,0.9999995908911384,0.9978654,0.9821991577208801,0.9822201937448922,1.0,1.0,0.6807457300588688,0.9998549990276624,0.985,0.9947434485829139,0.9948980573486728,0.985,0.997059,0.9999965
2,158,1,0.9999375724388091,1.0,1.0,0.9999999545830278,0.9982152,0.9832383526376344,0.9822453911003094,1.0,1.0,0.674588335008367,0.9999123408060617,0.995,0.9995381813846707,0.999920614096112,0.995,0.99685705,0.9999927
2,160,1,0.9987794122044712,1.0,0.935,0.9999976767134797,0.98961467,0.9782577349309161,0.9816156149334276,1.0,1.0,0.639372409058464,0.9998507658358844,0.98,0.9808479386065554,0.9983362318979107,0.94,0.984371,0.9999435
2,166,1,0.8986740015024516,1.0,0.98,0.9653073058349284,0.9954028,0.9813066755331038,0.9810789612446883,0.4,0.994769586416677,0.5944495920501149,0.9998549990276624,0.88,0.9598460300737859,0.8601303990278328,0.98,0.9929537,0.94423336
2,170,1,0.9999977697387619,1.0,1.0,0.9999987470271302,0.99874663,0.9832383526376344,0.982283603047478,1.0,1.0,0.8211026335753349,0.9999123408060617,1.0,0.9996857875738888,0.9999972892658313,1.0,0.99807394,0.9999997
2,175,1,0.9999156398772983,1.0,0.945,0.9999956795387289,0.9954986,0.9791089598039753,0.9820485923898963,1.0,1.0,0.7386948366502865,0.9999215652535229,0.99,0.9851024792594862,0.999884656216971,0.955,0.9940102,0.99999017
2,182,1,0.7109275643878544,1.0,0.49,0.8071501914897968,0.3164184,0.8781226834579432,0.7557063964000141,0.8,1.5501046702736162e-14,0.4662371706494043,0.3534914359083992,0.415,0.5811240413062964,0.6230042455040179,0.515,0.26491025,0.97524834
2,188,1,0.7848350690497804,1.0,0.98,0.8999031433128775,0.9878114,0.9818011472889636,0.9814049755747006,0.6,9.959981345146071e-05,0.6154975994628293,0.9998899839390197,0.88,0.9131373997369734,0.7241884595314558,0.995,0.98392165,0.96596986
2,189,1,0.9999999878416291,1.0,1.0,0.999999015675946,0.99888545,0.9832383526376344,0.9822935713015705,1.0,1.0,0.8689082876981767,0.9999123408060617,1.0,0.9997211140662301,0.9999999857492015,0.995,0.99824536,1.0
2,191,1,0.999999737990291,1.0,1.0,0.999999989408532,0.9987715,0.9832383526376344,0.9822853882364004,1.0,1.0,0.824543681292002,0.9999123408060617,1.0,0.9996928040163393,0.9999996724544302,1.0,0.99807394,0.9999977
2,192,1,0.9606163061226279,1.0,0.975,0.9999893969337967,0.9831572,0.9814709717191717,0.9811241524122013,1.0,6.230222469360172e-10,0.688866043212674,0.9984370684350565,0.98,0.9796907301397546,0.9427558006747877,0.96,0.96069765,0.9999402
2,200,1,0.9821737519077165,1.0,0.97,0.9999911098949754,0.9953028,0.9810966705765973,0.9820344844994986,1.0,1.0,0.6638394488443184,0.9998899839390197,0.99,0.9868669145416307,0.9768037005168216,0.99,0.9932319,0.99987817
2,202,1,0.9918230089245325,1.0,0.985,0.999997499199351,0.9969362,0.9821976402426107,0.9821527238595325,1.0,0.9999652890630855,0.6159254765679458,0.9999123408060617,0.94,0.9934391775432847,0.988339201393794,0.99,0.99503726,0.9999713
2,215,1,0.9995619821647211,1.0,1.0,0.9999999793673187,0.99885106,0.9832383526376344,0.9822910889513653,1.0,1.0,0.8035683835063289,0.9999103010991489,1.0,0.9996032555998373,0.9994181121578413,1.0,0.9980095,1.0
2,225,1,0.9999999977224581,1.0,1.0,0.9999845509722247,0.9987715,0.9832383526376344,0.9822853782805052,1.0,1.0,0.8506904482351988,0.9999123408060617,1.0,0.9996890093403044,0.9999999975099059,1.0,0.99807394,1.0
2,226,1,0.9999999983419796,1.0,1.0,0.9999974429491731,0.99711835,0.9832383526376344,0.9821662682556958,1.0,1.0,0.8369122672647928,0.9998899839390197,1.0,0.9992789487837104,0.999999998043491,1.0,0.995561,1.0
2,249,1,0.9999999999966276,1.0,1.0,0.9961138743561814,0.99888545,0.9832383526376344,0.9822935713015705,1.0,1.0,0.8247772660757375,0.9999123408060617,1.0,0.9987498317750385,0.9999999999964639,1.0,0.9982839,1.0
2,256,0,0.011803528662972396,0.0,0.015,0.00617988026612154,0.0026332627,0.03287015875436587,0.03572270595246995,0.0,3.3109393628697253e-16,0.30782465416343785,7.920384649309046e-05,0.005,0.008904167896896416,0.008029029395200149,0.02,0.0026270458,0.00022990377
2,258,0,0.09876879478330616,0.0,0.01,0.030186758096205742,0.0020556776,0.032537521725798026,0.03574293631438412,0.0,1.5296254707613795e-16,0.3308116738556604,9.810383191197394e-05,0.025,0.03525280761620392,0.069818277964912,0.005,0.0021355688,0.0028905738
2,268,0,0.12654785647807962,0.0,0.24,0.10471329691508437,0.099369876,0.07854453754109633,0.05240904133620734,0.0,1.5953602679374509e-10,0.4183647054631296,0.0010430363738585626,0.24,0.14265775736996897,0.09591496476480177,0.22,0.09287283,0.001850632
2,274,0,0.16320340875479541,0.0,0.05,0.06752475896510246,0.0030249935,0.03806355183885781,0.03591936135682652,0.2,9.365557911744081e-17,0.33940187006770084,9.810383191197394e-05,0.035,0.07093829029606215,0.11869511326651529,0.035,0.0032434422,0.0061823293
2,277,0,0.008264263617682774,0.0,0.005,0.0032045866612258234,0.0069374056,0.03159843584410185,0.036336936882824133,0.0,1.9910532473440368e-17,0.3282199186399863,0.0003342903968473684,0.005,0.00585156395976856,0.005889527601794395,0.01,0.007509046,5.1254327e-05
2,288,0,0.024349723541078373,0.0,0.005,0.03117837777288064,0.013522305,0.03159891491732596,0.03730226474956185,0.0,0.9999999997880558,0.35584599645891535,0.0006656465620373931,0.12,0.01851260147711894,0.0173816209346316,0.02,0.017304806,0.0006816753
2,293,0,0.01460295556299827,0.0,0.035,0.009536365133655834,0.004826693,0.03556581461492445,0.03603514590585344,0.0,5.483980484044238e-17,0.33985089419661546,0.00013996585199815958,0.03,0.015991503390238235,0.010534791508486725,0.02,0.005430924,0.00011077703
2,300,0,0.014111221408880624,0.0,0.0,0.004637245817103385,0.0019796838,0.030984148804661674,0.03562856947861665,0.0,3.923383807671278e-18,0.313300193032048,9.810383191197394e-05,0.005,0.00518203774616874,0.009886820658079788,0.0,0.0020776629,0.0002614437
2,303,0,0.003867942209012904,0.0,0.04,0.0043447554665246415,0.011622648,0.03627072847424335,0.037020089328848496,0.0,6.122614719779609e-19,0.3782011337827697,0.0003342903968473684,0.04,0.014958836357596388,0.0027665381022670948,0.05,0.009570923,3.2106524e-05
2,307,0,0.0730238024870062,0.0,0.03,0.0388198805649648,0.0034051295,0.03663344301474942,0.036478763162829476,0.0,3.2932856732156443e-15,0.31389815527720977,9.810383191197394e-05,0.045,0.03631220314723933,0.05191101899422162,0.02,0.0036304593,0.0103573045
2,318,0,0.0013268770648189074,0.0,0.01,0.0006550466810624018,0.0055681793,0.03222612624631296,0.0361393924722438,0.0,1.2598965823256184e-18,0.39496388087015644,0.0003342903968473684,0.0,0.004387525761949716,0.0009379297125311116,0.005,0.0056649693,5.0823937e-06
2,320,0,0.0022064898585663693,0.0,0.0,0.0067127557839659555,0.004136782,0.030977499009802303,0.03593421728000664,0.0,1.7944964769964174e-17,0.30870374615524804,0.00013996585199815958,0.0,0.003264006945518011,0.0016018460390027597,0.0,0.005155611,1.2224097e-05
2,327,0,0.003517712825205405,0.0,0.0,0.004297756559157964,0.0022318624,0.030978026411331752,0.035663109480311574,0.0,3.877477129443889e-17,0.29731548055313856,9.810383191197394e-05,0.015,0.0025118329450912963,0.0024377712797088295,0.0,0.0023143475,2.6473299e-05
2,330,0,0.6241173127826622,1.0,0.485,0.672099157278898,0.5433036,0.8414258318352206,0.5695961787826231,0.6,3.7255507309902475e-15,0.4642788938385891,0.3860063646406019,0.27,0.5811300197389772,0.5296335506057821,0.45,0.5289149,0.7911141
2,331,0,0.026911013496019213,0.0,0.005,0.0076909274111574945,0.0038922208,0.031610634239657466,0.03591301270315363,0.0,7.091100075109538e-17,0.32200769997157896,9.810383191197394e-05,0.01,0.010873540424185837,0.019109515585532266,0.005,0.004051582,0.00024083683
2,333,0,0.0038629990859282695,0.0,0.005,0.009950802946783589,0.0041065114,0.03159583615192631,0.03592985914369927,0.0,6.2932514998147525e-18,0.32660165372287486,0.00013996585199815958,0.0,0.0057300783486522126,0.0028707318574375798,0.005,0.0043853982,5.999935e-06
2,334,0,0.03465879592503465,0.0,0.245,0.020642071394121404,0.06936305,0.07993560886252954,0.046525479081929465,0.0,1.677624386456662e-11,0.41213476784012043,0.0013507870776678762,0.04,0.09241597937048705,0.025032993311631068,0.205,0.07438317,0.00025596004
2,340,0,0.004184954213449065,0.0,0.0,0.0010504787896885612,0.0020972826,0.030977921283105808,0.03564383268010416,0.0,7.700280147207944e-19,0.3203194690847173,9.85038654171941e-05,0.015,0.0018331788904543019,0.0029310783459191463,0.015,0.002108361,2.2290267e-05
2,349,0,0.0013828406814150218,0.0,0.005,0.0012472259592260012,0.0019834114,0.03159585121728459,0.035627547762790104,0.0,5.8980569279254496e-18,0.30824529915836846,9.85038654171941e-05,0.0,0.002403369504484219,0.0009735087544192754,0.005,0.002108361,4.5251136e-06
2,350,0,0.007644728294446725,0.0,0.035,0.0027806471927367964,0.0039688754,0.035564718662982026,0.03591035310934723,0.0,1.097982849533139e-17,0.33760878943997646,0.00040394510340768325,0.02,0.01234856271918242,0.0052987613239560945,0.02,0.0039105476,0.00013372471
2,356,0,0.00029036420758387396,0.0,0.0,0.0006300387795622033,0.0022045737,0.030977473225010637,0.03565890044936689,0.0,1.5493185948907265e-19,0.2964769826934046,9.810383191197394e-05,0.005,0.0007812441750972713,0.00020973691501142584,0.0,0.002436845,3.6556855e-07
2,357,0,0.04108079970400892,0.0,0.015,0.017958260131222654,0.0024934807,0.03304138353045767,0.03575534426074571,0.0,3.646354546172046e-16,0.3290771311465861,9.85038654171941e-05,0.07,0.019133135130332476,0.027762726853555825,0.015,0.0024949221,0.006227165
2,360,0,0.002585055867739834,0.0,0.0,0.004247652851544222,0.0052787918,0.030978098498889824,0.03609782987482942,0.0,2.8845111572349224e-18,0.3194353418552237,0.0003342903968473684,0.0,0.0030278751214744444,0.0018186947777197998,0.0,0.0053863376,1.6547116e-05
2,362,0,0.015296368857312143,0.0,0.0,0.006839880850352777,0.0024280502,0.030978773183026522,0.0356932170450856,0.0,6.218367789171022e-17,0.31987751654890756,9.85038654171941e-05,0.02,0.00614107496515559,0.010523463537376434,0.0,0.0026124413,0.00026304938
2,372,0,0.009120105999679355,0.0,0.0,0.006186296170530067,0.002268332,0.030978885822864007,0.03566943313623812,0.0,4.828837938276511e-17,0.30261112177656735,9.810383191197394e-05,0.0,0.004393683556727651,0.006446103880418123,0.0,0.002470514,0.000107358785
2,375,0,0.029885920124717878,0.0,0.0,0.011239509131534505,0.0019824884,0.030982152533741578,0.03563356432409645,0.0,1.550583404066277e-17,0.2981499369230213,9.810383191197394e-05,0.005,0.010776979423219198,0.021293557229835707,0.0,0.002049337,0.00047824276
2,382,0,0.0006348753771152876,0.0,0.035,0.0059056952774026086,0.007985421,0.03556415727455237,0.0364885333066321,0.0,5.728875018529063e-19,0.3782011337827697,0.0003342903968473684,0.01,0.012381498027728621,0.0004488619050761019,0.015,0.0075563863,1.8079278e-06
2,389,0,0.0010661011683680407,0.0,0.0,0.0012472945593688602,0.0022045737,0.0309774749729404,0.03565890360977782,0.0,1.138452183455255e-18,0.31243665891481187,9.810383191197394e-05,0.0,0.0011294923602449772,0.000770624949938827,0.0,0.002436845,1.6491448e-06
2,392,0,0.02500138641662533,0.0,0.0,0.008628607154667478,0.0036813968,0.03097922616060016,0.03587170998424491,0.0,2.1032727950156208e-17,0.3173997675314484,0.00013996585199815958,0.0,0.009327847600995613,0.018247777799140746,0.0,0.0043853982,0.00012408092
2,396,0,0.0006039815611983549,0.0,0.005,0.0008015416619611868,0.0036813968,0.031595832324597097,0.035869102901391045,0.0,2.6975108570093835e-19,0.34358298858652275,0.00013996585199815958,0.0,0.0025217300139622964,0.00042708848704111095,0.005,0.004337643,2.0279908e-06
2,1,1,0.9946773557758634,1.0,0.98,0.9999991331513031,0.98094237,0.9801131518623821,0.975271322030135,1.0,1.0,0.6763634762192917,0.9998074753219673,0.95,0.9889047143586379,0.992993346248761,0.975,0.9584646,0.999998
2,2,1,0.999983621541157,1.0,1.0,0.9999999876493304,0.9988146,0.9815270893141774,0.976760869907516,1.0,1.0,0.7848968116544496,0.9999246805484369,0.995,0.9996995480037987,0.9999799182883583,1.0,0.99790454,0.9999999
2,12,1,0.9999974885622603,1.0,1.0,0.999999878275364,0.9989008,0.9815270733230137,0.9767678702859024,1.0,1.0,0.8159245978776731,0.9999246651886085,1.0,0.9997245344946691,0.9999968334031997,1.0,0.9983138,0.9999983
2,16,1,0.9860556704888194,1.0,1.0,0.9999965373083072,0.9984763,0.9815270893141774,0.976733493608674,1.0,1.0,0.7675424860645316,0.9998983797513894,1.0,0.9961321335656833,0.9814637502051783,1.0,0.9978473,0.99998194
2,17,1,0.9924026889174349,1.0,1.0,0.9999940016443651,0.99821657,0.9815260858423344,0.976712489052625,1.0,1.0,0.706843688500577,0.9998541827786931,1.0,0.9976533149963689,0.9897845745748857,1.0,0.99719197,0.99995905
2,25,1,0.9811320156939803,1.0,0.865,0.9925688984519009,0.9773178,0.9696816573887372,0.974957649429286,1.0,1.0,0.6109912552999255,0.9982178914111978,0.9,0.9540046810511187,0.9733643464192395,0.9,0.95728904,0.9988617
2,39,1,0.9999804926177154,1.0,0.99,0.9999999597078961,0.9969928,0.9808326406464585,0.9766129655138682,1.0,1.0,0.7394839207186565,0.999932529749746,1.0,0.9967433196968509,0.999976525820684,0.995,0.99482334,0.999999
2,47,1,0.9943809003188289,1.0,0.865,0.9999942556549487,0.965014,0.9696821824358662,0.9738650935145903,1.0,1.0,0.6609768766833777,0.9992917535604039,0.965,0.956097284209814,0.9928119805422334,0.875,0.9478606,0.9999851
2,52,1,0.9958974107383912,1.0,0.985,0.9999967153160533,0.99693215,0.9804735716129653,0.9766078988446566,0.8,1.6033486601052836e-07,0.7133390361359041,0.9998717433992063,0.97,0.9944565687469638,0.9940875341348637,0.985,0.99477875,0.999343
2,57,1,0.9973145600149474,1.0,0.995,0.9999939143703798,0.99791855,0.9811812563629111,0.9766881900833372,1.0,1.0,0.6523404745439508,0.9997551866074049,1.0,0.9975567551462814,0.9964715653937777,1.0,0.99706393,0.99993694
2,60,1,0.9895933246261384,1.0,1.0,0.9973818304710719,0.9979626,0.981524962370163,0.9766918866920394,1.0,1.0,0.686019819826779,0.9997551866074049,0.99,0.9962344372823745,0.9859905844699385,1.0,0.99729365,0.99999785
2,68,1,0.9995259669942229,1.0,1.0,0.9999999951102466,0.9988146,0.981527109303113,0.9767608938719121,1.0,1.0,0.7827441252021684,0.9999246805484369,1.0,0.9995851362322942,0.9993869942424662,1.0,0.9980082,0.9999999
2,69,1,0.5309008362913172,1.0,0.75,0.9836493868973646,0.90564847,0.9540363973162036,0.9679072970533116,1.0,1.0,0.4705094382068134,0.9976765290907467,0.685,0.7925496732784021,0.48241605745065685,0.8,0.8341625,0.9998715
2,81,1,0.999976899444083,1.0,1.0,0.9999999413814552,0.9983423,0.9815269294019282,0.9767226653956756,1.0,1.0,0.6903516702855341,0.9998713557517144,1.0,0.9995797791112613,0.9999658679101037,1.0,0.9973985,0.9999939
2,85,1,0.9985691980352736,1.0,1.0,0.9999999880659455,0.9988146,0.9815271053053276,0.9767609034576635,1.0,1.0,0.7915656532367974,0.9999246805484369,0.995,0.9993459422314815,0.9980527891755205,1.0,0.9980082,0.9999993
2,86,1,0.8533048582616547,1.0,1.0,0.9492161225008007,0.99633104,0.9814807459683208,0.9765508134333872,0.6,2.6293159683887407e-07,0.6442075044213704,0.9996696425894955,0.92,0.9497130042133266,0.8040985321775072,1.0,0.9950288,0.9760839
2,92,1,0.9999989304145291,1.0,0.995,0.9999999807842629,0.9989504,0.9811831453054449,0.9767718827544055,1.0,1.0,0.7968079299934746,0.9999246651886085,1.0,0.9984873332522356,0.9999986538446177,1.0,0.99828714,0.99999917
2,104,1,0.9887149372659028,1.0,1.0,0.999981445710512,0.9981579,0.9815213676085098,0.9767076220445162,1.0,1.0,0.698579718995539,0.9997551866074049,1.0,0.9967135753574078,0.9847091927344928,1.0,0.9974662,0.99997985
2,106,1,0.9999935737745486,1.0,1.0,0.9999998524856544,0.9983423,0.981527109303113,0.976722660595102,1.0,1.0,0.688930766015151,0.9998713557517144,1.0,0.9995839254699275,0.9999908155171741,1.0,0.9973985,0.99999624
2,112,1,0.9997519700473386,1.0,0.97,0.9999994075846802,0.9981775,0.9793669340209451,0.976709230106925,1.0,1.0,0.7733176592003698,0.9999224453613106,1.0,0.9919822265033416,0.9996877229869531,0.97,0.9970471,0.99999976
2,122,1,0.9999937939985957,1.0,1.0,0.9999914657837321,0.998178,0.981527109303113,0.976709360002168,1.0,1.0,0.6743376719738624,0.9998541827786931,1.0,0.9995408162502084,0.9999918264894492,1.0,0.99721295,0.9999995
2,128,1,0.9999999913501799,1.0,1.0,0.9907791496159246,0.998877,0.981527109303113,0.9767659481075425,1.0,1.0,0.7919537895131098,0.9999348861355748,1.0,0.9974140324634728,0.9999999926194076,1.0,0.9981316,1.0
2,129,1,0.9716938784424978,1.0,0.99,0.9951525541098215,0.99784493,0.9808325287272891,0.9766819892406147,1.0,1.0,0.6659388533952658,0.9998769349989619,0.945,0.9886728417539551,0.9601689615838305,0.99,0.99647945,0.9998199
2,138,1,0.9890663631937391,1.0,0.995,0.9999978241256711,0.9972452,0.9811831371638504,0.976633635263888,1.0,0.04443463049897566,0.7078989717170722,0.9998848138495028,0.975,0.9953273449617952,0.9855352927971284,1.0,0.99556524,0.9999984
2,143,1,0.9999808534332966,1.0,0.995,0.9965158499336703,0.99848276,0.9811831493762408,0.9767339714377185,1.0,1.0,0.7204991632151038,0.9998983797513894,1.0,0.9974948667835523,0.9999795087136192,1.0,0.99752134,1.0
2,145,1,0.999999999614932,1.0,1.0,0.9919895520124355,0.9989504,0.981527109303113,0.9767718827544055,1.0,1.0,0.8046351344215703,0.9999246651886085,1.0,0.9977349933593794,0.9999999995843549,1.0,0.99819535,1.0
2,146,1,0.9999152994797968,1.0,0.985,0.9999955393529769,0.9885449,0.9804762814705735,0.9759127699714281,1.0,1.0,0.7339810541635605,0.9995220561478345,1.0,0.9933639300441539,0.9998974357822821,0.98,0.98460346,1.0
2,147,1,0.999999967626645,1.0,0.995,0.9999959851052139,0.9988463,0.9811831493762408,0.9767634668708651,1.0,1.0,0.7965013820833753,0.9999184435661023,1.0,0.9984605613068966,0.9999999573218903,1.0,0.99812585,1.0
2,151,1,0.9985991153237128,1.0,0.99,0.9999994490256577,0.99707043,0.9808327857259093,0.9766194752957164,1.0,1.0,0.7173089309233588,0.9998713557517144,0.99,0.996417249014665,0.9980383974318512,1.0,0.9949715,0.9999984
2,154,1,0.9999999999864273,1.0,1.0,0.9945661798701336,0.99861014,0.981527109303113,0.9767443647632085,1.0,1.0,0.8320109212800921,0.9999246651886085,1.0,0.9982940796874221,0.9999999999860849,1.0,0.9976083,1.0
2,163,1,0.9999875599495408,1.0,1.0,0.9999999603997389,0.996628,0.9815270453384443,0.9765834713641628,1.0,1.0,0.7634534809720162,0.9998717172453371,1.0,0.9991538766951005,0.999982693290499,0.995,0.9946743,0.99999964
2,164,1,0.37249046114567175,1.0,0.63,0.4422682852617376,0.9015675,0.874156543817809,0.7770054590761087,0.0,2.1550329781046062e-14,0.5177338137825558,0.9978566579035599,0.63,0.5865815662796249,0.29726918035311806,0.68,0.8256751,0.5240059
2,172,1,0.9998819396955243,1.0,0.985,0.9999998053765285,0.9980959,0.9804751840648638,0.9766997687615558,1.0,1.0,0.7146246716968156,0.9999146253993079,0.97,0.9957444186736757,0.9998481109098499,0.98,0.9967719,0.99999934
2,184,1,0.9999957298842165,1.0,1.0,0.9999994803711044,0.9989504,0.9815268854258218,0.9767717486154269,1.0,1.0,0.79885707420602,0.9999246651886085,1.0,0.9997364080163678,0.9999950022684562,1.0,0.99828714,0.9999999
2,193,1,0.999999991114667,1.0,0.975,0.992492580356713,0.99769455,0.9797434077956452,0.9766701827503416,1.0,1.0,0.6629276424023248,0.9999292693616325,1.0,0.9912967808540282,0.9999999881083278,0.955,0.996278,0.9999999
2,194,1,0.9997345901795258,1.0,0.955,0.9999999514427658,0.9982179,0.9781959405431147,0.9767126048846946,1.0,1.0,0.7828079444822497,0.9997565972629493,1.0,0.9882381055870381,0.9996634991632933,0.965,0.9973252,0.9999998
2,198,1,0.999995876677718,1.0,0.995,0.9911257293124781,0.9983423,0.9811831371638504,0.9767226893985296,1.0,1.0,0.7513154245902695,0.9998713557517144,1.0,0.9961159704024257,0.9999946288010529,1.0,0.99731606,1.0
2,201,1,0.9998402417106551,1.0,1.0,0.999999955428002,0.9983423,0.9815270493362424,0.9767226893985296,1.0,1.0,0.7169340752773681,0.9998713557517144,1.0,0.999545618189541,0.9997813242819775,1.0,0.9973948,0.999997
2,203,1,0.9997323868524363,1.0,0.995,0.9999998818203188,0.99707043,0.9811829946853855,0.9766194801170608,1.0,1.0,0.7018272663706794,0.9998713557517144,1.0,0.9979506750955112,0.9996333582560091,1.0,0.99453074,0.9999988
2,209,1,0.7906718661912787,1.0,0.91,0.9103497511146126,0.97641355,0.9713252925053207,0.9744514410196063,0.8,6.529808630765362e-09,0.5999306005725685,0.9984785460424533,0.795,0.8968587913246494,0.7261642654005793,0.915,0.9623391,0.9797541
2,213,1,0.9999990023906014,1.0,1.0,0.9999999900201348,0.998877,0.9815269653823029,0.9767659241482346,1.0,1.0,0.8131974269047947,0.9999246651886085,1.0,0.9997189953246308,0.9999987821200629,1.0,0.9981316,0.99999857
2,217,1,0.9981708697318928,1.0,1.0,0.9999994164614363,0.9979309,0.9815268614388112,0.9766872771940542,1.0,0.9959603490435313,0.7412114557909498,0.9999246805484369,0.985,0.999025292638649,0.9975201351378268,0.995,0.99628985,0.99999857
2,219,1,0.9999852233713045,1.0,1.0,0.999999949596291,0.9974275,0.9815267574947456,0.9766485028624208,1.0,1.0,0.7568694456984724,0.9998717172453371,1.0,0.9993531740259336,0.999979561454537,0.995,0.9959799,0.99999946
2,221,1,0.9752495600438564,1.0,0.985,0.9939536658398711,0.9980356,0.9804761464085178,0.9766976089552082,1.0,1.0,0.7117921844338401,0.9997962593020038,0.98,0.9880597089014662,0.9664372683421671,0.99,0.99751925,0.9999812
2,227,1,0.9990271587502979,1.0,1.0,0.9999993873544577,0.9974275,0.9815252102594664,0.9766484643383709,1.0,1.0,0.7568694456984724,0.9998717172453371,1.0,0.9991135173102237,0.9986461832118119,0.995,0.9959799,0.9999929
2,231,1,0.9956889579504176,1.0,1.0,0.9999975720026261,0.99821657,0.9815265296153631,0.976712489052625,1.0,1.0,0.706843688500577,0.9998541827786931,1.0,0.9984757748441798,0.9939665508210271,1.0,0.99737656,0.99999386
2,236,1,0.9993088251219787,1.0,1.0,0.9999998904847128,0.9982266,0.9815269653823029,0.9767133098325661,1.0,1.0,0.7024663323656957,0.9998713557517144,1.0,0.9993838246526724,0.9990349962018933,1.0,0.99722147,0.99999475
2,242,1,0.9999999983858125,1.0,1.0,0.9999936142582544,0.9988463,0.9815267015246264,0.9767634429090593,1.0,1.0,0.7623684450376217,0.9999146079891168,1.0,0.9997099762849486,0.9999999980951972,1.0,0.99812585,1.0
2,243,1,0.9747780083039239,1.0,0.79,0.9950294430111836,0.89398134,0.960192189681321,0.9665931431566838,1.0,1.0,0.5867423362418221,0.998431853090798,0.895,0.9134471972156024,0.9671321345032126,0.77,0.8444994,0.9999472
2,245,1,0.9999991745761226,1.0,1.0,0.9999985317665981,0.9982266,0.9815270213516376,0.9767133146350223,1.0,1.0,0.6696675310655682,0.9998713557517144,1.0,0.9995560723366796,0.9999987998828431,1.0,0.99722147,0.9999925
2,262,0,0.052782013410399904,0.0,0.015,0.015185177562393974,0.008394139,0.031383696095543284,0.03450675148725327,0.0,1.439312832871065e-16,0.31047096400260504,0.0001230743160885232,0.025,0.022840332465079622,0.03729312043818247,0.0,0.007938546,0.00030399446
2,263,0,0.03266267565832523,0.0,0.025,0.008182767370574995,0.010052725,0.032542496434109926,0.03470310060756004,0.0,9.204752428907366e-17,0.37007600856017075,0.0008922176159819079,0.015,0.018974541942574877,0.023632138206698454,0.015,0.010964762,0.00018095576
2,266,0,0.328338597687639,0.0,0.095,0.25276287814580695,0.04966463,0.05823090805492528,0.04297525906164345,0.0,2.2820119369465855e-15,0.38604229581794075,0.0004881506277428846,0.135,0.18144152682984627,0.25192327361915884,0.07,0.043056037,0.017463671
2,267,0,0.029561168982101375,0.0,0.02,0.009202138552535337,0.0019861262,0.03195521411074881,0.033752628305235684,0.0,1.2368324748483272e-16,0.27290226986036625,0.00024310603324832379,0.0,0.015187358429309392,0.020491978768924574,0.0,0.002273107,6.0283455e-05
2,273,0,0.5401091560596134,1.0,0.67,0.5336180413961515,0.44229615,0.3486805794816937,0.15521183380384385,0.4,5.262682858927323e-15,0.5318795367048911,0.5742221711085502,0.525,0.5465058362005654,0.44769043436163025,0.655,0.41160065,0.029154355
2,281,0,0.0012458512261275066,0.0,0.0,0.0013130363377537293,0.0054928497,0.02970907827883195,0.03416213509553438,0.0,7.603072226762659e-18,0.23145599274992523,0.00030682194601928074,0.0,0.002012934326253076,0.000894393577620269,0.0,0.0058666985,7.678988e-07
2,286,0,0.011079913251909226,0.0,0.0,0.004774230564369968,0.0038302322,0.029709088984855973,0.033967322706916055,0.0,2.6801702446583502e-17,0.31438689788676827,0.00024310603324832379,0.0,0.004921094002027517,0.008029141469421231,0.005,0.0039243554,2.2032747e-05
2,287,0,0.08809346115836991,0.0,0.195,0.02919852613427062,0.011545077,0.059951662906579196,0.034886590653034975,0.2,4.2206733450083225e-16,0.36671403007578274,0.0003059375282627839,0.155,0.08095926606473156,0.06092753157690427,0.2,0.012170388,0.00087012065
2,290,0,0.010532432648419488,0.0,0.0,0.002397392194148768,0.0028662086,0.029709080406660166,0.03385481243637801,0.0,2.257953916449538e-17,0.2800181704317171,0.00024310603324832379,0.0,0.003949008348970617,0.007616249139537592,0.0,0.003468765,6.7325805e-06
2,294,0,0.04281548930351835,0.0,0.01,0.024701166830060014,0.0038184226,0.03081378172437415,0.033970215783666755,0.0,2.8003084606608535e-16,0.3004990688818848,0.00017722978972117755,0.0,0.020333769672375455,0.03124768566343284,0.005,0.004003787,0.00017360914
2,304,0,0.2261012829061227,1.0,0.17,0.16258487219323364,0.016110681,0.055499557481395,0.035485086236453876,0.0,2.448614885682378e-15,0.2963888540464965,0.015685104562137862,0.095,0.14369920902418198,0.16320228818535748,0.165,0.012768699,0.008051948
2,312,0,0.024057427058390927,0.0,0.195,0.019223115086670836,0.055798125,0.059921213313010604,0.040595345780078514,0.0,1.7048699136257921e-12,0.3840465736244566,0.001171506342062482,0.04,0.07351966666675813,0.01758338696625119,0.19,0.053467747,6.7685505e-05
2,313,0,0.012529343737390668,0.0,0.005,0.0024465208632608805,0.0028662086,0.030255817363703332,0.03385484151164796,0.0,2.158149831742349e-17,0.3758187262239856,0.0003059375282627839,0.015,0.0057105182884914394,0.009065101370249544,0.0,0.003468765,7.135353e-05
2,319,0,0.5143489156121407,0.0,0.655,0.5728406430733092,0.6740156,0.9352784881718694,0.9294956877334677,0.6,2.1581240821934787e-14,0.4998754131827696,0.13175161851744502,0.47,0.6040512850733171,0.42195484048880016,0.635,0.60646296,0.97276455
2,321,0,0.09814857403906892,0.0,0.005,0.03869767413020942,0.0019861262,0.03026384019070305,0.0337546185852996,0.2,1.078357799918045e-15,0.32916817145665356,0.00024310603324832379,0.045,0.0359580935879698,0.07216017365975883,0.0,0.002273107,0.0005188809
2,322,0,0.06357063681642758,0.0,0.18,0.05499622683142449,0.07236243,0.05682667917076269,0.04299990280915199,0.0,1.5636036593670973e-10,0.4149409711468046,0.0035015293065402157,0.17,0.09273232351038697,0.04821342200559582,0.19,0.06109254,0.0006347754
2,328,0,0.03417161816443523,0.0,0.43,0.043161005206378625,0.306263,0.1336091426874763,0.09358604990638648,0.0,1.6140189906574096e-16,0.37835594219015295,0.016454211033390512,0.12,0.20339890578595984,0.024791201735939287,0.415,0.2901289,0.00016902591
2,337,0,0.00449371925184842,0.0,0.0,0.0024349010399638315,0.002003118,0.029709079763316795,0.03375442132409918,0.0,2.9184618952069408e-18,0.3433463955572196,0.0002971976364463224,0.01,0.0022329345554890807,0.0031693361360832393,0.0,0.0022783102,3.244695e-06
2,339,0,0.32493635328654824,0.0,0.06,0.18512865693908945,0.004180636,0.037619984619664086,0.03430353307250617,0.4,4.034451776437115e-15,0.37233232046007586,0.0002971976364463224,0.135,0.1435614115042274,0.2507875578370061,0.045,0.0045213546,0.0044749524
2,345,0,0.005439378930248355,0.0,0.0,0.007671041666737364,0.015495507,0.02970908430168368,0.03535732892704697,0.0,1.1850436621191731e-17,0.38481193159041066,0.00038611465290894366,0.01,0.007151481910891508,0.0037797108039410955,0.005,0.01739304,3.3638476e-06
2,359,0,0.0062864163807164,0.0,0.005,0.0031840448357698834,0.0025224295,0.030255803922512266,0.03381479458540524,0.0,1.8462975931761547e-16,0.24213292429907307,0.00024310603324832379,0.015,0.00424822266695817,0.004685812902876752,0.0,0.0028498825,1.1405274e-05
2,364,0,0.03991989965254627,0.0,0.06,0.01338347532190256,0.004859246,0.03695041424686443,0.034088453482412136,0.0,3.5188708001510794e-16,0.3447331782081414,0.0002971976364463224,0.035,0.02954065520558987,0.02741435053061395,0.05,0.0058698524,0.00016424994
2,365,0,0.06785789242095679,0.0,0.41,0.16596080947347105,0.23138107,0.1251519648635847,0.07328680110689702,0.0,3.1659035224662787e-15,0.3890321306474937,0.00961512649177743,0.08,0.21879994387213028,0.04901819482604762,0.405,0.24717252,0.00028376296
2,367,0,0.00025176289335028886,0.0,0.0,0.0007234373488678158,0.0027024804,0.029709078258647492,0.033835739041217734,0.0,4.078667719249477e-19,0.2925205605208297,0.0002510892437889419,0.0,0.0009194201642751018,0.0001815116801342672,0.0,0.0033023313,3.098276e-08
2,373,0,0.0344331334982547,0.0,0.0,0.007665013710157316,0.0020623687,0.02970940234149674,0.033761657219697316,0.0,1.0563085805740622e-16,0.3758444408004934,0.0002971976364463224,0.02,0.01104012897018828,0.02390436651040711,0.0,0.0023738015,6.045006e-05
2,374,0,0.00039722006955010845,0.0,0.0,0.0013663951871305843,0.0054928497,0.029709078259053518,0.03416213454555166,0.0,1.2869330335857366e-18,0.23644288746990083,0.00030682194601928074,0.0,0.00181411624945294,0.0002840292207666105,0.0,0.0058666985,8.019884e-08
2,380,0,0.045270879290506785,0.0,0.0,0.010571699225535108,0.0057622953,0.029709751855648617,0.03419580239535083,0.0,1.2762024341647804e-16,0.4161672353546697,0.00025847354550977576,0.065,0.01540121846196196,0.03266652879518091,0.015,0.006266843,0.00015537476
2,383,0,0.035651491855030526,0.0,0.01,0.014124714556911111,0.0020546175,0.03081289923268769,0.03376166641903508,0.0,1.1059754095851585e-16,0.3484572963087409,0.0002971976364463224,0.01,0.015457705979831217,0.024999633445266244,0.015,0.0023189478,0.000114616094
2,390,0,0.017807789072701377,0.0,0.005,0.0048574175687099656,0.007139074,0.030255947686146693,0.034356397317022516,0.0,2.785058039553966e-17,0.32537661326531747,0.0001230743160885232,0.025,0.008701070197971056,0.012133216031224896,0.015,0.0075735347,3.2778084e-05
2,395,0,0.017409493912431896,0.0,0.0,0.004030933804410386,0.0019814312,0.029709082872483774,0.03375192603701162,0.0,3.020858427158465e-16,0.25537089311797523,0.00024310603324832379,0.005,0.005855464717378464,0.01286890392918556,0.0,0.0021871803,6.120635e-05
2,0,1,0.6488314396481788,1.0,0.455,0.8599446230731671,0.31088164,0.8383076098263254,0.7900117778683812,1.0,1.0,0.47733292814522876,0.4260697733306991,0.79,0.5686644268021817,0.5866390502425705,0.5,0.2563003,0.5109757
2,5,1,0.9996649793122623,1.0,0.965,0.9999993739045285,0.9925103,0.9797766439953958,0.9810645080315517,1.0,1.0,0.8014554824569345,0.9997837644170244,1.0,0.9892936679932236,0.9995733028916964,0.955,0.98457205,1.0
2,10,1,0.9999994662536982,1.0,1.0,0.9999977004971131,0.9990627,0.9823279031273341,0.981522020647156,1.0,1.0,0.8338529477346986,0.9999327689474409,1.0,0.9997649709279296,0.9999993734044883,1.0,0.99840325,0.999993
2,18,1,0.9915183615634205,1.0,0.86,0.9950162972894195,0.94769,0.9697571600994318,0.977134645274056,1.0,1.0,0.5430547330448724,0.9740451509823727,0.905,0.9485561672309102,0.987901974735119,0.875,0.93567383,0.999987
2,21,1,1.0,1.0,0.99,0.9895510274834196,0.99776804,0.9816330886707421,0.9814325643606863,1.0,1.0,0.6589732694958482,0.9999235219178666,1.0,0.9943297679887901,1.0,0.985,0.99601895,1.0
2,22,1,0.9999771026801529,1.0,0.985,0.9999948316640718,0.9973763,0.9812756916085148,0.9814053863577338,1.0,1.0,0.7034581405832828,0.9999235219178666,1.0,0.9955870642726254,0.9999735904082028,0.985,0.99605894,1.0
2,23,1,0.9787872813807145,1.0,1.0,0.9999963997896427,0.99528307,0.9823279031273341,0.9812582079409358,1.0,0.000661140874226527,0.6835498261573679,0.9998304405261317,1.0,0.9935166870991917,0.9716831455210884,1.0,0.9927006,0.9999937
2,28,1,0.9771455862863819,1.0,0.97,0.9921558754675306,0.99646014,0.98015275142095,0.9813209166680439,1.0,1.0,0.6069465847485335,0.9990816500565964,0.95,0.9839404003763368,0.9684504952588838,0.96,0.99389267,0.99842453
2,29,1,0.9997193639412789,1.0,1.0,0.9999987330510395,0.998439,0.9823279031273341,0.9814790004065961,1.0,1.0,0.7927459963440516,0.9999428168997455,0.975,0.9995392777375739,0.9996385578150602,1.0,0.9974589,1.0
2,34,1,0.9965433226658253,1.0,1.0,0.9999978365772285,0.9985638,0.9823278958777831,0.981485929569548,1.0,1.0,0.7434149636673177,0.9999297779197504,1.0,0.9987762463317977,0.9958844906129721,1.0,0.9977295,0.9999995
2,37,1,0.9997739896174771,1.0,0.995,0.9999992305258318,0.99745816,0.9819837818363659,0.9814110526667245,1.0,1.0,0.6634144610677506,0.9999235219178666,1.0,0.9980578450167157,0.9997096588087067,0.995,0.99525696,1.0
2,53,1,0.9996667097772899,1.0,0.91,0.9999845009413784,0.9546521,0.9750226105842692,0.9781933852638861,1.0,1.0,0.5917842689143773,0.9991340255576983,0.995,0.9660758204294535,0.9995809252694745,0.92,0.9130705,0.99999976
2,55,1,0.9999990828403164,1.0,1.0,0.9999989515162437,0.99888176,0.982327914001655,0.9815096220090053,1.0,1.0,0.8493417079433557,0.9999327689474409,1.0,0.9997199479039822,0.9999988569708369,1.0,0.9982591,1.0
2,58,1,0.9999316555094862,1.0,1.0,0.9999953256600222,0.998353,0.9823278777538931,0.9814728326346498,1.0,1.0,0.7569414578266808,0.9999235219178666,0.995,0.9995699964062688,0.9999230498165794,1.0,0.9973369,1.0
2,73,1,0.9999999639407473,1.0,0.995,0.999990389977782,0.99858725,0.9819837892244923,0.9814892757068253,1.0,1.0,0.8393143971198823,0.9999327689474409,1.0,0.9983944011570157,0.9999999556570986,0.995,0.99751425,1.0
2,76,1,0.9999999714428128,1.0,0.975,0.9999847615698646,0.9984389,0.980540314888253,0.9814790180573404,1.0,1.0,0.8322155124841709,0.9999327689474409,0.995,0.9933559069403413,0.9999999685653799,0.98,0.99737906,1.0
2,84,1,0.9999999981784458,1.0,1.0,0.9951323150229966,0.9985732,0.982327914001655,0.9814883033445124,1.0,1.0,0.8289651820779466,0.9999327689474409,1.0,0.9984263743037023,0.9999999981810215,1.0,0.997503,1.0
2,89,1,0.3876114449032634,1.0,0.755,0.2986203109437155,0.937676,0.777743574038119,0.6593523356424199,0.6,2.739086459978934e-15,0.5220118220655277,0.9432812674619566,0.4,0.5947269420907502,0.3034865150575483,0.725,0.9105122,0.0077741775
2,98,1,0.999999685190785,1.0,0.995,0.9938543511212974,0.9977437,0.9819837892244923,0.9814308782431217,1.0,1.0,0.6589732694958482,0.9999235219178666,1.0,0.9966494405221886,0.999999581486853,0.985,0.99586535,1.0
2,107,1,0.9999904635480059,1.0,1.0,0.9999892995798306,0.9989784,0.982327914001655,0.9815160485884494,1.0,1.0,0.7962998490574501,0.9999327689474409,1.0,0.9997395348790966,0.9999876330650326,1.0,0.9982065,1.0
2,110,1,0.9313642430710937,1.0,0.98,0.9878820471818964,0.99703896,0.9809111468686611,0.9813490647156841,0.6,9.579729011602534e-10,0.7554467455081801,0.9999685620139276,0.94,0.9740713126774596,0.9011115279196615,0.985,0.9954514,0.99999374
2,117,1,0.4933351460561789,1.0,0.76,0.5801054840305723,0.97404623,0.9267347669950375,0.8099932092435931,0.6,1.3438389056595961e-14,0.5957632525453064,0.9950217025329682,0.295,0.7018717151007283,0.3975255248942933,0.69,0.95893574,0.036343876
2,119,1,0.9652055844733063,1.0,0.985,0.9999888458848751,0.9912277,0.9812754997833989,0.9809697119361589,1.0,3.156330571409272e-10,0.6656605624331524,0.9994631255312209,0.985,0.9853555291908408,0.9521400547983746,0.975,0.986279,0.9999834
2,120,1,0.9456457045725042,1.0,0.955,0.9843410031863545,0.9924359,0.9789661670016516,0.9810184523857426,1.0,1.0,0.6046484410180887,0.9996022578743567,0.895,0.9693556450784094,0.924137505468894,0.965,0.9910617,0.99874
2,131,1,0.9566469792400994,1.0,0.9,0.9947907565590077,0.99366367,0.9740464462631014,0.9811346582979275,0.8,5.7214833690814856e-08,0.712916367270935,0.999940071758524,0.96,0.9612753511079036,0.9388831444830021,0.91,0.98727614,0.9999736
2,132,1,0.9999955397863836,1.0,1.0,0.9999831982644573,0.9981041,0.982327914001655,0.9814558043710111,1.0,1.0,0.661132605651998,0.9999235219178666,1.0,0.9995207083774563,0.9999946213445982,1.0,0.99676263,1.0
2,142,1,0.969718115943291,1.0,0.99,0.9928881739694644,0.9932092,0.9816296474867754,0.9810529762898679,1.0,1.0,0.5736687759675703,0.9996022578743567,0.955,0.9864538682822126,0.9614490883589246,0.995,0.9910096,0.9999943
2,144,1,0.9999799906888837,1.0,0.995,0.9999989938396167,0.99848443,0.9819837855304295,0.9814821635431639,1.0,1.0,0.8344224852589823,0.9999327689474409,0.995,0.9983658543064491,0.9999734474854386,0.995,0.9977335,1.0
2,150,1,0.7334794194699232,1.0,0.855,0.8940278612399124,0.9765946,0.9691830265798024,0.9797274932230681,1.0,1.0,0.6953083937430844,0.994738459529187,0.83,0.8647754769033424,0.6604575122463964,0.87,0.95624614,0.99994326
2,159,1,0.9999827370725765,1.0,0.99,0.9999960366328661,0.99846786,0.9816330585537143,0.9814786872166833,1.0,1.0,0.7948009329809594,0.9998447024806113,0.995,0.9971116590778728,0.9999744639730862,0.99,0.99766845,1.0
2,162,1,0.9889821270227126,1.0,0.955,0.9962059835365907,0.9969553,0.9789618627256054,0.9809607519986973,0.8,0.00048499951995387543,0.6530584430661328,0.9998233448366275,0.875,0.9842858465237216,0.9833000497208716,0.95,0.9941561,0.9999238
2,165,1,0.920382317354315,1.0,0.905,0.9724458114733292,0.92129093,0.9744786925468454,0.9743608553077561,0.6,1.0,0.5287985913450589,0.9746316079933797,0.855,0.9297797657283726,0.8922762179439498,0.895,0.9208979,0.93459046
2,168,1,0.9999984616726884,1.0,1.0,0.9999916230475239,0.99905914,0.9823278886282294,0.9815218661439484,1.0,1.0,0.8557344011667697,0.9999447273338837,1.0,0.9997623063506081,0.9999981752218641,1.0,0.9984133,1.0
2,171,1,0.9999983564057129,1.0,0.995,0.9999882498434547,0.9981041,0.9819837818363659,0.9814558488175972,1.0,1.0,0.708752457005574,0.9999235219178666,1.0,0.9982726754270379,0.9999976069557132,1.0,0.9966698,1.0
2,176,1,0.9999995457183931,1.0,1.0,0.9999989168951451,0.99846786,0.982327914001655,0.9814810213952272,1.0,1.0,0.8095147445175602,0.9999327689474409,1.0,0.9996165813048967,0.9999993258064916,1.0,0.99766845,1.0
2,177,1,0.9939839333929404,1.0,0.99,0.9972954512263352,0.9960581,0.9816233395173095,0.9811974617872431,1.0,1.0,0.7257475049532166,0.9999469292591682,0.985,0.994334372760425,0.992628147567508,0.99,0.9929432,0.99999696
2,179,1,0.9992254002063639,1.0,1.0,0.9999998904038778,0.99888176,0.982327914001655,0.9815096146223241,1.0,1.0,0.8321873162950797,0.9999327689474409,1.0,0.9995267619674026,0.9989655344126437,1.0,0.9982591,0.99999994
2,185,1,0.7744555728793537,1.0,0.72,0.8268046089891753,0.982842,0.9482916507350905,0.9793726559594259,0.6,2.975257593243009e-08,0.6473557361227606,0.9944568399685584,0.8,0.8260255525023876,0.700537423915329,0.74,0.96795315,0.9942054
2,187,1,0.9992642219858331,1.0,0.97,0.9999997504880015,0.9974865,0.980162083544914,0.9814130177130043,1.0,1.0,0.8111840646198711,0.9998416302647483,1.0,0.9916876111509141,0.9989468790766979,0.97,0.9946516,0.9999995
2,196,1,0.9999999996269724,1.0,1.0,0.9949902695594027,0.9986284,0.982327914001655,0.9814921183431057,1.0,1.0,0.8357339421235055,0.9999327689474409,1.0,0.9984046617752009,0.9999999995665099,1.0,0.9977888,1.0
2,197,1,0.9999985151278092,1.0,0.985,0.9999960233830517,0.9975667,0.98127567242609,0.9814185923491027,1.0,1.0,0.6553935385503905,0.9999235219178666,1.0,0.9956403096231377,0.999998091053062,0.98,0.99586535,1.0
2,206,1,0.9988932394596383,1.0,0.965,0.9999997181194978,0.9941912,0.9797766357207986,0.9811828617946297,1.0,1.0,0.6649601534731031,0.9999046223593357,0.995,0.9895210467306376,0.9986925117436798,0.96,0.9881859,0.9999996
2,207,1,0.9983315908303619,1.0,1.0,0.9999997710704378,0.9978947,0.9823278052581504,0.9814411288038245,1.0,1.0,0.7562115347076624,0.9999451570826758,1.0,0.999056516560672,0.9978573890306082,1.0,0.99617815,0.9999746
2,208,1,0.9672375479840942,1.0,0.92,0.9923116787394286,0.99585587,0.9759597225593638,0.9812994210583669,1.0,1.0,0.676248233030253,0.9998886901732641,0.95,0.9688512736465561,0.9571727501979527,0.93,0.9937277,0.99999475
2,214,1,0.5595323484458053,1.0,0.75,0.7577704354614534,0.88830453,0.9159034834916405,0.8391333198841843,0.2,2.5265651664475365e-14,0.5417995010804163,0.9991412935585269,0.7,0.738901828870377,0.4787461302611118,0.725,0.7958786,0.93127406
2,223,1,0.9998931600054111,1.0,0.975,0.999999425407231,0.9857416,0.9805402989515718,0.9805783852561345,1.0,1.0,0.615362463347592,0.9998830629909443,1.0,0.990158550177013,0.9998634206318977,0.99,0.97557867,0.9999996
2,228,1,0.9672868275539396,1.0,1.0,0.994820945898514,0.997813,0.9823276022685172,0.9814353091901526,1.0,1.0,0.6154619916107527,0.9996022578743567,1.0,0.9899801899565888,0.9578057821432199,1.0,0.99617213,0.9999983
2,229,1,0.9999997678057095,1.0,1.0,0.9934646208514784,0.998602,0.982327914001655,0.9814902933374404,1.0,1.0,0.8058082196139769,0.9999760492559472,0.995,0.9980165904284952,0.9999996972116112,1.0,0.9977451,1.0
2,238,1,0.9999841262282188,1.0,1.0,0.9956399345777096,0.99783295,0.9823278813786726,0.9814369787973116,1.0,1.0,0.6589732694958482,0.9999235219178666,1.0,0.9983642536839574,0.9999820339040716,1.0,0.996458,1.0
2,244,1,0.9999833110068873,1.0,1.0,0.999999839782084,0.9986284,0.9823279067521085,0.9814921183431057,1.0,1.0,0.8189141865733952,0.9999327689474409,1.0,0.9996528821758499,0.9999793555617856,1.0,0.9977888,1.0
2,250,0,0.04229292569085558,0.0,0.105,0.06361362739937153,0.017645247,0.047577736061618324,0.04029102880195698,0.0,2.134464063315559e-15,0.3861251373647373,0.0004836236585973639,0.01,0.0571379500927062,0.02760075932236566,0.08,0.020629985,2.6702435e-05
2,254,0,0.036639510848231,1.0,0.09,0.024062958188562578,0.0068520242,0.04484382958588195,0.0386669489874452,0.0,2.168340454050747e-16,0.36904550000076747,0.0033515168866009373,0.035,0.03938862331790623,0.024674384940042933,0.07,0.0076555256,9.4054456e-05
2,259,0,0.04359628613372946,0.0,0.0,0.049034708734662945,0.005560235,0.03191057758437065,0.03837991929396222,0.0,1.5146081092686766e-16,0.3521166122603862,0.00043547148806686957,0.005,0.024547807497187123,0.03162964904155731,0.005,0.0052325013,3.3371234e-05
2,264,0,0.1639565326200179,0.0,0.045,0.11084205713534091,0.009220494,0.037849995326398746,0.039090417408541356,0.0,4.678354051664283e-16,0.3974203343413514,0.00023656601248459077,0.075,0.08225477092818978,0.12166649073862691,0.045,0.008295242,0.00019033362
2,269,0,0.0068539530112624696,0.0,0.0,0.001519611068494432,0.0072629466,0.03191049741409878,0.03860060757208734,0.0,8.401175138370583e-18,0.4063894418948958,0.00039552862809295164,0.005,0.003909127662977916,0.00472076530516662,0.0,0.0076557286,1.8260038e-06
2,282,0,0.14083435526149904,0.0,0.01,0.08443401489445058,0.0039027727,0.03314867742086984,0.038291107232908364,0.0,3.903242651453067e-16,0.362568533287509,0.0001653716216867501,0.035,0.05979278570757167,0.10406176171003031,0.005,0.003781649,0.000111099784
2,283,0,0.019461251405222604,0.0,0.3,0.026388806883189213,0.10065451,0.09733118302948343,0.054196375495988346,0.0,2.617146917503494e-11,0.4261944459291133,0.0013181299632457886,0.1,0.11162614273305647,0.013939962377483923,0.35,0.11136285,2.6982683e-05
2,284,0,0.0007204089590887989,0.0,0.005,0.0010659565125964992,0.0032424126,0.03252265454241054,0.038033815726674615,0.0,3.3807096578867093e-19,0.3474253380547221,0.0003747742564265481,0.0,0.0025071945134312826,0.0005096014620777076,0.01,0.0034978995,3.844513e-08
2,291,0,0.00566590351976698,0.0,0.0,0.0015836856939916407,0.0022886111,0.0319104547348753,0.03790252288812939,0.0,4.465129219152962e-18,0.3519740083118761,0.0001951131379050647,0.0,0.0023845500884651922,0.00396290327169041,0.0,0.0025856185,6.647721e-07
2,297,0,0.0028629966459324196,0.0,0.0,0.0021581263689278104,0.0027243698,0.031910453019588975,0.03796273962350007,0.0,0.9999999928472647,0.3546494926839113,0.0001951131379050647,0.07,0.0019363731924687518,0.0020991722260615435,0.0,0.003058321,5.8285787e-07
2,302,0,0.051574006444984014,0.0,0.09,0.012309830891558465,0.0069096205,0.044834152895973034,0.03856290522330662,0.0,8.1021736688892e-17,0.36318650581124723,0.0006136250587507425,0.055,0.04019836445475426,0.038082667906456744,0.06,0.0064133066,8.192753e-06
2,309,0,0.002776537563180054,0.0,0.0,0.0039862930733800105,0.0057038623,0.031910463227368305,0.03837839129183295,0.0,3.501045288044303e-18,0.3857718811240458,0.00039552862809295164,0.01,0.003116673231847371,0.001991380199263544,0.0,0.00650337,1.1331457e-06
2,311,0,0.003437252244733611,0.0,0.0,0.001481269191308667,0.0049905926,0.031910491973242854,0.03827936674455011,0.0,5.156485655424031e-18,0.355827605264086,0.0001951131379050647,0.01,0.0024772785087393443,0.002402970609541393,0.0,0.0054761213,1.5951379e-06
2,314,0,0.004227215871668684,0.0,0.005,0.0015042068614855113,0.004514344,0.032522657941615386,0.03821188014941181,0.0,1.2779691334398774e-17,0.34679436295381366,0.0002330517451001934,0.0,0.0038114416924333316,0.0029950727711911236,0.01,0.004482727,1.4922442e-07
2,315,0,0.09403312486763604,0.0,0.485,0.0658136496113414,0.19765177,0.19796319915726118,0.07729435473494414,0.0,3.068769756924058e-10,0.4637435159122247,0.0132297520981395,0.22,0.2106246370425387,0.0674516320522258,0.5,0.17190802,0.00085532136
2,325,0,0.027788844325210164,0.0,0.0,0.024412015526996934,0.0032818317,0.03191069380413898,0.03805493201386444,0.0,8.23915069823535e-17,0.35544200635321793,0.0003747742564265481,0.005,0.013870672898385027,0.019933299977504485,0.0,0.003541921,2.9804363e-05
2,329,0,0.005168123406152458,0.0,0.0,0.001606615000507991,0.0026121903,0.031910549877610134,0.03794853915283061,0.0,1.1957835548476902e-17,0.3627401963573266,0.0001951131379050647,0.015,0.0023467321819370716,0.003593351428148453,0.0,0.0030490812,2.3273687e-06
2,338,0,0.006847199602672765,0.0,0.015,0.021181572157221475,0.004863082,0.033781290338495376,0.03826062198817629,0.0,5.5314649989429165e-17,0.3281960698645455,0.00019872734947645125,0.0,0.01197296343137243,0.005161516040541973,0.01,0.0043264893,2.1945237e-07
2,341,0,0.012592802243180776,0.0,0.01,0.005569815458611579,0.005493405,0.03314632217251998,0.03835298301936593,0.0,2.815573220379367e-17,0.3536476064781415,0.0002330517451001934,0.015,0.008414005627794473,0.009056951057136558,0.005,0.00577089,5.3422546e-06
2,343,0,0.0016889708808670617,0.0,0.0,0.0032456668115757223,0.0039753215,0.031910449464644906,0.03813625239336682,0.0,1.8135269548806875e-18,0.32837465045499525,0.0001653716216867501,0.0,0.0022274898077972853,0.0011797730957971498,0.0,0.003781649,2.2669661e-07
2,346,0,0.024775073284364322,0.0,0.08,0.024759471879040644,0.05129484,0.04318139847302637,0.045328578233552276,0.0,2.6031336883158954e-11,0.419534569538545,0.002351077469072835,0.06,0.04520734650892318,0.01885304095862253,0.045,0.04653972,0.00010894761
2,352,0,0.026311529212161622,0.0,0.0,0.0072599700752171955,0.0022610947,0.031910992972259196,0.037908922693332035,0.0,4.0195546484994126e-17,0.3630842319779796,0.0001951131379050647,0.015,0.008958148509088167,0.01941119845497286,0.0,0.002612921,1.13374e-05
2,361,0,0.07978274897669012,0.0,0.015,0.0484503394763461,0.010606732,0.03379605434729479,0.03917567801342426,0.0,4.2355907643429496e-16,0.3718860834643071,0.0001951131379050647,0.04,0.038459955168123464,0.056145463129515474,0.025,0.010127376,0.0004131371
2,363,0,0.0013301883182381521,0.0,0.0,0.0018323031175862174,0.005942725,0.031910448607714526,0.03841154614801378,0.0,3.945142649484737e-18,0.36509638876964373,0.0001951131379050647,0.005,0.002276304136655861,0.0009420427729485822,0.005,0.005231166,1.4490146e-08
2,368,0,0.0021702807895693324,0.0,0.0,0.0013102859630751771,0.002174663,0.031910449040150536,0.03788575208979446,0.0,2.3131434409341468e-18,0.32097365719834053,0.0001951131379050647,0.0,0.0014138074111049697,0.0015194809959506233,0.0,0.0024998768,1.6883331e-07
2,369,0,0.1170054253647727,0.0,0.0,0.0562703930517853,0.002147743,0.03192573932254438,0.037967546286152364,0.0,1.1172313357321773e-15,0.33992184121199326,0.0001951131379050647,0.02,0.04385589035732852,0.08502935188634707,0.0,0.0024421748,6.374125e-05
2,370,0,0.016626374453446776,0.0,0.005,0.005594948738924768,0.0045399936,0.03252280359588971,0.038220564302886076,0.0,1.6332692040961402e-17,0.36929494664452256,0.0003747742564265481,0.015,0.00794032919599454,0.0117741929046247,0.0,0.004968484,3.7574798e-06
2,376,0,0.0010986169644320895,0.0,0.0,0.0007541332207118822,0.00485857,0.031910449428811716,0.03825956676999044,0.0,2.9643778997687318e-18,0.33742703609750174,0.0001951131379050647,0.0,0.0016778300896316827,0.0007593837508001469,0.005,0.00535009,5.7618283e-08
2,387,0,0.003971822661817782,0.0,0.02,0.002903575881319468,0.008468811,0.034428114803120004,0.038769001017545546,0.0,9.32874050669337e-18,0.35414127524265043,0.0001951131379050647,0.005,0.008836052485842988,0.0026904196204347026,0.01,0.008289893,2.4304026e-07
2,391,0,0.0012374157570627388,0.0,0.01,0.002548625147232414,0.005848475,0.03314620378369565,0.038398429482842764,0.0,9.330031943188667e-19,0.3635413375497511,0.0001951131379050647,0.005,0.004908628926220463,0.0008550775191062001,0.01,0.0054644137,3.814312e-07
2,8,1,0.9999932419674257,1.0,1.0,0.9999999577642932,0.9991093,0.9816382640454132,0.9779586770933372,1.0,1.0,0.8272810541245516,0.9999428368876209,1.0,0.99977563188121,0.9999912047810917,1.0,0.998657,1.0
2,11,1,0.999999737016268,1.0,0.98,0.9999986512215614,0.9986609,0.9801334918170017,0.9779234345102946,1.0,1.0,0.8154110966301276,0.9999428368876209,1.0,0.9946648275720763,0.9999996765086191,1.0,0.9978842,0.99999994
2,19,1,0.9996148502830537,1.0,1.0,0.9999988088360007,0.9990404,0.9816372417764968,0.9779529831977877,1.0,1.0,0.8189032810470334,0.9999494793174964,0.995,0.9996635209857039,0.9994749007529483,1.0,0.99862015,0.9999984
2,33,1,0.9999741664742791,1.0,1.0,0.9999974687477755,0.9987954,0.9816382315359541,0.9779340088470049,1.0,1.0,0.7570753030282455,0.9998733438403896,1.0,0.9996917563377861,0.9999666228355916,1.0,0.99804354,0.9999979
2,41,1,0.9727251627113778,1.0,0.92,0.9959147730872798,0.9816414,0.9748171895639117,0.9765393215109996,1.0,4.732357861297832e-10,0.6532189594062072,0.9915522854009647,0.995,0.9675703368949922,0.9604122450494323,0.965,0.9623159,0.9999984
2,46,1,0.793732981019198,1.0,0.835,0.8717854617461022,0.9911248,0.9633758860303555,0.977056801849969,0.6,1.21395045247566e-13,0.6880126029075869,0.9999363799747111,0.845,0.8729108128883999,0.7284425301740991,0.875,0.9830221,0.9986165
2,48,1,0.9999981122617845,0.0,0.88,0.9957783170589785,0.9633987,0.970606515211202,0.9749725783048769,1.0,1.0,0.6842349079827738,0.9970408842749832,0.995,0.9597937810782071,0.9999969649588603,0.915,0.93021506,1.0
2,50,1,0.9995648050239831,1.0,0.985,0.9999991325330947,0.9972126,0.9805204196283283,0.977806489267569,1.0,1.0,0.6581180720920986,0.9998733438403896,1.0,0.9954441315860392,0.9994217655943063,0.995,0.9941764,0.9999997
2,51,1,0.9999887861108718,1.0,1.0,0.9999999644268218,0.9988527,0.9816382604332539,0.9779385164333988,1.0,1.0,0.8062500401599616,0.9999428368876209,1.0,0.9997103700837642,0.9999856014595717,1.0,0.9979772,1.0
2,56,1,0.9999999849484138,1.0,1.0,0.9999819831698626,0.9987379,0.981638256821094,0.9779292436794352,1.0,1.0,0.8117995115584513,0.9999428368876209,1.0,0.9996799599412893,0.9999999830216623,1.0,0.9978842,0.99999994
2,64,1,0.9986514261717053,1.0,0.995,0.9999999680721786,0.99707294,0.9812657126824359,0.9777970468747083,1.0,0.009306781202164266,0.7417934769843733,0.9999360420555188,1.0,0.9976810823370635,0.9980383831064914,1.0,0.99581736,0.9999992
2,66,1,0.9995894529219107,1.0,0.995,0.9999962792187795,0.9976845,0.9812728289397158,0.9778461192327882,1.0,1.0,0.6609023851485366,0.9998054945532249,1.0,0.9980675527251139,0.9994729383440765,1.0,0.9963804,0.9999975
2,72,1,0.9999998364647568,1.0,0.995,0.9999997281818892,0.99913234,0.9812728657664471,0.9779604838822865,1.0,1.0,0.8522149086245283,0.9999449672719466,1.0,0.9985329749581626,0.9999998008647452,0.995,0.998657,1.0
2,74,1,0.9999998256301399,1.0,1.0,0.9999984026702792,0.9988036,0.9816381845777468,0.9779346467002543,1.0,1.0,0.8208481341057161,0.9999428368876209,1.0,0.9997004609676219,0.9999997796458474,1.0,0.99803907,0.99999136
2,77,1,0.9999175269316352,1.0,1.0,0.9999999537185003,0.998869,0.9816379461727225,0.9779394779824261,1.0,1.0,0.8054727397148005,0.9999428368876209,1.0,0.9996966206288807,0.9998893412663716,1.0,0.9980673,0.9999999
2,79,1,0.9991635791799731,1.0,0.99,0.9999985376366819,0.9947614,0.980899954583659,0.9776144187048142,1.0,1.0,0.714319439959573,0.9998905392901596,0.985,0.9959808810479976,0.9988765088367123,0.985,0.9902126,0.99999905
2,80,1,0.9999407114437002,1.0,0.985,0.9999999298550359,0.996424,0.9805186894326686,0.9777446922159301,1.0,1.0,0.7307148016740842,0.9999191762298377,0.985,0.9953411651588592,0.9999178295570141,0.975,0.9944062,0.99998504
2,88,1,0.9999988485793055,1.0,1.0,0.9999946723943253,0.99890876,0.9816382821061994,0.9779429200663035,1.0,1.0,0.7766465430858773,0.9999487816651084,0.99,0.9997255697842707,0.9999985384208806,0.995,0.9983942,1.0
2,90,1,0.9999945066934375,1.0,0.97,0.9999997114060571,0.9946253,0.9793363438314523,0.9776037361131239,1.0,1.0,0.7138822151913088,0.999939358785291,1.0,0.9911548721165409,0.9999930658618568,0.985,0.9906782,1.0
2,95,1,0.9988216524794059,1.0,0.98,0.9999992571827808,0.9828997,0.9801328986754483,0.976648845759675,1.0,1.0,0.7057368890696655,0.99795936770235,1.0,0.9904301587748378,0.9983423666650065,0.97,0.9750265,0.99999154
2,99,1,0.9999958676007703,1.0,0.815,0.9904696010544534,0.9321687,0.9621729448049897,0.9720410663849642,1.0,1.0,0.640876502921938,0.996652087300838,0.99,0.9344085477019834,0.9999942308264507,0.855,0.90174925,1.0
2,103,1,0.9999899376864047,1.0,1.0,0.9999942465120812,0.9990957,0.9816380689878113,0.9779563626651628,1.0,1.0,0.8272810541245516,0.9999428368876209,1.0,0.9997699656319885,0.9999881013066555,0.995,0.99862015,0.9999997
2,108,1,0.9610358507119633,1.0,0.845,0.9926059423291458,0.9840285,0.9662486954068944,0.9766353902743843,0.6,1.483026269922575e-11,0.6646558725619086,0.9990000447680697,0.89,0.9456675778102575,0.9422866679605174,0.89,0.9666086,0.99994725
2,111,1,0.9999999832517986,1.0,1.0,0.9999997573092152,0.99883443,0.9816381845777468,0.9779370383515795,1.0,1.0,0.8173190951278474,0.9999428368876209,1.0,0.9997085429331077,0.9999999794280694,1.0,0.99803907,0.9999999
2,113,1,0.9939205188857575,1.0,1.0,0.9999977194888661,0.9954184,0.9815470485548449,0.9776606392452095,1.0,1.0,0.6933900141521588,0.999855262162299,0.995,0.9973341669373297,0.9915412158297793,1.0,0.9936147,0.9999281
2,116,1,0.999903116064643,1.0,0.945,0.9999982933657423,0.9933363,0.9772043662748172,0.9775007085249087,1.0,1.0,0.7509986746954047,0.9986876930801102,1.0,0.9845594323384466,0.9998765883297388,0.975,0.9878683,1.0
2,121,1,0.9805277591482934,1.0,0.825,0.9958342080080606,0.8790268,0.9635869669372916,0.9662697138186672,1.0,1.0,0.6195447904126388,0.9985654919850016,0.94,0.9200971844370224,0.9753511229966572,0.82,0.7890237,0.9999982
2,123,1,0.9993127924965882,1.0,0.97,0.9999868344234717,0.98551625,0.9793351839365395,0.9768633310143925,1.0,1.0,0.6798876504813365,0.9994128953866901,0.97,0.9887039692633937,0.999076555692551,0.955,0.9744872,0.9999998
2,124,1,0.9999235803294833,1.0,0.975,0.9999992137305442,0.9972161,0.9797379113495609,0.9778090735036952,1.0,1.0,0.7590350196781027,0.9999360420555188,1.0,0.993034724880287,0.9998952229414492,0.99,0.9962901,0.99996334
2,127,1,0.9999944763249315,1.0,1.0,0.9999952044374171,0.99886453,0.9816382387602833,0.9779394220320594,1.0,1.0,0.8049202414019582,0.9999428368876209,1.0,0.9997135530698443,0.9999932981433381,0.995,0.9980673,1.0
2,134,1,0.9999915841885167,1.0,1.0,0.9999999220958448,0.9989951,0.9816377041523942,0.9779496933147573,1.0,1.0,0.7830854042428866,0.9999428368876209,1.0,0.9997466578945233,0.999988220089298,1.0,0.99845266,1.0
2,136,1,0.9988501634311889,1.0,0.975,0.9999995803937101,0.9974421,0.9797385279743666,0.9778265312762413,1.0,1.0,0.6762291110760624,0.9998733438403896,0.99,0.992822967524752,0.9984889289631601,0.98,0.99454767,0.9999988
2,140,1,0.9993639332516245,1.0,0.805,0.9999974439321143,0.97826767,0.960676146232164,0.9762610862524872,1.0,1.0,0.6360755396627468,0.9993151315368215,0.94,0.9456572617153683,0.9991687792665414,0.85,0.96333915,1.0
2,148,1,0.9999898305958587,1.0,0.995,0.9910555995403016,0.9983993,0.9812729099584309,0.9779028481701831,1.0,1.0,0.6745646780729846,0.9998696138139048,1.0,0.9961111868501793,0.9999875836906411,0.995,0.9974905,1.0
2,149,1,0.9993745507734353,1.0,0.97,0.9999943735041009,0.9884708,0.9793363884415225,0.9771074655270708,1.0,1.0,0.6965975544133083,0.9986005148005552,1.0,0.9894599292619805,0.9991604444607461,0.965,0.9755019,0.99999076
2,152,1,0.9943129768420572,1.0,0.85,0.9999984351575751,0.983377,0.966947672861168,0.9766817380007495,1.0,8.186277887353744e-08,0.6830406027554619,0.9997869460339103,0.885,0.9569220979568783,0.9914054530483443,0.855,0.966785,0.99999946
2,153,1,0.9999999996182685,1.0,1.0,0.9931064418178798,0.9987503,0.9816382532089332,0.9779301218060349,1.0,1.0,0.8272862458386587,0.9999428368876209,1.0,0.9979641926134468,0.9999999995489939,1.0,0.99787354,0.99999624
2,155,1,0.999168762841431,1.0,0.97,0.9999988665115053,0.9981323,0.979336376275149,0.9778818068087263,1.0,1.0,0.7425386388950937,0.9998733438403896,0.975,0.9918249794522248,0.9989419599634516,0.975,0.9972373,0.9999998
2,169,1,0.999988208639096,1.0,0.995,0.9999999240813019,0.99723756,0.981271447886012,0.9778110491420209,1.0,1.0,0.7813214947686015,0.9999445236115243,1.0,0.9980564239634094,0.999984339430748,1.0,0.99598074,0.9999904
2,178,1,0.9997259973353686,1.0,0.995,0.9999946026643144,0.99786264,0.9812723796478743,0.9778604239631795,1.0,1.0,0.7180044552787591,0.9998733438403896,1.0,0.9981458092606705,0.9996540496355674,0.995,0.996736,0.9999834
2,183,1,0.9536489622140994,1.0,0.965,0.9969348226667123,0.9908987,0.9786484183625443,0.9771832684628092,1.0,1.0,0.6339905699600759,0.9997891394710103,0.885,0.9766206283128696,0.9371357830513491,0.955,0.9882068,0.99928623
2,204,1,0.999999993832317,1.0,0.985,0.9999988918961376,0.9981567,0.980520641633682,0.9778837413141542,1.0,1.0,0.8196795336716787,0.9999428368876209,0.995,0.9957889030221939,0.9999999931601387,0.99,0.996253,1.0
2,212,1,0.9999999775951823,1.0,1.0,0.9999878551984759,0.9988164,0.981638256821094,0.9779355612758739,1.0,1.0,0.8173190951278474,0.9999428368876209,1.0,0.9997010509394272,0.9999999753380463,1.0,0.998009,1.0
2,222,1,0.9668313873562749,1.0,1.0,0.9912352320660024,0.9984669,0.9814354774998224,0.9779036515094914,1.0,1.0,0.6444051412295297,0.9998054945532249,0.995,0.9891333820885024,0.9567484100035605,0.995,0.99759704,0.9999441
2,232,1,0.9985306396064965,1.0,1.0,0.999996870821703,0.99883145,0.9816369816850337,0.9779361161345287,1.0,1.0,0.7580021001983115,0.9999249955402163,1.0,0.9993397403418445,0.9980089714944712,1.0,0.9982486,0.999994
2,233,1,0.9939166842802636,1.0,0.975,0.999998050964497,0.99667114,0.9797379232844089,0.9777661370501177,1.0,1.0,0.7452963224152912,0.9999653060225391,0.935,0.991396468859675,0.9917058039201196,0.985,0.9946919,0.9999997
2,235,1,0.9999575445291523,1.0,0.995,0.9999999957029404,0.99897254,0.9812723501857449,0.9779478435136308,1.0,1.0,0.8137242777115082,0.9999428368876209,0.995,0.9984825188413636,0.9999437612158113,0.99,0.998495,1.0
2,237,1,0.9998762126647293,1.0,1.0,0.9999998572241403,0.99892044,0.9816357642644319,0.9779421099868256,1.0,1.0,0.7977382025211409,0.9999249955402163,0.995,0.9996991276406745,0.9998456902696637,1.0,0.99835026,0.9999954
2,246,1,0.9999999996148781,1.0,1.0,0.9929169212154009,0.9987633,0.98163820986295,0.9779314875798025,1.0,1.0,0.8208481341057161,0.9999486850869176,1.0,0.9979200609151198,0.9999999995516098,1.0,0.99803907,0.9999989
2,248,1,0.9999985160604999,1.0,0.995,0.9999914422572614,0.99878687,0.981272747920657,0.9779332990290546,1.0,1.0,0.777263248616024,0.9999249955402163,1.0,0.998444206245662,0.9999981728409754,1.0,0.9981481,0.99999994
2,251,0,0.0018188794321126066,0.0,0.005,0.002789070828424782,0.0024487937,0.03298361685584862,0.036700747892002304,0.0,2.1552578488597677e-17,0.3376510637148289,0.00029813623301524285,0.0,0.0030141859985074707,0.0013164847207616823,0.005,0.0025619406,2.790532e-10
2,252,0,0.006934888919048092,0.0,0.01,0.004161990164888825,0.003564219,0.03363041951271814,0.03684545857773347,0.0,6.83925926825712e-17,0.31721104521939447,0.00029813623301524285,0.005,0.006165274518610415,0.00497863336255959,0.0,0.0037500958,1.1416935e-08
2,253,0,0.003752598870535048,0.0,0.015,0.0044371570022296684,0.012313671,0.03428847158663675,0.037992936550533,0.0,8.741942936189182e-18,0.38491373087573155,0.0002854922932833635,0.01,0.008875856820712121,0.0026369001849752866,0.005,0.012539683,2.3418798e-08
2,257,0,0.0560711202561248,0.0,0.01,0.030221528642721863,0.0042614527,0.033630951699113114,0.036990733030867806,0.0,1.4256988228191772e-16,0.35090990487428253,0.00021753143195828734,0.015,0.025138525400878676,0.03948989225305527,0.015,0.004343417,1.9846163e-06
2,260,0,0.0861690828740143,0.0,0.005,0.045009636713304206,0.0028068398,0.03309868365096788,0.03700211566489966,0.0,2.156466459424673e-16,0.3679122680208274,0.00029813623301524285,0.025,0.034746389838324836,0.06268614327712452,0.005,0.0026613341,9.3989565e-06
2,261,0,0.02128100877090418,0.0,0.005,0.008148300819348054,0.00852789,0.03298377366458732,0.037493317519160574,0.0,3.949572809514254e-17,0.406772451450399,0.0008775563177342044,0.02,0.010739299859501917,0.015332637767187933,0.01,0.009603391,5.4442953e-08
2,265,0,0.09624984849569158,0.0,0.005,0.08319418746753736,0.002910375,0.03373751856788429,0.03755763461392833,0.0,1.1485029459015756e-15,0.37066247545601383,0.00029813623301524285,0.005,0.04683860271495745,0.07035236230837953,0.01,0.0026945816,5.0234707e-05
2,270,0,0.017490482407422483,0.0,0.005,0.0053988326069097144,0.0026701842,0.03298817502359346,0.03673398559647852,0.0,2.381839989511339e-17,0.35921683556258616,0.00029813623301524285,0.01,0.007639874814450658,0.01244664803109807,0.0,0.0027265924,1.8349607e-07
2,280,0,0.47348022790074196,0.0,0.23,0.5553101197035258,0.1534054,0.5824519865170128,0.4311016079274591,0.6,8.476001402636841e-10,0.4493067280644907,0.010412576099400416,0.44,0.3530489364336712,0.39442675784548265,0.25,0.13651207,0.48518696
2,289,0,0.010075094609602708,0.0,0.0,0.0017346035310467978,0.0026515082,0.03234924829452459,0.036727784080350497,0.0,5.123490468840944e-18,0.3609621547151685,0.00029813623301524285,0.015,0.0036153015849251322,0.007330778422898326,0.0,0.0026736418,3.7353227e-09
2,292,0,0.03442696985436829,0.0,0.0,0.022046238751640926,0.005307327,0.03235097151880916,0.03710241544926145,0.0,2.265145815379141e-16,0.39221208799881385,0.00029813623301524285,0.005,0.015445133907661968,0.024399866407738308,0.005,0.00556941,2.4927474e-06
2,298,0,0.2275242344848705,0.0,0.02,0.17679201281890317,0.007479377,0.035154889954795,0.038654032894413354,0.4,1.6160976052698092e-15,0.3948869217767412,0.0006167202170398853,0.095,0.10794890609867615,0.16930300458957537,0.005,0.00895677,0.004938906
2,301,0,0.0008556268968214812,0.0,0.0,0.00046398173025156807,0.0021604358,0.032349164275213914,0.03666348659471505,0.0,2.6223165151036452e-18,0.3376510637148289,0.00029813623301524285,0.0,0.0008700111005919873,0.0006265216423129418,0.0,0.0022521333,2.3901508e-12
2,324,0,0.32306799806848063,0.0,0.36,0.3608150154793044,0.49935293,0.777950317116663,0.7436000121634394,0.2,2.2250841416327442e-14,0.45567513668711607,0.05543978062333377,0.205,0.38580898638102584,0.2496662508442343,0.33,0.36233455,0.81820595
2,326,0,0.018925170698146608,0.0,0.005,0.004242253592582301,0.0028990528,0.03298380945407945,0.03676816239406257,0.0,1.528379836970076e-17,0.3915045558737604,0.0003350701621267949,0.015,0.007766619274697538,0.013501917923330418,0.005,0.0032821824,4.572252e-08
2,332,0,0.0013421622916261428,0.0,0.0,0.002632676776574816,0.0024430056,0.032349186219366555,0.036700017550163506,0.0,8.82346735546536e-18,0.34140649205552,0.00029813623301524285,0.0,0.0016044611579730543,0.0009754492054966299,0.0,0.0026700725,2.9616748e-10
2,335,0,0.05394611023825014,0.0,0.005,0.03621653485638576,0.0058055064,0.03298650184637367,0.037200866980716736,0.0,2.691888257190985e-16,0.3875032250606585,0.00029813623301524285,0.03,0.02524203786639939,0.03838640308759477,0.01,0.0054096035,5.7745356e-06
2,336,0,0.038339866428823983,0.0,0.04,0.011907272232758562,0.009411389,0.0377729000834901,0.0376451897412098,0.0,6.099381413749506e-17,0.44033839625968935,0.0003350701621267949,0.035,0.024914631917436737,0.026936074402065083,0.04,0.010593639,9.273932e-07
2,342,0,0.01024814479640861,0.0,0.015,0.0075295361592781895,0.0042851144,0.03428844691651983,0.036939895595591736,0.0,1.3890018248104914e-17,0.37886639712338893,0.00029813623301524285,0.005,0.009265698826836703,0.007425648849767775,0.0,0.004466484,5.188088e-09
2,347,0,0.0003058709339334517,0.0,0.0,0.00044480268529675565,0.0030454525,0.032349163215667574,0.036777525168494016,0.0,1.565927590515407e-18,0.33686595334820146,0.0003350701621267949,0.0,0.0009490315362673542,0.00022412237438770562,0.0,0.0033572195,2.4459254e-13
2,351,0,0.024703736920868743,0.0,0.035,0.020838631011757848,0.0066685774,0.0370496441681736,0.03725521858513821,0.0,9.68524188531792e-16,0.35640061642141607,0.00029813623301524285,0.05,0.021802736342246082,0.017489645868409457,0.03,0.0071188933,1.8408973e-07
2,355,0,0.04213368941921577,0.0,0.005,0.01035943092454789,0.008087638,0.032988992193061624,0.03746969152677756,0.0,1.387532919864128e-16,0.3862479763311676,0.0003350701621267949,0.0,0.016395189544503648,0.030589985301454497,0.015,0.007459133,4.833943e-07
2,366,0,0.011119369998393696,0.0,0.05,0.006135994060703375,0.0050556357,0.03925985027637792,0.0370421496566051,0.0,1.362170498410513e-16,0.37992090023525793,0.0003350701621267949,0.01,0.018077749940240508,0.0075721576949197116,0.025,0.0043292264,2.928084e-07
2,378,0,0.0034705379147176845,0.0,0.02,0.0014427293261796018,0.0024282443,0.034959433232086334,0.03669807180388507,0.0,2.0415444099798735e-17,0.34046950724403735,0.00029813623301524285,0.015,0.006835377893652883,0.002515433198993738,0.015,0.0025213356,5.019172e-10
2,379,0,0.0024660721057023173,0.0,0.01,0.001662137752773319,0.005293271,0.03362986242885342,0.03706877270880202,0.0,1.3353277811159006e-17,0.348200534716478,0.00029813623301524285,0.0,0.0048553702242892256,0.0017785470366101339,0.0,0.0050861235,2.7077326e-10
2,385,0,0.011244341042394891,0.0,0.0,0.0020521406074115256,0.003157761,0.03234940668624056,0.03679400405371773,0.0,1.9891385793201552e-17,0.3744689332385302,0.0003350701621267949,0.0,0.004113560649437287,0.008142343759095436,0.0,0.0033335544,6.552883e-09
2,386,0,0.00036127633192859036,0.0,0.0,0.0013402055511238004,0.0022583168,0.032349163185088015,0.03667606725251809,0.0,1.9683752436322077e-18,0.3022944726077276,0.00029813623301524285,0.0,0.0009899496824042008,0.0002685824815166968,0.0,0.0021868495,8.108242e-13
2,388,0,0.01048876463980069,0.0,0.04,0.01284604409626893,0.006116676,0.03777309984355541,0.03718508748252529,0.0,3.1560640500433024e-17,0.3716103797173231,0.0003912696766513116,0.01,0.017362871220092876,0.007459919297288982,0.025,0.006607407,1.2276273e-07
2,394,0,0.3102782322200402,0.0,0.085,0.27802083973596564,0.00979719,0.045776743691128836,0.04408609700787496,0.0,2.2753856028848475e-15,0.40418861916896226,0.00029813623301524285,0.135,0.17077406556800684,0.23693107311933975,0.07,0.010415266,0.0023109089
2,397,0,0.03523278028686758,0.0,0.005,0.009967307786640156,0.0055772853,0.03298469966558544,0.03711509218464116,0.0,2.797695921762317e-17,0.40135772225264765,0.0003350701621267949,0.025,0.013944343345474647,0.025057988273057392,0.01,0.00623159,4.980706e-07
2,3,1,0.9999999848973582,1.0,1.0,0.9999983730180947,0.9988865,0.9851455433022284,0.985219492371389,1.0,1.0,0.8015462583975741,0.9999732807141581,1.0,0.999721220886601,0.9999999805063319,1.0,0.9982475,1.0
2,9,1,0.9999966936227651,1.0,1.0,0.9999853274272379,0.9984334,0.9851455433022284,0.9851932899515293,1.0,1.0,0.7011834916761125,0.9999732813655837,1.0,0.9996038580428428,0.9999956831216135,1.0,0.9976031,0.9999999
2,14,1,0.999999999670119,1.0,0.995,0.999997827844211,0.99889934,0.9848509675616659,0.9852202327645306,1.0,1.0,0.8397143541512269,0.9999732807141581,1.0,0.9984742920359769,0.999999999586606,0.995,0.99835074,1.0
2,20,1,0.9999993616359505,1.0,1.0,0.9999938298507504,0.99889934,0.9851455433022284,0.9852202327645306,1.0,1.0,0.8201931695296519,0.9999732807141581,1.0,0.9997231330290696,0.9999992281761927,1.0,0.99835074,1.0
2,31,1,0.9997910216672815,1.0,0.995,0.9999999847085482,0.9980934,0.9848509675616659,0.9851735994806896,1.0,1.0,0.7816982502352803,0.9999740998181771,1.0,0.9982211081508499,0.9997171788115234,0.99,0.9964192,1.0
2,43,1,0.9999988538890185,1.0,0.99,0.9974141271050434,0.9988142,0.9845506417598078,0.9852153144920418,1.0,1.0,0.7697041721336865,0.9999732807141581,1.0,0.9965568015477251,0.9999986148775813,0.99,0.9979849,1.0
2,49,1,0.9999986591124111,1.0,1.0,0.995060019274083,0.99891174,0.9851455433022284,0.985220949017082,1.0,1.0,0.834720315292634,0.9999732807141581,1.0,0.9984926041955462,0.9999981233172804,1.0,0.9984434,0.99999994
2,54,1,0.9999938458043212,1.0,1.0,0.9999999874441169,0.9975358,0.9851455433022284,0.985141249739019,1.0,1.0,0.7515511357238566,0.9999732801699937,1.0,0.9993824145060335,0.9999923492547514,0.995,0.9959842,1.0
2,59,1,0.9999536378078453,1.0,1.0,0.9999998154502799,0.9984688,0.9851455433022284,0.9851953389854984,1.0,1.0,0.7497220671474306,0.9999732813655837,1.0,0.9996055673846226,0.999938656060163,1.0,0.9978708,1.0
2,61,1,0.9999998909512803,1.0,0.925,0.9913601421799674,0.9948597,0.9800710686182179,0.9849850217318855,1.0,1.0,0.7212162825870789,0.9999501010204617,0.96,0.9778049321414546,0.999999907636011,0.955,0.99082804,1.0
2,62,1,0.9995344795191521,1.0,0.85,0.9999998368082545,0.9809435,0.9733100250774379,0.9841461765259782,1.0,1.0,0.6797963152690032,0.9996431014452629,0.995,0.9576194543307607,0.9993879610562025,0.875,0.97241724,0.9999996
2,63,1,0.9998669768338516,1.0,1.0,0.999998498248383,0.9988004,0.9851455433022284,0.9852145152927548,1.0,1.0,0.7734002603874467,0.9999732807141581,1.0,0.9996664680003713,0.9998257517675443,1.0,0.9979849,1.0
2,70,1,0.9970659317403148,1.0,0.93,0.9999906095344011,0.94927645,0.9804567459700342,0.9820617747765461,1.0,1.0,0.6526763595092692,0.9999770112931263,0.935,0.9690832471427147,0.9963061176317245,0.945,0.8915349,0.9999999
2,75,1,0.9980931931668954,1.0,0.935,0.9999999527730296,0.9949516,0.9808351054015411,0.9849904140337685,1.0,0.2732468783364971,0.7594940551094415,0.9999770858646838,0.96,0.9820111879341847,0.9972233584844217,0.97,0.9932715,1.0
2,78,1,0.9970103007676506,1.0,0.995,0.9999986387886182,0.9975775,0.9848509675616659,0.9851436601544803,1.0,1.0,0.7073588979761903,0.9999732774344581,1.0,0.9973966069946656,0.9960838868209957,1.0,0.99571013,0.9999999
2,82,1,0.9727374854514614,1.0,0.97,0.9929547149286078,0.9952899,0.983289630810213,0.9850101848493864,1.0,1.0,0.6251287024974961,0.9999732768902267,0.995,0.9827455305351571,0.9646400852665358,0.99,0.99251574,0.99999917
2,87,1,0.9999900923786647,1.0,0.995,0.9999999456474277,0.9973538,0.9848509675616659,0.9851306739130429,1.0,1.0,0.840819628031376,0.9999732807141581,0.995,0.9980859575541611,0.9999869547268192,1.0,0.9960866,1.0
2,94,1,0.9973781921504846,1.0,0.985,0.9999995867838238,0.9970107,0.984244457323211,0.985110718005544,1.0,1.2438265992451601e-05,0.740596548203076,0.9999733322786669,0.95,0.9948471216973833,0.9962180659822396,0.985,0.9948407,0.9999999
2,96,1,0.9995096437534727,1.0,1.0,0.9999999968450691,0.99885654,0.9851455433022284,0.9852177600530854,1.0,1.0,0.848500368817357,0.9999741036283257,0.99,0.9995915462732927,0.9993255496887452,1.0,0.99823713,1.0
2,97,1,0.999845846887233,1.0,1.0,0.9999999795250503,0.9988865,0.9851455433022284,0.985219492371389,1.0,1.0,0.8054009399012566,0.9999732807141581,1.0,0.9996830880108085,0.9997893533198916,1.0,0.9982475,1.0
2,101,1,0.9994537961434181,1.0,0.995,0.9999999579861694,0.9987546,0.9848509675616659,0.9852118693639286,1.0,1.0,0.8030868825215339,0.9999732807141581,1.0,0.9983020936704126,0.9992622666737287,0.98,0.9981316,1.0
2,118,1,0.9997852174710617,1.0,1.0,0.9999999929139682,0.99846005,0.9851455433022284,0.9851948319273426,1.0,1.0,0.790282940528965,0.999976716599542,1.0,0.9995613161956532,0.9997097671135855,1.0,0.9977738,1.0
2,125,1,0.9920062933547182,1.0,0.995,0.9999923391136505,0.9971656,0.9848509675616659,0.985119724457283,1.0,1.0,0.6361176330905945,0.9999739986702489,1.0,0.9960410631988412,0.9890489912959106,1.0,0.9959274,1.0
2,126,1,0.9985772143920024,1.0,1.0,0.9999983641118638,0.9972568,0.9851455433022284,0.9851250275288126,1.0,1.0,0.7706831485179503,0.9999733322786669,0.99,0.9989580984843421,0.9981469542573387,0.995,0.9958075,1.0
2,130,1,0.999999775818646,1.0,0.995,0.9963216798202806,0.9988142,0.9848509675616659,0.9852153144920418,1.0,1.0,0.7824050965016065,0.9999732807141581,1.0,0.9975339202089413,0.9999997092164608,0.995,0.9981035,1.0
2,133,1,0.9996605953871759,0.0,0.885,0.993910342552361,0.9970662,0.976705462335151,0.9851139317907791,1.0,1.0,0.8224033193996363,0.991305529098598,0.97,0.9689092844297618,0.9996031107703623,0.915,0.99585426,1.0
2,141,1,0.9999988682492927,1.0,0.995,0.9999999833035593,0.9988865,0.9848509675616659,0.985219492371389,1.0,1.0,0.8375590573525173,0.9999732807141581,1.0,0.9984713442959507,0.999998548130051,0.995,0.99835074,1.0
2,161,1,0.9995372721485732,1.0,0.95,0.9999881582538754,0.9933535,0.9819275901646755,0.9848963257165297,1.0,1.0,0.7412877295129624,0.9987018494626271,0.99,0.9857197291158862,0.9994382618177888,0.97,0.9889114,1.0
2,167,1,0.40747575096253325,1.0,0.575,0.9108934753785546,0.20073335,0.8959672281531649,0.08587498001509183,0.6,1.0,0.4688370665860559,0.008845611309170155,0.685,0.5235256437670786,0.33737689274155636,0.49,0.21204403,0.14240432
2,173,1,0.9554077649890453,1.0,0.895,0.9918182857962957,0.9931075,0.9775950573044927,0.9848691347079078,1.0,1.0,0.6602601961917579,0.9999675023793948,0.93,0.9588333871193623,0.940628926144674,0.92,0.9863229,0.999974
2,174,1,0.9713698780553323,1.0,0.98,0.9971354384772139,0.9955147,0.9839322035480539,0.9850233068124152,1.0,1.0,0.6566665388310607,0.9999732800481216,0.935,0.9860050018521382,0.9634675067968765,0.98,0.99127066,0.99999666
2,180,1,0.9999933729623255,1.0,1.0,0.9999944227304549,0.998841,0.9851455433022284,0.9852168610973862,1.0,1.0,0.8305147339495653,0.9999732807141581,1.0,0.9997071958437806,0.9999918930692241,1.0,0.9982101,1.0
2,181,1,0.9823713568389888,1.0,0.93,0.9949805102694015,0.9967083,0.9804567378716457,0.985093110452668,1.0,1.0,0.617292675310061,0.9999581352407517,0.855,0.9760150352490061,0.974079247600586,0.96,0.9941606,0.99992055
2,186,1,0.9875148832316352,0.0,0.69,0.9999973207779744,0.70033056,0.9506622079791355,0.9532468539519301,1.0,1.0,0.4631238178350747,0.28646639071187935,0.885,0.8444606898621512,0.9837323807961498,0.715,0.6809433,0.99999976
2,190,1,0.9999912773239564,0.0,0.905,0.9962471021352939,0.98826444,0.9784524359906951,0.9845930634865221,1.0,1.0,0.7192798557463368,0.9999011427237968,0.98,0.972375705237356,0.9999886090320943,0.93,0.98461515,1.0
2,195,1,0.999995800050312,1.0,1.0,0.9999955140317298,0.9984231,0.9851455433022284,0.9851926931264867,1.0,1.0,0.7617834223888319,0.9999732813655837,1.0,0.999603603399966,0.9999948650108552,1.0,0.99773765,1.0
2,199,1,0.9999020601356684,1.0,0.985,0.9999998845274399,0.9967794,0.984244457323211,0.9850972529059446,1.0,1.0,0.7945023539351787,0.999975762349877,0.99,0.9954203317229899,0.999860695098701,0.99,0.99451965,1.0
2,205,1,0.9732511300651459,1.0,1.0,0.9942367174119466,0.9975024,0.9851455433022284,0.9851392344493871,1.0,1.0,0.6862461916854823,0.9999708586378553,1.0,0.9912475585117673,0.9640958858416273,1.0,0.9967303,0.9999998
2,210,1,0.9999999972375153,1.0,1.0,0.9999972893195576,0.99889934,0.9851455433022284,0.9852202327645306,1.0,1.0,0.8397143541512269,0.9999732807141581,1.0,0.9997241567966626,0.9999999968642033,1.0,0.99835074,1.0
2,211,1,0.9552017503015945,1.0,0.97,0.995414988653688,0.9919669,0.983289623865716,0.9848142604169222,1.0,1.906915272647394e-07,0.6551038858282061,0.9998441623880248,0.985,0.9781459105412422,0.9352095342440587,0.985,0.9883159,0.99999964
2,216,1,0.9795542004561558,0.0,0.925,0.9999966873243246,0.99390334,0.9800710686182179,0.9849287997976045,1.0,1.8067747786678795e-05,0.7007841754661744,0.9994451980239525,0.935,0.9746135566724073,0.970793789507074,0.945,0.9914739,1.0
2,218,1,0.9375051277926889,1.0,0.985,0.9893108216509406,0.99336064,0.9842444409380852,0.984896370114356,0.6,9.75339218201869e-12,0.7268151282273855,0.9999748917220497,0.96,0.9762941470155247,0.9114543757053318,1.0,0.9901445,0.9999994
2,220,1,0.9936437877412192,1.0,1.0,0.999999747241802,0.99711156,0.9851455433022284,0.9851165829138243,1.0,0.0005158898983092675,0.7623374578870408,0.9999733322786669,0.995,0.9976887734743014,0.9910281441427353,1.0,0.9954508,1.0
2,224,1,0.3722867659528314,1.0,0.82,0.3835505547371461,0.96984863,0.5352713967436707,0.6545388549437321,0.4,1.33802143616288e-13,0.5464452077784268,0.9950563763687299,0.555,0.6364214883756194,0.2913250243568437,0.825,0.9398359,0.0982864
2,230,1,0.99991144570691,1.0,0.985,0.9999999682266046,0.99781847,0.984244457323211,0.9851576563308042,1.0,1.0,0.7687228312197788,0.9999746609102607,1.0,0.9956824709836838,0.9998803726988009,0.995,0.9970229,1.0
2,234,1,0.992802508203102,1.0,0.93,0.9943793449507773,0.97119933,0.9804567459700342,0.9835315355866578,1.0,1.0,0.7061115848745025,0.9998807960942163,0.955,0.9720952967054086,0.9907120333055764,0.94,0.94761217,0.9999998
2,239,1,0.9957489552242604,1.0,1.0,0.999999341709905,0.9988142,0.9851455433022284,0.9852153084282104,1.0,1.0,0.8027640112234457,0.9999732807141581,0.995,0.998640630532751,0.9941747575500579,1.0,0.9979849,1.0
2,240,1,0.9991999295764171,1.0,1.0,0.9999993454442732,0.99891174,0.9851455433022284,0.985220949017082,1.0,1.0,0.8313247712524916,0.9999758437144332,0.995,0.9995277533540953,0.9989442230946818,1.0,0.9984434,1.0
2,241,1,0.9945306433793449,1.0,0.975,0.9999952367212891,0.99806756,0.9836140618956605,0.9851720880747105,1.0,0.009555702481445163,0.7719721658450757,0.9999732767829366,0.91,0.9918983594780928,0.992504889958401,0.965,0.99652594,0.99999964
2,247,1,0.290790545707811,1.0,0.72,0.39871768798748775,0.9493672,0.3859753272022427,0.6693762329360524,0.4,2.082771268553497e-08,0.5209212210463211,0.9367121659394302,0.735,0.5897188647163586,0.22218801608523497,0.745,0.94487643,0.004316452
2,255,0,0.004652163209702933,0.0,0.0,0.003543519263261027,0.007895536,0.03428862768752536,0.038254226318733674,0.0,6.380263386778443e-18,0.3500611642529477,9.794880612534923e-05,0.01,0.004022804565598525,0.0032452104703467573,0.0,0.010194961,3.7474308e-07
2,271,0,0.03017540125364755,0.0,0.025,0.00872625524270731,0.0062210565,0.03774850142966512,0.03801219949086899,0.0,3.126506091866986e-16,0.3340953418321192,7.58021873594668e-05,0.02,0.017530678236628305,0.02105717845412362,0.015,0.0058924425,7.064702e-05
2,272,0,0.00929596905116472,0.0,0.05,0.003324159631094673,0.012382619,0.041539138100617955,0.03891462823481529,0.0,5.866777465120465e-17,0.3753340794618158,9.794880612534923e-05,0.015,0.018750686941296776,0.006481143269986879,0.045,0.014554519,8.4117903e-07
2,275,0,0.037278556705995884,0.0,0.08,0.011514392960236305,0.014589673,0.04657234845291857,0.03924368177100043,0.0,9.886581571870003e-17,0.3954021578982514,0.00016714370457785203,0.05,0.03584565564360477,0.026880067770005924,0.04,0.018598275,6.2137665e-06
2,276,0,0.01284143478824601,0.0,0.16,0.015622601542592415,0.059625868,0.06296711831763525,0.04656382009651756,0.0,6.4782398723520285e-12,0.4237101545048979,0.0032134947482567408,0.07,0.062022476021264844,0.009386442897124751,0.2,0.067189574,6.365844e-07
2,278,0,0.013943510551512085,0.0,0.01,0.013336896542938724,0.0049961554,0.03563403093070766,0.0378334212086549,0.0,1.2463826899156654e-17,0.3869944414383057,8.065356948416069e-05,0.005,0.010569140620776022,0.009964523380267947,0.01,0.005999721,8.390781e-06
2,279,0,0.001217015457260908,0.0,0.0,0.00033206498313796776,0.003377532,0.03428861812295914,0.03760014916983527,0.0,8.633778866472577e-19,0.32176294235022823,7.58021873594668e-05,0.01,0.0012316530820905725,0.0008653269810827419,0.0,0.0032293228,1.4925753e-08
2,285,0,0.011864416085738393,0.0,0.0,0.006737593864807985,0.0060139624,0.03428869997152475,0.03798051644358114,0.0,1.0537116025306053e-17,0.32291180471651626,7.58021873594668e-05,0.015,0.006153993097684769,0.00840428304152639,0.01,0.0055268817,7.371737e-07
2,295,0,0.014584533137206361,0.0,0.13,0.01882282857999641,0.08339667,0.056268224721369456,0.050934715559630396,0.0,3.5357758339753825e-11,0.4080053329568102,0.0019945494714518077,0.17,0.061701008729929355,0.0106689709934364,0.1,0.075872235,1.9429848e-05
2,296,0,0.0052619907841784785,0.0,0.0,0.0019809732927239744,0.0020979652,0.034288637867486475,0.03741686850208553,0.0,2.127865383174135e-18,0.3360348600947784,7.58021873594668e-05,0.0,0.0023352323237573066,0.003801387226555978,0.0,0.0022117104,1.3519866e-07
2,299,0,0.02628657412172003,0.0,0.025,0.01841781676490302,0.0030747955,0.03777086401061984,0.03756317554179305,0.0,3.028979901797983e-15,0.3141438740038827,7.58021873594668e-05,0.02,0.01819479658999751,0.018881258374053928,0.025,0.0031958704,0.00041555666
2,305,0,0.01572732172908824,0.0,0.02,0.005674882066031173,0.005400429,0.03703886793099325,0.037891851100704,0.0,2.0571418433624617e-17,0.40253362875810855,7.58021873594668e-05,0.005,0.011700658202308985,0.011026692427943545,0.005,0.0054730107,1.3704051e-05
2,306,0,0.02647486846411027,0.0,0.015,0.013920256973326486,0.0065037953,0.036325268707814745,0.038051595991058056,0.0,1.5500800912668578e-17,0.41207583841679685,9.794880612534923e-05,0.03,0.015474730177759691,0.019187270765144,0.035,0.0075444705,9.2010424e-07
2,308,0,0.040120520588203645,0.0,0.015,0.009112095072248293,0.0044334033,0.036325548210476184,0.03775213711611734,0.0,3.3815637165114343e-16,0.33418208730819937,7.58021873594668e-05,0.005,0.01716650472943313,0.028352516861888638,0.01,0.004900804,1.3474297e-05
2,310,0,0.0997347879701974,0.0,0.045,0.07814528857101112,0.0052167247,0.04086628028452817,0.037919012548547286,0.0,6.311026220322594e-16,0.39474337870940013,7.58021873594668e-05,0.045,0.05702420031153989,0.07095200016470007,0.045,0.004984043,0.004288687
2,316,0,0.0530736893199967,0.0,0.045,0.013620199529283564,0.005135629,0.040753510837304746,0.03785354049385571,0.0,1.0260267620413356e-16,0.3916537797747619,7.58021873594668e-05,0.03,0.029207379427431023,0.03814884218715534,0.04,0.0056921025,1.1601e-05
2,317,0,0.07798095211531116,0.0,0.005,0.011523200728519619,0.0073195137,0.03496147725510897,0.03817192867538863,0.0,6.403566041936479e-17,0.4092315941882439,0.0001337427170854778,0.045,0.025455916638045955,0.05658563983216728,0.0,0.008509818,7.097418e-05
2,323,0,0.007366620506377696,0.0,0.03,0.0011653545062830174,0.0042759688,0.03847785364920702,0.03772936773815771,0.0,2.120235763179245e-17,0.30283332337965846,7.58021873594668e-05,0.01,0.0107019859441595,0.00520524758928542,0.015,0.00456166,1.150921e-06
2,344,0,0.03574566692977246,0.0,0.035,0.009822071648055004,0.0046504284,0.03922535386254575,0.03778368673046881,0.0,1.0951899013274399e-15,0.34361872599268956,7.58021873594668e-05,0.015,0.02130454175083703,0.025766667381746357,0.025,0.0046187965,2.4999466e-05
2,348,0,0.01904126411344034,0.0,0.005,0.013147109706298477,0.0040183673,0.03495515269964416,0.03769227554336447,0.0,1.0113399944862914e-16,0.35279144494083375,7.58021873594668e-05,0.0,0.010301685271970975,0.013527310085126037,0.005,0.0040621143,1.4373783e-06
2,353,0,0.08755347446412971,0.0,0.03,0.048762097030086805,0.003865348,0.03848285652391102,0.037670455175372736,0.0,3.1742923385956404e-15,0.3440161298827458,7.58021873594668e-05,0.03,0.04254522985913848,0.06515591622446404,0.02,0.004443612,0.00010649955
2,354,0,0.0032366186514916954,0.0,0.0,0.0007807481889308365,0.003377532,0.03428862184453233,0.03760014940368649,0.0,3.6255023594436973e-17,0.3333299594189064,7.58021873594668e-05,0.0,0.0018487246820964864,0.0022976862604773686,0.01,0.0032293228,1.7741144e-07
2,358,0,0.09440175851238994,0.0,0.15,0.0653210783890868,0.19322291,0.06065992683101886,0.07662059309057907,0.0,6.797998453831592e-16,0.44179994607453305,0.0013937340743867058,0.08,0.12573643676681587,0.06846214235094111,0.12,0.15743648,6.0297833e-05
2,371,0,0.0005339339033477461,0.0,0.0,0.00038100843185804174,0.0020979652,0.03428861781736754,0.037416866693577674,0.0,8.159342970587793e-18,0.27437992989369797,7.58021873594668e-05,0.0,0.0007532268883331404,0.0003912750949461053,0.0,0.0022117104,5.2882347e-09
2,377,0,0.10258207942423934,0.0,0.0,0.01926733894513664,0.0036113947,0.0342926853922703,0.03763421173432783,0.2,1.8527875228768719e-16,0.365077447895064,7.58021873594668e-05,0.035,0.03136520325980915,0.07515238626193455,0.0,0.0036091874,5.5120283e-05
2,381,0,0.0006439899491046857,0.0,0.0,0.00039638371158945055,0.0020979652,0.03428861776858636,0.037416866668458205,0.0,7.623972366428718e-19,0.27764299308208046,7.58021873594668e-05,0.005,0.0007845847197052276,0.00046811936653479847,0.0,0.0022117104,2.2210769e-09
2,384,0,0.0279039856822146,0.0,0.055,0.028858263300367656,0.0053996253,0.042375440320474515,0.03790286750790176,0.0,1.1527962917187646e-15,0.36066195574379284,7.58021873594668e-05,0.035,0.029290468566329223,0.01974888157637182,0.035,0.005133943,0.00050107663
2,393,0,0.015645120274034023,0.0,0.06,0.005156009075464402,0.009809775,0.04315593298738628,0.0385346682238483,0.0,4.8406868399625904e-17,0.3387032096853818,6.67395202649319e-05,0.03,0.022652726156867663,0.011113664575645112,0.05,0.00929407,5.8861083e-06
2,398,0,0.006703453956479866,0.0,0.0,0.004919445785905413,0.0043825735,0.03428863211041971,0.037744725874218364,0.0,2.489265934506707e-17,0.3167112883015054,7.58021873594668e-05,0.005,0.0040013683190471255,0.004752695163171501,0.005,0.004900804,8.575006e-07
2,399,0,0.0011626096578458128,0.0,0.01,0.0007674019159253272,0.0034080094,0.0356336804504959,0.03760452520608909,0.0,1.8312624482632977e-18,0.2952774269981319,7.58021873594668e-05,0.0,0.0038345052482472116,0.0008182076950034412,0.0,0.003192659,7.680673e-09
3,3,1,0.9999999774421068,1.0,0.995,0.9999955159080969,0.99892396,0.9817090081127896,0.9840135352430424,1.0,1.0,0.8034609185294947,0.9999236119706151,1.0,0.9984798626745184,0.9999999702905538,1.0,0.99821246,1.0
3,10,1,0.9999996725772751,1.0,1.0,0.9999982443953191,0.99904054,0.9820750922532562,0.9840208794143867,1.0,1.0,0.8238642307166236,0.9999236119706151,1.0,0.9997596152514112,0.9999996011756073,1.0,0.9985978,1.0
3,26,1,0.9978788723722222,1.0,0.99,0.9999976072567982,0.9965604,0.9813352943548977,0.9838624667017918,1.0,1.0,0.755818750491296,0.9999016978545008,0.985,0.9961092185982418,0.9970034554965088,0.99,0.993042,0.9999938
3,28,1,0.9840124017559748,1.0,0.995,0.9953663332062682,0.99704105,0.9816908508776666,0.9838683742435913,1.0,1.0,0.6212702785429155,0.9996572867817791,0.975,0.9928549453954145,0.9781487491620819,0.995,0.99600935,0.9999822
3,32,1,0.9999864324117823,1.0,1.0,0.9999999847649891,0.9989097,0.9820750887945079,0.9840126335367675,1.0,1.0,0.8092843599091932,0.9999236119706151,0.995,0.9997240322536349,0.9999815512453756,1.0,0.99832314,0.99999976
3,33,1,0.9999565289004239,1.0,1.0,0.9999971861479399,0.99857724,0.9820750922532562,0.9839915744768784,1.0,1.0,0.7587960897965087,0.9999117851717255,1.0,0.9996327380443938,0.9999425112643928,1.0,0.99810493,1.0
3,38,1,0.9999334347556692,1.0,1.0,0.999995890938193,0.9984085,0.9820750922532562,0.9839808667569074,1.0,1.0,0.7352744486255154,0.9999117851717255,1.0,0.9995844555184286,0.9999181528074174,1.0,0.99773395,1.0
3,39,1,0.999990723806925,1.0,0.985,0.9999999319273337,0.9968657,0.9809546878422785,0.9838827011210793,1.0,1.0,0.7086554171743354,0.9999532157567356,1.0,0.9954640863721862,0.9999884142492185,1.0,0.9943895,0.9999996
3,41,1,0.9689996026154184,1.0,0.88,0.999984275147486,0.96831703,0.9709454966517933,0.9819561201221535,1.0,2.716902826526307e-10,0.6420577102935574,0.9875658032901098,0.975,0.954325227405814,0.9562312602229874,0.91,0.9469733,0.999983
3,42,1,0.9999030105650573,1.0,0.95,0.9999998821739706,0.9711495,0.9780667390365061,0.9821570406538468,1.0,1.0,0.7168825140310974,0.999691847683761,1.0,0.9802630992309377,0.9998634712529176,0.94,0.95232475,0.9999999
3,47,1,0.9963757926290827,1.0,0.87,0.9999970085035068,0.9741926,0.9697672129224811,0.9823702232821111,1.0,1.0,0.6671906325079491,0.9991669995394765,0.925,0.96014135511408,0.995175140891548,0.885,0.95873463,0.9999996
3,48,1,0.9999983444178153,1.0,0.845,0.995864408783958,0.9705072,0.9665983456449264,0.9821116902677028,1.0,1.0,0.6964002536393044,0.9977388022218832,0.99,0.9528424894335992,0.9999973485195397,0.88,0.95204616,0.9999932
3,49,1,0.999998886100278,1.0,1.0,0.993846041571025,0.99904054,0.9820750922532562,0.9840209069080347,1.0,1.0,0.8275632727767664,0.9999236119706151,1.0,0.9982213679260884,0.9999983333721786,0.995,0.9985978,0.99999774
3,52,1,0.9908673854121138,1.0,0.975,0.9999809241167166,0.99730337,0.98016920800107,0.983881272980172,0.8,4.071112818799419e-08,0.7523358375697842,0.9999016978545008,0.97,0.9907879190474755,0.9872093747332051,0.99,0.99500835,0.99995667
3,58,1,0.9999486770229075,1.0,1.0,0.9999961934060876,0.99853516,0.9820750922532562,0.9839889040542169,1.0,1.0,0.7540602799172803,0.9999117851717255,1.0,0.9996200066697487,0.9999385885975942,1.0,0.9979803,1.0
3,62,1,0.9996161328650163,1.0,0.9,0.9999996606924157,0.9871018,0.9731865139481858,0.9832477261194458,1.0,1.0,0.680443809538158,0.9806892171968119,0.995,0.9716793967116542,0.9994746759239136,0.92,0.9824315,0.9999951
3,67,1,0.9873680928319006,1.0,1.0,0.9999941665902989,0.9963898,0.9820750922532562,0.9838521146035283,1.0,1.0,0.6209286087405876,0.9995789414743438,0.985,0.9959380164231997,0.9829309889576963,0.995,0.9953408,0.99999696
3,70,1,0.9959112979160687,1.0,0.9,0.9973550614203546,0.9478821,0.9731864626777469,0.9804400211127006,1.0,1.0,0.6016232922003998,0.9983171846915078,0.965,0.9602871187943338,0.9947519656843256,0.93,0.90135777,0.99999833
3,82,1,0.9696429522320522,1.0,0.99,0.9905865664114922,0.9955173,0.9813354275094558,0.9837882568064217,1.0,1.0,0.5966029619846308,0.9995789414743438,1.0,0.9864367080309804,0.9601238319776686,0.995,0.99282056,0.9999787
3,83,1,0.9964528997185893,1.0,0.97,0.9999967806741639,0.9828267,0.9797656209418643,0.982961813264261,1.0,1.0,0.7101291541719893,0.9977433158015445,1.0,0.9873190975350169,0.9950550810640246,0.975,0.97884494,0.9999803
3,90,1,0.9999896345179015,1.0,0.99,0.9999997158343743,0.9930548,0.9813355894529331,0.9836377586395365,1.0,1.0,0.6965342105058392,0.9999632983122109,1.0,0.9957610393846006,0.9999868598666085,0.99,0.98860395,1.0
3,100,1,0.999905683771691,1.0,0.945,0.9999978582142212,0.9796728,0.9776206569484556,0.9827479926822783,1.0,1.0,0.7423161940003813,0.9981021606979892,0.995,0.9811440828898954,0.9998741638589959,0.965,0.97391313,0.9999998
3,106,1,0.9999844770374764,1.0,1.0,0.999999719048269,0.99838674,0.9820750922532562,0.9839794776977413,1.0,1.0,0.6618875476166444,0.9999117851717255,1.0,0.9995927341925637,0.9999788470413461,1.0,0.99758446,0.9999994
3,115,1,0.984411977321573,1.0,0.92,0.9999940579010336,0.976779,0.9752532081917435,0.9825495740172737,1.0,1.110881706907018e-09,0.7139988823822984,0.998858928949729,0.905,0.9702962548231078,0.9785078922768777,0.925,0.9580312,0.9999924
3,124,1,0.9998917968719208,1.0,0.985,0.9999989975527123,0.99737716,0.9809546841715323,0.983914854092398,1.0,1.0,0.7578025159252602,0.9999459988439261,0.995,0.9955669879089841,0.9998573847284118,0.985,0.99570245,1.0
3,131,1,0.9769917946374983,1.0,0.89,0.9944598154358779,0.98347867,0.972078561853319,0.9830046756330123,0.8,4.8043236665988394e-08,0.7112762658645763,0.9999114547168466,0.93,0.961232568856311,0.9660886830642219,0.92,0.9677453,0.99992824
3,146,1,0.9999744352988399,1.0,0.93,0.9999954721222903,0.9806455,0.9762285745768252,0.9828144395506636,1.0,1.0,0.7330652455515276,0.9980470292046703,1.0,0.9776538462982223,0.9999667840735992,0.95,0.96922326,0.9999927
3,152,1,0.994371654703443,1.0,0.84,0.9999996178084913,0.98655033,0.9659225451672051,0.9832109937138297,1.0,6.198035995155869e-08,0.6899185226705686,0.9997691580577507,0.905,0.9552304009069142,0.9917099721690555,0.885,0.97408086,0.99999547
3,157,1,0.9955264514040438,1.0,1.0,0.9999964543654999,0.9972241,0.9820750922532562,0.9839055716427422,1.0,1.0,0.6637849359785852,0.9995789414743438,0.995,0.998186749563266,0.9939524058963009,0.98,0.99649423,0.9999983
3,161,1,0.9998957407146432,1.0,0.91,0.999992186571532,0.99167585,0.974240416050084,0.9835481404825236,1.0,1.0,0.7547280746045661,0.9988093325042945,0.995,0.9753909452538558,0.999869917561763,0.945,0.9856365,1.0
3,165,1,0.924349345006294,1.0,0.94,0.9714110120113896,0.9660501,0.9770703562550517,0.9817718970055458,0.6,1.0,0.5164205272327898,0.9895300987174425,0.825,0.9504526113558232,0.8976596025695667,0.92,0.9530106,0.9961181
3,166,1,0.9113197516813514,1.0,0.98,0.9732171073975892,0.99620736,0.9798582787333716,0.9835790719358913,0.6,0.9438442379699673,0.5805113127180254,0.9995789414743438,0.935,0.9651860538829706,0.8747738337499146,0.995,0.99346644,0.95861304
3,168,1,0.9999992543043664,1.0,1.0,0.9999960549993739,0.99905366,0.9820750922532562,0.9840217365098197,1.0,1.0,0.8536779704454304,0.9999580869247696,1.0,0.9997622415896603,0.9999991103463203,1.0,0.9986228,1.0
3,173,1,0.9942448839094276,1.0,0.93,0.9949850240860567,0.98906696,0.9762285654576809,0.9833750343605298,1.0,1.0,0.6728104300728913,0.9999296788655164,0.94,0.9770742166057285,0.9918718262484565,0.925,0.9827451,0.9997857
3,187,1,0.9996550091082071,1.0,0.935,0.9999999150541355,0.9956625,0.9767017300165435,0.9838057610144398,1.0,0.9999999999999964,0.7907374721640145,0.9999024253337793,1.0,0.9825793586393482,0.9994989552572169,0.97,0.9932366,0.99999976
3,189,1,0.9999999879913762,1.0,1.0,0.9999953865421455,0.9989267,0.9820750922532562,0.9840137087874627,1.0,1.0,0.8468477935773546,0.9999236119706151,1.0,0.9997305184237628,0.9999999856809416,1.0,0.99832314,1.0
3,201,1,0.9997578056726734,1.0,1.0,0.9999998915900501,0.9984509,0.9820750922532562,0.9839835451491986,1.0,1.0,0.6836404602161585,0.9999117851717255,1.0,0.9995521431362527,0.999672971293622,1.0,0.9976591,0.9999965
3,203,1,0.9996366363236414,1.0,0.995,0.9999997830611138,0.99686664,0.9817090081127896,0.9838827896978929,1.0,1.0,0.6465259019769407,0.9999117851717255,1.0,0.9978757657033894,0.9995144139886916,0.995,0.9947248,0.9999998
3,204,1,0.9999999818187529,1.0,0.995,0.9999986658397061,0.99649066,0.9817090081127896,0.9838587854174086,1.0,1.0,0.7864619772930137,0.9998863553844777,1.0,0.9978723262470046,0.9999999792993306,0.99,0.9935179,1.0
3,206,1,0.9989790021394971,1.0,0.91,0.9999992122427381,0.9922983,0.9742401941606662,0.9835884453071184,1.0,1.0,0.6626936640302006,0.9989608014957124,0.99,0.9753191298542181,0.9987162225843772,0.915,0.9865205,0.99999255
3,213,1,0.999999117111143,1.0,1.0,0.999999981361831,0.9989097,0.9820750922532562,0.9840126121419311,1.0,1.0,0.8238642307166236,0.9999236119706151,1.0,0.9997272025776855,0.9999989183230301,1.0,0.99832314,1.0
3,214,1,0.5390595230283975,1.0,0.705,0.7013272260861266,0.8554862,0.9078632561616341,0.967918691470075,0.2,1.2063021819403998e-14,0.5612433787669707,0.9979753452963233,0.7,0.7002182408188609,0.459193670158758,0.725,0.75626016,0.91233176
3,215,1,0.9996064195961964,1.0,1.0,0.9999999585529518,0.99866676,0.9820750887945079,0.9839969632611425,1.0,1.0,0.7470980272894052,0.9999119833645246,1.0,0.9995682853637031,0.9994870683545193,1.0,0.99780077,0.9999998
3,221,1,0.9732300181680592,1.0,0.995,0.991792605962133,0.9978904,0.9817088493489234,0.9839469041748098,1.0,1.0,0.6541237239175277,0.9996576796669279,1.0,0.9894782592344142,0.9634393829779048,1.0,0.9974153,0.9999859
3,222,1,0.966674125828335,1.0,0.995,0.9895420832042492,0.99795085,0.9817081719412325,0.9839384036891283,1.0,1.0,0.6282002557905444,0.9995789414743438,0.995,0.9872917652374628,0.9558398679762286,1.0,0.99732107,0.9999475
3,223,1,0.99991864875342,1.0,0.97,0.9999993450519717,0.9890048,0.9797657105311846,0.983373412760152,1.0,1.0,0.6455403536685175,0.9998997766382228,0.995,0.98973069614708,0.9998929558973234,0.985,0.97977644,0.9999998
3,228,1,0.977734739267112,1.0,1.0,0.9934715779201264,0.99795085,0.9820749400677188,0.9839500423537693,1.0,1.0,0.6282002557905444,0.9995789414743438,1.0,0.9922892922761263,0.9699801404594649,1.0,0.99732107,0.99998283
3,229,1,0.9999996791590725,1.0,1.0,0.9953428501218354,0.9988937,0.9820748155513358,0.9840108238518714,1.0,1.0,0.7800221166529799,0.9999767166105141,1.0,0.998559051867308,0.9999995566298504,1.0,0.99781334,1.0
3,237,1,0.9998347742940001,1.0,1.0,0.999999682267869,0.99870336,0.9820750749595091,0.9839991350826944,1.0,1.0,0.777502500324698,0.9999119833645246,1.0,0.9996344542798563,0.999788831499418,1.0,0.9981483,0.999997
3,245,1,0.9999974960998209,1.0,1.0,0.9999989781047118,0.9984085,0.9820750922532562,0.9839808759440369,1.0,1.0,0.672000630749018,0.9999117851717255,1.0,0.9996012426460963,0.9999964995956927,1.0,0.99773395,0.9999998
3,251,0,0.0014158239994165147,0.0,0.0,0.0010876620615951809,0.0018382497,0.03195468422398745,0.0410301167623626,0.0,7.332767944786099e-18,0.31151413067626815,0.00024340640693787434,0.0,0.0010854339493693024,0.0010015990296104642,0.0,0.002019112,2.2588473e-07
3,253,0,0.0035182297404377162,0.0,0.015,0.004508541913365256,0.013813262,0.03392172135616636,0.04296845551402447,0.0,6.055019670936553e-18,0.40802880760799054,0.0007181048592786227,0.005,0.009210008381955768,0.002430702433029994,0.025,0.017874494,2.0616035e-07
3,255,0,0.007225108169141906,0.0,0.01,0.006199098249454588,0.0056534926,0.03325340634095716,0.04163857375734312,0.0,1.3163020346275415e-17,0.3915313068489746,0.0018404828770593187,0.02,0.007269424764825103,0.004938912726311735,0.01,0.007668084,8.2442546e-07
3,256,0,0.012962370870080977,0.0,0.025,0.006630288320236655,0.0041989386,0.03529837583573701,0.041407395776755215,0.0,4.995881183629463e-16,0.3476929061852907,0.000275993732731511,0.025,0.012197899449621796,0.008667619387064581,0.035,0.0045271465,1.6417458e-05
3,265,0,0.07377195127341156,0.0,0.0,0.034372204480925116,0.0020699124,0.031963714228174234,0.04110063094929742,0.0,5.9992719569616115e-16,0.3449437387814231,0.00024340640693787434,0.03,0.02755351703488304,0.05303183305708352,0.0,0.0020665664,0.00016405164
3,266,0,0.28231942900187135,0.0,0.055,0.18409180562413596,0.038406033,0.03995047065666129,0.04752652703320923,0.0,1.15306712683085e-15,0.4380678790525157,0.0018404828770593187,0.13,0.13995431692372567,0.2118186229897797,0.045,0.049988914,0.0036871908
3,267,0,0.028658076182626377,0.0,0.0,0.008506835427041665,0.0020301337,0.03195630622639866,0.04108135466927845,0.0,8.878172196513169e-17,0.33997503940193624,0.00024340640693787434,0.01,0.00979876133626414,0.019651318290044045,0.005,0.0021727786,4.1641742e-05
3,271,0,0.04773459395720634,0.0,0.005,0.014977694874814543,0.0039075934,0.03260105848608684,0.0413801290370621,0.0,2.6224921888972715e-16,0.366190937258039,0.000275993732731511,0.02,0.01790497056620869,0.032709144049578,0.0,0.004293303,0.0001304168
3,285,0,0.011697849647678116,0.0,0.015,0.007623257746802703,0.010023559,0.033921912544616045,0.04234614482001427,0.0,9.984407049885912e-18,0.35443045290703235,0.000275993732731511,0.005,0.011086166709533362,0.008344252445926162,0.02,0.009847787,1.9253366e-05
3,290,0,0.01390126030909501,0.0,0.0,0.0031994668480775576,0.0020910804,0.03195482380907195,0.041071739382050894,0.0,1.4979516403183904e-17,0.3542341244318104,0.000275993732731511,0.0,0.004797951893291625,0.009901316333201456,0.0,0.0022342072,1.2032586e-05
3,291,0,0.006404573178839557,0.0,0.0,0.0016821767753099346,0.0019738353,0.03195468336403261,0.041051610566022724,0.0,4.404024089141507e-18,0.3733444710857053,0.00024340640693787434,0.005,0.0025151463099756257,0.004529070668722787,0.0,0.0021746214,4.3715417e-07
3,298,0,0.24656686121250548,0.0,0.03,0.14940619967298618,0.010821587,0.04026690681187491,0.04432782369846095,0.4,1.1938122594027484e-15,0.39909828741297715,0.00264592533385831,0.14,0.10919866207289763,0.1839182135861892,0.015,0.013816036,0.067723155
3,301,0,0.0008377029438915689,0.0,0.0,0.000357195343408239,0.0019052541,0.0319546828475103,0.04104072075329005,0.0,1.0192453356997142e-18,0.31151413067626815,0.00024340640693787434,0.0,0.0007750380939104994,0.0006031867222167542,0.0,0.0020240308,6.728811e-08
3,314,0,0.00666445179686091,0.0,0.005,0.001258405927837642,0.003273208,0.03259785390879114,0.041258188935872096,0.0,2.297639152669549e-17,0.34724527969636265,0.00024340640693787434,0.0,0.0040490164129553165,0.004662204882471449,0.01,0.0031241802,4.680734e-06
3,317,0,0.0813516565763097,0.0,0.005,0.013780492671654937,0.0074206316,0.032611583362837475,0.04196151620845738,0.2,4.869836881644252e-17,0.44175821702744783,0.0010368454874977505,0.045,0.026888195209798817,0.05886661155042104,0.0,0.008637834,0.0003345604
3,334,0,0.03301184485762568,0.0,0.245,0.01080858335463166,0.085979626,0.08301834963647063,0.056643560828981566,0.0,3.0869922665676014e-11,0.4175280705761116,0.0015948526745948306,0.06,0.09370001344873807,0.02358451086349306,0.295,0.08726913,2.4462768e-05
3,342,0,0.010775537099793729,0.0,0.01,0.009037259712576969,0.0042080265,0.03325353428905254,0.04140746672666543,0.0,8.78959564813984e-18,0.38847721436267196,0.00024340640693787434,0.01,0.008505205816555839,0.007727776857094554,0.005,0.0040801372,2.4408611e-05
3,345,0,0.005776947223676737,0.0,0.06,0.008787219255576482,0.019978592,0.040548033182819423,0.044000293168379716,0.0,1.2020361724550102e-17,0.44970595729527196,0.0018404828770593187,0.06,0.023635689662879565,0.003919847785460282,0.025,0.024076235,5.705453e-06
3,349,0,0.0018800677399810385,0.0,0.0,0.0014457880975680916,0.0019395753,0.031954684671718005,0.041046233730970064,0.0,1.1030288718088554e-17,0.3306776398617437,0.00024340640693787434,0.0,0.0013163577854565928,0.0013199330785448778,0.0,0.002187174,1.14980615e-07
3,352,0,0.03189538206050249,0.0,0.0,0.006999090635878322,0.0019465033,0.0319561739981095,0.04105536095405538,0.0,2.6401696024926198e-17,0.38159518414300886,0.00024340640693787434,0.02,0.010210243998218824,0.023293345058298404,0.0,0.002230629,7.769204e-05
3,357,0,0.04756275956645002,0.0,0.035,0.02462968996827579,0.0052469885,0.03690804264457439,0.041730169377538824,0.0,6.443072358187986e-16,0.38603338590544267,0.000275993732731511,0.065,0.02810985950810007,0.0312579296010403,0.025,0.005873995,0.0018885732
3,358,0,0.0981372754960918,0.0,0.095,0.0737051257013898,0.06332383,0.04661958639587546,0.05207179031038259,0.0,5.340916069621377e-16,0.4608762955974762,0.0018404828770593187,0.085,0.08254155856145631,0.07106605774128383,0.07,0.057789758,0.019501347
3,364,0,0.03562683105997107,0.0,0.015,0.009918046194029053,0.0077223433,0.033924224676004776,0.041985640718916487,0.0,2.277009220413707e-16,0.39460482103884736,0.00024340640693787434,0.015,0.017066805143041118,0.024163722382995075,0.02,0.0069356686,0.000106377745
3,366,0,0.010715997782068158,0.0,0.055,0.00451752424056675,0.0041840277,0.03975532645191535,0.04140421808619939,0.0,1.0771580790981265e-16,0.36231920352798086,0.000275993732731511,0.03,0.018604387422680897,0.0070817608206069525,0.025,0.004476779,1.526199e-05
3,369,0,0.1768178314981459,0.0,0.0,0.07378668077769149,0.002111808,0.03287176976738317,0.045678732547982805,0.2,1.75257449233024e-15,0.3629755260096042,0.00024340640693787434,0.045,0.06317908005176298,0.12902813086237017,0.0,0.0022363276,0.006887349
3,384,0,0.03262394883425537,0.0,0.025,0.024734542849362447,0.0072743353,0.035378524977437674,0.042096404306535516,0.0,8.337221790244849e-16,0.37755545227071985,0.000275993732731511,0.04,0.022408206733469067,0.0228319493286241,0.03,0.007572244,0.0002721967
3,386,0,0.00035641788338562164,0.0,0.0,0.0015137146300974829,0.0020792107,0.031954681802083086,0.04106827041745727,0.0,1.1697881736463064e-18,0.3054834218380184,0.00024340640693787434,0.0,0.00098733580581589,0.0002604403516870174,0.0,0.0020573842,4.2172994e-09
3,387,0,0.0036802319774594835,0.0,0.015,0.0011782783431545716,0.0091117555,0.03392172399841693,0.042197241539271096,0.0,7.430120137366062e-18,0.3519071324154862,0.000275993732731511,0.005,0.0072425664620424995,0.0025399252006118454,0.02,0.009847787,4.47233e-07
3,391,0,0.001281772404729681,0.0,0.02,0.002165092445016383,0.004248779,0.03460299958563712,0.04141343887333734,0.0,1.5453269387879478e-18,0.334903589608861,0.000275993732731511,0.005,0.006923910912789363,0.0009069035663317018,0.025,0.004974572,1.9372912e-08
3,393,0,0.019645941637529824,0.0,0.035,0.007004794232629115,0.0035488936,0.03672718153819714,0.04130377592675334,0.0,3.8604148761886106e-17,0.36804430477451755,0.00024340640693787434,0.035,0.01629990737050927,0.013719960390717094,0.045,0.0040684217,3.8376238e-05
3,5,1,0.9998540566797551,1.0,0.965,0.9999998836818779,0.9946102,0.9773270527915772,0.9800103430625469,1.0,1.0,0.7800203863576728,0.9999361480589504,1.0,0.9898660326882933,0.9998103696786498,0.985,0.99036306,1.0
3,11,1,0.9999990485858125,1.0,1.0,0.9999874079382378,0.99888474,0.980179522695215,0.9803508804137356,1.0,1.0,0.8259258648024864,0.9999486427020362,1.0,0.9997177985039145,0.9999988447528602,0.995,0.99838364,1.0
3,12,1,0.9999980823779255,1.0,1.0,0.999999907685395,0.9989976,0.980179592431443,0.980359682608567,1.0,1.0,0.8504708508449337,0.9999486427020362,1.0,0.9997489046880332,0.9999975559939511,0.995,0.9984584,0.99999267
3,14,1,0.9999999996019429,1.0,1.0,0.9999933574060382,0.9989115,0.9801796047378115,0.9803529184824845,1.0,1.0,0.8408396036139247,0.9999486427020362,1.0,0.9997262142462733,0.9999999994826752,0.995,0.99837303,0.9999998
3,16,1,0.9892638137672572,1.0,0.995,0.999999048121764,0.9983735,0.9797946945658056,0.9803102749398271,1.0,1.0,0.7812690212364616,0.9999453425760352,0.995,0.9956590925855976,0.9852891849665356,0.995,0.99750346,0.9999787
3,20,1,0.9999994322538216,1.0,1.0,0.9999865714946213,0.9989115,0.9801785627721151,0.9803529944720117,1.0,1.0,0.8309642646134185,0.9999486427020362,1.0,0.9997243759313886,0.999999307632518,1.0,0.99837303,0.99999803
3,21,1,1.0,1.0,1.0,0.984037885722358,0.99836034,0.9801796047378115,0.9803094111648489,1.0,1.0,0.6883625569778458,0.9999450687525628,1.0,0.9955995553873079,1.0,1.0,0.997607,1.0
3,23,1,0.9837120225346163,1.0,0.99,0.9999978822779567,0.99505347,0.979402023552307,0.9800458666550609,1.0,0.00011884291299244456,0.68770819449382,0.999961291170869,0.99,0.992190843736827,0.9771952375647777,0.995,0.99184775,0.999999
3,35,1,0.9992953067045008,1.0,0.995,0.9972559014343064,0.99758625,0.9797947196466433,0.9802480250686163,1.0,1.0,0.7831460436089197,0.9999450687525628,1.0,0.9972843646109958,0.9991209758411376,1.0,0.99628264,0.9999986
3,43,1,0.999999257787566,1.0,0.975,0.9957762787907144,0.99878067,0.9781750270536322,0.980342425591639,1.0,1.0,0.7674881002523358,0.9999486427020362,1.0,0.9923890510900275,0.9999990799503474,0.995,0.99806887,1.0
3,60,1,0.99155572308872,1.0,1.0,0.9999901322708871,0.9977324,0.9801791822148836,0.9802596341145277,1.0,1.0,0.6540098313084417,0.9999316507266812,1.0,0.997319564063443,0.9888773870446517,1.0,0.99683666,0.9999967
3,65,1,0.9774334079779098,1.0,0.885,0.9999868801046081,0.9730156,0.9692204679050339,0.9781996543232464,1.0,0.12629888718526575,0.642031316613484,0.9997229541228629,0.9,0.9588589736214672,0.9682149687337077,0.87,0.9612753,1.0
3,66,1,0.9982678377132401,1.0,1.0,0.9966477530290242,0.99732685,0.9801792355435068,0.9802274022356539,1.0,1.0,0.6750849879635855,0.9999316507266812,1.0,0.9980606104083444,0.9977947353980162,1.0,0.99617994,0.9999831
3,69,1,0.5857606226923444,1.0,0.73,0.9677449817524661,0.9035893,0.9443594131490429,0.9412597172719966,1.0,1.0,0.5210739095986098,0.9995999858860958,0.755,0.7967737281766705,0.530106121326329,0.775,0.8198146,0.83334893
3,79,1,0.9990600202918026,1.0,0.97,0.9999984471689374,0.9920041,0.9777578675657623,0.979799895259896,1.0,1.0,0.7416485674063434,0.9999550572676397,0.985,0.9902656409921915,0.9987531938236163,0.97,0.9891944,1.0
3,87,1,0.9999855825172292,1.0,0.995,0.9999997774308426,0.99804807,0.9797947238267799,0.980284676484772,1.0,1.0,0.8323110301440446,0.9999486427020362,1.0,0.9982583567602419,0.9999810781179413,0.995,0.9975737,1.0
3,88,1,0.9999982262341301,1.0,1.0,0.9999927916486967,0.99865866,0.9801796047378115,0.9803330126672761,1.0,1.0,0.8050351101949971,0.9999453425760352,1.0,0.9996624187392004,0.9999977044219662,1.0,0.9979462,1.0
3,95,1,0.9990972579358883,1.0,0.93,0.9999994348260935,0.9889853,0.974074809337278,0.9795534074729079,1.0,1.0,0.7110028497300455,0.9989090317428295,1.0,0.9795204982065172,0.9987114154509674,0.955,0.9810906,1.0
3,103,1,0.9999912099500395,1.0,0.995,0.9973745608969496,0.9989976,0.9797946360437325,0.9803596446265144,1.0,1.0,0.844145829913202,0.9999486427020362,1.0,0.9978408498839504,0.9999897781181666,0.995,0.9984584,0.99999505
3,104,1,0.9895237776518402,1.0,1.0,0.9999868345707312,0.9977324,0.9801784725205922,0.9802595730398709,1.0,1.0,0.659222095006341,0.9999316507266812,1.0,0.9968107532791841,0.9862315458538825,1.0,0.99683666,0.99999446
3,113,1,0.9882647614082688,1.0,0.995,0.9999966820506008,0.99508554,0.9797947071062284,0.9800467796029766,1.0,1.0,0.7029610866682159,0.999961291170869,0.98,0.9945867452231234,0.9838602389137087,1.0,0.9920391,0.999994
3,123,1,0.9979170859548939,1.0,0.92,0.9963841858077883,0.97211504,0.9730649853919201,0.9781178818882758,1.0,1.0,0.7011937985515864,0.999574124565626,0.93,0.9716040778970304,0.9972246207142712,0.91,0.9608588,0.999997
3,126,1,0.9983885729582841,1.0,0.995,0.999998273790356,0.9976069,0.979794527359442,0.9802495441495384,1.0,1.0,0.7457275078833648,0.9999675751636921,0.995,0.9977484300652271,0.9978972428914569,1.0,0.9962049,0.99998885
3,132,1,0.9999977635140701,1.0,0.995,0.9965601815945458,0.998412,0.9797946736650842,0.9803134901426427,1.0,1.0,0.6908986519477173,0.9999450687525628,1.0,0.9974924895406275,0.9999970955869316,1.0,0.997607,0.9999977
3,138,1,0.9910080735619352,1.0,0.975,0.9999988746141798,0.99766916,0.978180652029909,0.9802545996401717,1.0,0.7443724044998106,0.7267949667314778,0.9999453425760352,0.98,0.9909190271355434,0.9876859907063571,0.985,0.9953993,0.9999988
3,141,1,0.999998273120643,1.0,1.0,0.9999999358116607,0.9988555,0.9801793955285328,0.9803485607481174,1.0,1.0,0.8290597007084272,0.9999486427020362,1.0,0.9997134201358318,0.9999977801198652,1.0,0.99831796,0.9999991
3,142,1,0.974296675523327,1.0,1.0,0.9999831399698533,0.99561536,0.9801568374678926,0.98008100073694,1.0,1.0,0.5952373351830225,0.9999316507266812,0.99,0.9924737946535532,0.9661291820673389,1.0,0.99352986,0.99960786
3,149,1,0.9964733739789885,1.0,0.96,0.9951525277692126,0.98631567,0.9768848773099461,0.9793328974265558,1.0,1.0,0.6798451914719246,0.9970449731428597,1.0,0.9844853923443608,0.9953699211411006,0.955,0.98085576,0.9999233
3,151,1,0.9981119415954739,1.0,0.995,0.9999986667756032,0.9980854,0.9797912540219603,0.9802876221587192,1.0,1.0,0.7185900376475798,0.9999450687525628,1.0,0.9977989969929005,0.9974208475092547,1.0,0.99642557,0.9999981
3,153,1,0.9999999985155974,1.0,1.0,0.988888626153052,0.9989147,0.9801795965335667,0.9803532487089934,1.0,1.0,0.8384876929677425,0.9999486427020362,1.0,0.9969508358241448,0.9999999983133416,1.0,0.9984366,1.0
3,156,1,0.9962860287550749,1.0,1.0,0.9999998670747449,0.9984518,0.9801796006356895,0.9803166144732833,1.0,1.0,0.7808277397897853,0.9999453425760352,1.0,0.9986844311966059,0.9949573437613026,1.0,0.9975152,0.9999995
3,159,1,0.9999610335093564,1.0,0.98,0.9999870727686205,0.99878067,0.9785937183652375,0.9803426574800941,1.0,1.0,0.7782215599633145,0.999956025203721,1.0,0.9946821935149517,0.9999409499541524,0.99,0.99806887,0.9999994
3,167,1,0.45004679990601465,1.0,0.55,0.872298691617678,0.31598732,0.20818283150756292,0.1089755653011908,0.6,1.0,0.46047268430949817,0.03715749184888912,0.605,0.5470832025694723,0.3753385811620448,0.565,0.27824748,0.96893215
3,172,1,0.999930105801322,1.0,0.965,0.9999995396285407,0.9979954,0.9773269872876867,0.9802521630862893,1.0,1.0,0.8049739203726036,0.9999486427020362,0.975,0.9907312555041942,0.9999043528146887,0.965,0.9969729,0.99999774
3,174,1,0.9731699814286396,1.0,0.985,0.9999874044574313,0.99702954,0.9789959113334308,0.9802019236139695,1.0,1.0,0.6550108239050395,0.9999450687525628,0.98,0.988796732202261,0.9656268042736637,0.97,0.99381953,0.99991375
3,175,1,0.9999614078487834,1.0,0.95,0.9925430720381224,0.9946715,0.9756807207792526,0.9800152389875887,1.0,1.0,0.6683624546946441,0.9999664882994633,0.985,0.98429400086448,0.9999429480780109,0.95,0.9920962,0.9999995
3,177,1,0.9947643119874303,1.0,0.925,0.9999991614594828,0.9933402,0.9735742366238163,0.9799056030690473,1.0,1.0,0.7535613595833065,0.9999010528659756,0.985,0.9782759169180562,0.9934778255055091,0.955,0.990006,0.9999893
3,178,1,0.9977505550095986,1.0,0.985,0.9965750477445047,0.99764663,0.9789984077546013,0.9801132391465358,1.0,1.0,0.7282058579819468,0.9999450687525628,0.99,0.9942430581411091,0.9971789808208207,0.995,0.9958818,0.99999505
3,184,1,0.9999960364118314,1.0,1.0,0.9999989440607161,0.9988555,0.9801795678186842,0.9803440986885393,1.0,1.0,0.836037474972928,0.9999486427020362,1.0,0.9997126130208926,0.9999955021279603,1.0,0.99831796,0.9999698
3,190,1,0.9999921883695875,1.0,0.945,0.9930898242721025,0.9930865,0.9755208247518583,0.9798875652633305,1.0,1.0,0.7638204340817721,0.9997425222610096,0.985,0.9827921323747093,0.9999898181378807,0.895,0.9887733,0.9999999
3,196,1,0.9999999992074462,1.0,1.0,0.9934393133371846,0.9989147,0.9801795391037608,0.9803532487089934,1.0,1.0,0.828496190728864,0.9999486427020362,1.0,0.9980885077931401,0.9999999990117077,0.995,0.9984366,1.0
3,198,1,0.9999991229946743,1.0,1.0,0.9853850579301752,0.998412,0.9801796047378115,0.9803135015635057,1.0,1.0,0.7627510040237387,0.9999450687525628,1.0,0.9959490484946859,0.9999987790820343,0.995,0.997607,1.0
3,200,1,0.9833721700595605,1.0,0.955,0.9962068769992408,0.99783856,0.9764296798807973,0.9802552169117325,1.0,1.0,0.6878049208581251,0.9999450687525628,0.985,0.9831044009563278,0.9779289115471984,0.975,0.9960756,0.9997187
3,212,1,0.999999960129706,1.0,1.0,0.9969096548823565,0.99889165,0.9801796047378115,0.9803514266060486,1.0,1.0,0.8408396036139247,0.9999486427020362,1.0,0.9989503166606161,0.9999999572659923,1.0,0.99831796,0.99999666
3,216,1,0.9799690049721689,0.0,0.91,0.9999947088223151,0.9941057,0.972015584641435,0.9799697608039312,1.0,2.1896031087898743e-05,0.7014209356618599,0.9994443293670611,0.965,0.9710173526181614,0.9710969280774274,0.955,0.9918494,0.9999996
3,233,1,0.9888190742895032,1.0,0.95,0.9999818308691641,0.99500567,0.9759851267227406,0.9800420672809389,0.8,1.0,0.7597851040248748,0.9999665101820867,0.91,0.9834516430920731,0.9845881504396955,0.95,0.9920076,0.9999996
3,234,1,0.991490524197547,1.0,0.87,0.9900606549635365,0.9782963,0.9674149005041213,0.9786567397426094,1.0,1.0,0.6838010140536739,0.9997628686689272,0.96,0.9574618647670775,0.9892431381609416,0.865,0.9608945,1.0
3,236,1,0.9990899332230057,1.0,1.0,0.9999998069506896,0.998412,0.980178841728822,0.9803134825287307,1.0,1.0,0.7152134158274465,0.9999450687525628,1.0,0.9993754383068973,0.9987520754911141,1.0,0.997607,0.9999907
3,240,1,0.9990854049623875,1.0,1.0,0.9999987691215503,0.998965,0.9801790673527566,0.9803572181212338,1.0,1.0,0.8193223246685684,0.9999486427020362,1.0,0.9995122997580145,0.9987881740037092,1.0,0.9984584,0.9999981
3,244,1,0.999988371525001,1.0,1.0,0.9999999546233203,0.9989147,0.9801796047378115,0.9803532487089934,1.0,1.0,0.840807036693963,0.9999486427020362,1.0,0.9997257611940628,0.9999856878508813,1.0,0.9984366,0.99999994
3,252,0,0.004704859516951302,0.0,0.02,0.0021284464260430303,0.0030337626,0.029655961669764083,0.029782258988003612,0.0,2.4236874618437627e-17,0.3189431898651068,8.957356161912381e-05,0.005,0.0074667671269692424,0.003378103911798554,0.015,0.0034575134,8.280921e-08
3,259,0,0.04545666533017674,0.0,0.06,0.027254387241957105,0.0081229685,0.03452381306163329,0.03040674624518543,0.0,1.8567278562408786e-16,0.4024018063836063,0.0004401677866615938,0.025,0.035208505264893844,0.03246003451707088,0.05,0.009180052,2.0478378e-06
3,261,0,0.02335952289327588,0.0,0.005,0.009257673783748989,0.007896351,0.028008019890504613,0.030365521897635805,0.0,3.598088690311533e-17,0.41461355803001704,0.0004401677866615938,0.035,0.01137838684342695,0.01670612988503611,0.005,0.008304913,1.176033e-06
3,262,0,0.061739051920692005,0.0,0.025,0.02063952229925426,0.0049287905,0.030228537278276065,0.030049389738458877,0.0,1.6192717589853243e-16,0.3553279414464442,8.957356161912381e-05,0.01,0.02807684117961779,0.042671364881297844,0.015,0.0052246638,2.9502151e-05
3,264,0,0.18360027480203583,0.0,0.055,0.08335929565549696,0.004790293,0.0338936534583296,0.030286208625828967,0.2,6.477245335557469e-16,0.3687904792038014,8.957356161912381e-05,0.05,0.08168746587758133,0.1349287737419202,0.035,0.0052369186,0.00037599698
3,268,0,0.13524944749869464,0.0,0.285,0.11453854888257829,0.116500705,0.07963738275749974,0.0466563492411251,0.0,8.707966978969272e-08,0.43736482514474373,0.0024807076242489554,0.26,0.16282217546546213,0.10224421785430933,0.26,0.13609791,0.0005858523
3,272,0,0.014465886436746985,0.0,0.065,0.004575220110531785,0.01074965,0.0351834609635028,0.03071270737383633,0.0,1.165869346089033e-16,0.3882910835751113,0.00012464269239129561,0.005,0.02369768918376729,0.009853423320765846,0.075,0.011461809,1.6502503e-07
3,276,0,0.014419994136751194,0.0,0.19,0.009352997945228085,0.051280305,0.056214426831488334,0.03608321853177748,0.0,1.119909585763385e-11,0.4406869944519058,0.0009087049783799635,0.105,0.06626332421788061,0.01046346606500444,0.195,0.053768836,6.2083126e-07
3,281,0,0.0012440296875098394,0.0,0.0,0.0010549647226315152,0.0055322386,0.027478515866588192,0.030079709013681448,0.0,5.546643805603029e-18,0.3388415213194708,0.00012016984550700093,0.005,0.00195780826064548,0.0009120738886811623,0.0,0.0062933457,2.3105308e-10
3,284,0,0.000670437203619012,0.0,0.0,0.000575556572544201,0.0055322386,0.02747851585302497,0.030079705183421544,0.0,5.5995605584784e-19,0.35415933656261267,0.00012016984550700093,0.0,0.001694558102150945,0.00048415507790554454,0.0,0.0062933457,7.778971e-11
3,293,0,0.011971662770915149,0.0,0.02,0.007971474796121278,0.0073273587,0.029655961041072192,0.030295437657307696,0.0,2.6942484289138995e-17,0.40306089911324094,0.00012464269239129561,0.015,0.011817624067774186,0.008948177677937222,0.025,0.008025694,1.4779434e-08
3,294,0,0.04703007693794501,0.0,0.015,0.020634179878205358,0.0037549678,0.029104451958476326,0.02996564181969817,0.0,3.8907452399868692e-16,0.3434969970429376,8.957356161912381e-05,0.015,0.021604806159943743,0.03361289905010409,0.01,0.0039049922,9.498443e-06
3,302,0,0.06339833417347612,0.0,0.095,0.013942227221255276,0.008569059,0.03941358492997336,0.030456218172757895,0.0,1.5535548607081212e-16,0.40222003789507216,0.00037691567638142626,0.06,0.045227405089224425,0.04658488254444122,0.08,0.010019036,4.5005512e-05
3,311,0,0.0036066630047223306,0.0,0.005,0.0008740186025553592,0.0035799572,0.028007857885374493,0.02984724715186563,0.0,1.2373466935330319e-17,0.3336381085626626,8.957356161912381e-05,0.01,0.0032651596962850536,0.0025880906893811554,0.0,0.0037725486,5.500744e-08
3,321,0,0.08950662255321125,0.0,0.0,0.033947439097440635,0.0024118712,0.02791109985675868,0.030197709064664114,0.2,6.206792216813497e-16,0.3571822550520472,8.957356161912381e-05,0.035,0.03146648321696077,0.06484215769841291,0.0,0.0026233029,0.011745909
3,326,0,0.01793464488794655,0.0,0.01,0.002990866617442211,0.0028021818,0.028547873255387362,0.029758127748125328,0.0,1.7865275828773377e-17,0.37735388820284244,8.957356161912381e-05,0.005,0.008431923315378165,0.012838102241846052,0.005,0.0029887466,2.17737e-06
3,331,0,0.022701637971357904,0.0,0.015,0.006281826861499766,0.003772013,0.029096492719820913,0.029872862281231132,0.0,9.160359399036831e-17,0.3245171694002195,8.957356161912381e-05,0.005,0.011938869430560724,0.01630835505098628,0.005,0.0042801104,6.5561185e-06
3,335,0,0.045973164240007844,0.0,0.005,0.02187623893504638,0.0034045405,0.02802355666907623,0.029902183143617374,0.0,3.4897000300886605e-16,0.36632917539041865,8.957356161912381e-05,0.005,0.019063485912628034,0.03268606749621128,0.015,0.003407347,3.3080676e-05
3,337,0,0.0036785248722918606,0.0,0.0,0.0009359094460653969,0.0023504626,0.027478516518787684,0.029701619003132607,0.0,4.130817733590128e-18,0.33705804227194996,8.957356161912381e-05,0.015,0.001741224229736514,0.0026211279578819955,0.0,0.002520899,7.770128e-09
3,339,0,0.28010117082561875,0.0,0.02,0.141535996348891,0.0041757193,0.03003220785596357,0.031624272062653516,0.4,3.309135353347027e-15,0.36619214512362624,8.957356161912381e-05,0.06,0.11145322162847757,0.20991796716376446,0.0,0.004560404,0.0037844905
3,343,0,0.0017243807646584602,0.0,0.015,0.0009723212291569002,0.003404194,0.02909640475565804,0.029826278447058662,0.0,3.513880122808167e-18,0.3216804490044702,8.957356161912381e-05,0.0,0.005275224004318877,0.001218044227880726,0.005,0.0035193323,2.2459725e-09
3,346,0,0.0254778505816365,0.0,0.165,0.018030681961427562,0.0978014,0.05122969515502029,0.0433384282020462,0.0,5.5361797265373695e-09,0.3918157787432958,0.001878208910800777,0.075,0.07657748368856335,0.01950266805620372,0.17,0.08671977,2.8379443e-06
3,350,0,0.007947791317115122,0.0,0.035,0.0021964978844873197,0.0046620015,0.03139800757135418,0.02997636913651693,0.0,2.5272836793665522e-17,0.33382324462402285,8.957356161912381e-05,0.015,0.012451572676774141,0.005481027317220444,0.015,0.0050186184,1.9931933e-06
3,351,0,0.02690628105805732,0.0,0.045,0.026285774204994027,0.0046224436,0.032614771071447994,0.029973818596958798,0.0,6.521555392512413e-16,0.3587025168066356,8.957356161912381e-05,0.025,0.02570362471054717,0.01895999379051141,0.045,0.0048433132,4.121479e-05
3,355,0,0.03573655609121169,0.0,0.025,0.008041863612341223,0.004487967,0.030227318961094124,0.029965112919163248,0.0,1.2413853712628338e-16,0.3463445598754379,8.957356161912381e-05,0.01,0.018316596705543448,0.026144154517291872,0.0,0.0047615273,1.179123e-05
3,362,0,0.014399352362788807,0.0,0.0,0.005594307990656084,0.0031189497,0.027478631758572198,0.02979353519429238,0.0,9.807203350653254e-17,0.36498682235868857,8.957356161912381e-05,0.005,0.005778152515726258,0.009891030302034368,0.0,0.0032479481,2.6194762e-06
3,373,0,0.027096463713620057,0.0,0.0,0.005483335123851023,0.0025823798,0.02747988888195759,0.02973838028778044,0.0,9.476141620703706e-17,0.369865663202427,8.957356161912381e-05,0.005,0.008790544671774673,0.018762546771068374,0.0,0.0028470084,7.917608e-05
3,374,0,0.00040689171500965927,0.0,0.0,0.0009854745333283154,0.0055322386,0.02747851584738621,0.030079703949957782,0.0,8.469602809960969e-19,0.3328774716917441,0.00012016984550700093,0.0,0.0017311512201946353,0.000298573281269666,0.0,0.0062933457,1.5357722e-11
3,383,0,0.022796073811069253,0.0,0.035,0.0068965240976545964,0.0023933484,0.03139793071941836,0.029708945638895135,0.0,1.7743442887696667e-16,0.3629076184612895,8.957356161912381e-05,0.01,0.016771486571014797,0.016221507348965748,0.025,0.0026336622,6.0571745e-07
3,398,0,0.007137250071003824,0.0,0.005,0.003151574405348359,0.0037549678,0.028007888126770075,0.02987146851929079,0.0,6.186144359911352e-17,0.33335051850524267,8.957356161912381e-05,0.005,0.0047609480749941984,0.005021926017773556,0.005,0.0039049922,7.867571e-08
3,0,1,0.5794309134907396,0.0,0.385,0.843128869104633,0.15858895,0.15486109470600798,0.1127090542972281,1.0,1.0,0.45612551016435854,0.0021617415274178104,0.78,0.49153718211525094,0.5165097782408423,0.435,0.14482293,0.13460004
3,1,1,0.9887438745251368,1.0,0.97,0.9999886920566503,0.9864861,0.9777781067488898,0.9740479475198968,1.0,1.0,0.6799037330996063,0.9998989412423361,0.95,0.9863046609726105,0.9849398638405586,0.95,0.969341,0.9999921
3,15,1,0.999999743752367,1.0,0.985,0.999993618565061,0.9980453,0.9790372724899052,0.9750465379670442,1.0,1.0,0.8243170817521558,0.9999684347437295,1.0,0.9957596718991659,0.9999997130817239,0.995,0.997227,1.0
3,18,1,0.9882310085179943,1.0,0.865,0.9961757193180073,0.94197726,0.9666529647086466,0.9698095775318355,1.0,1.0,0.5171461212283587,0.97979816445054,0.86,0.9478459975832375,0.9844919079122658,0.86,0.905662,0.9999287
3,25,1,0.9583168428034377,1.0,0.905,0.9959758142607318,0.97251827,0.9714145526568083,0.9727838342982221,1.0,1.0,0.5841235140842919,0.9989772124647229,0.875,0.9579527305778786,0.9439297850854191,0.925,0.95450306,0.9999984
3,27,1,0.9999996637270822,1.0,1.0,0.9999976449373499,0.9982868,0.9802265326185489,0.975066998220876,1.0,1.0,0.8193399694146393,0.9999684347437295,1.0,0.9995710230899132,0.9999996170124402,1.0,0.9971511,0.9999999
3,29,1,0.9998254877553269,1.0,0.985,0.9999988844669725,0.99887794,0.9790372724899052,0.975117009174015,1.0,1.0,0.767533259489564,0.9999631583272643,0.98,0.9959255786961007,0.999767757877466,0.985,0.9981238,1.0
3,45,1,0.9999459398587033,1.0,1.0,0.9999999556498111,0.997239,0.9802264181858305,0.9749774754343076,1.0,1.0,0.7193235567452749,0.9999085132517043,1.0,0.9992962222883072,0.9999319087134166,1.0,0.99532795,0.9999977
3,53,1,0.999745049184631,1.0,0.905,0.999992463426306,0.9633364,0.9714145635862497,0.9719298043561903,1.0,1.0,0.5938277863074757,0.9990094720510105,0.99,0.9670184801873031,0.9996895089262503,0.935,0.93508667,1.0
3,59,1,0.9999509988365349,1.0,1.0,0.9999994898977048,0.9983271,0.9802264258146984,0.9750691327597764,1.0,1.0,0.691309753911815,0.9999085132517043,1.0,0.9995693912923322,0.999935660123285,1.0,0.9972268,0.9999984
3,61,1,0.999999842707097,1.0,0.96,0.9927220181700968,0.998059,0.9768979040795688,0.9750476998693377,1.0,1.0,0.7076609502384378,0.9999590744477148,0.95,0.9876952089050207,0.9999998851829986,0.975,0.9969279,1.0
3,63,1,0.999978378202208,1.0,1.0,0.9999993074985247,0.9982868,0.9802226720632441,0.975051577219174,1.0,1.0,0.7927160612051805,0.9999684347437295,0.99,0.9995661173489885,0.9999706827142676,0.995,0.9971511,0.9999999
3,64,1,0.9989257255330614,1.0,1.0,0.9999999631916761,0.9973068,0.9802264639589955,0.974983605699351,1.0,0.5057904253395274,0.7607085817545606,0.9999469482005356,1.0,0.9990581281138016,0.998455320979458,1.0,0.9957047,1.0
3,68,1,0.9996139201759126,1.0,1.0,0.9999999501492326,0.9990435,0.9802265326185489,0.9751309533069431,1.0,1.0,0.8336475860110653,0.9999684347437295,1.0,0.9996643486476086,0.9994814939604678,1.0,0.99842036,0.9999999
3,77,1,0.9998967412407153,1.0,1.0,0.9999999737972257,0.9988343,0.9802265326185489,0.9751132957415579,1.0,1.0,0.8028375597143295,0.9999684347437295,1.0,0.9996827567500172,0.9998670443977491,1.0,0.9980161,0.99999994
3,84,1,0.9999999978657454,1.0,0.99,0.996033687667339,0.99805766,0.9794412722511823,0.975047588743038,1.0,1.0,0.8318490268927895,0.9999684347437295,1.0,0.9960228372434472,0.9999999976857676,1.0,0.9969085,1.0
3,86,1,0.7979401920331016,1.0,0.995,0.857464778877125,0.99776053,0.9792155809949697,0.9718213035762902,0.4,1.1304033223486606e-08,0.6060206459110486,0.999687417814332,0.825,0.9120413762991815,0.7362737251217956,1.0,0.9963983,0.95279676
3,94,1,0.9974070320169343,1.0,0.985,0.99999926270736,0.99627703,0.9790360446224501,0.9748959013457692,1.0,3.2382132415988835e-05,0.7548410009937399,0.999942005652086,0.97,0.9946708322517446,0.9962278442474095,0.985,0.99359304,0.9999925
3,98,1,0.9999993161398064,1.0,0.99,0.9942815832981187,0.9961448,0.9794412445121434,0.9748843178030862,1.0,1.0,0.6582364484334646,0.9999085132517043,1.0,0.9951064177534632,0.9999991318468563,0.995,0.9937458,0.9999999
3,99,1,0.999968671834893,1.0,0.87,0.992860500654603,0.8776214,0.9672877072733226,0.9625293168093074,1.0,1.0,0.5796732368398736,0.9898089935356547,0.96,0.9351126461916794,0.9999612455838431,0.86,0.8302496,0.9999644
3,109,1,0.8633177636453083,1.0,1.0,0.93384108359829,0.99821836,0.9802225080114357,0.9749360504903286,1.0,7.8092576080759e-08,0.6915917608319845,0.9999085132517043,0.945,0.9488443012016543,0.8164434940034138,1.0,0.99709594,0.9994869
3,118,1,0.9996673146076196,1.0,0.995,0.9999998597739964,0.9983759,0.9798376463573201,0.975074542938049,1.0,1.0,0.7950150620261465,0.9999422929275804,1.0,0.998260766755194,0.9995493488641416,1.0,0.9973973,1.0
3,121,1,0.9425958698751119,0.0,0.775,0.9919886292800127,0.6099266,0.9527971976912456,0.9099643358202479,1.0,1.0,0.6060563107968611,0.2860466174745253,0.9,0.8298777701344691,0.9283816586553504,0.765,0.5484033,0.99934685
3,127,1,0.9999805942430922,1.0,1.0,0.9999951282066333,0.99856704,0.9802265211753061,0.9750907096958392,1.0,1.0,0.8249102925089705,0.9999684347437295,1.0,0.9996356917961701,0.9999764416952047,1.0,0.9975555,0.9999981
3,133,1,0.9987933753319802,0.0,0.9,0.9944428358940024,0.9977398,0.9708574572924268,0.9750205848844217,1.0,1.0,0.8138516216832208,0.9943842614125704,0.97,0.9727440007740249,0.9986300850138259,0.87,0.9967037,0.99999356
3,134,1,0.9999881084621046,1.0,1.0,0.9999997167163116,0.99902165,0.9802265326185489,0.9751286892769839,1.0,1.0,0.7954355383335898,0.9999684347437295,1.0,0.9997523686347682,0.999984336886285,1.0,0.99840987,1.0
3,135,1,0.9649155753899699,1.0,0.925,0.9918119185537165,0.98140806,0.9735408933305627,0.973594973869337,0.8,1.0,0.6130545158836297,0.9998809517478792,0.93,0.9657838883851755,0.9521716830150584,0.98,0.9767626,0.99999624
3,136,1,0.9977628620447667,1.0,0.985,0.9999980092868221,0.99720985,0.9790371109324187,0.9749741300517337,1.0,1.0,0.6585734500526135,0.9999085132517043,0.985,0.994992679576252,0.9971243316571564,0.995,0.995672,0.9999942
3,139,1,0.9997004864506668,1.0,1.0,0.9999999640037971,0.9982868,0.9802261053997561,0.9750668436962867,1.0,1.0,0.8150698515012678,0.9999684347437295,1.0,0.9994968085374212,0.999611773412622,1.0,0.9971264,0.9999986
3,147,1,0.9999999441060106,1.0,0.995,0.9999970712208792,0.9981509,0.9798376463573201,0.9750554876113614,1.0,1.0,0.8131759889970889,0.9999684347437295,1.0,0.9982869751080057,0.9999999230943469,0.995,0.9970367,1.0
3,148,1,0.9999914646212464,1.0,0.995,0.9930890615467312,0.9978682,0.9798376463573201,0.9750240251733445,1.0,1.0,0.627476970114285,0.9997186021411185,1.0,0.9964871766107353,0.9999902865976876,1.0,0.9964799,1.0
3,162,1,0.986784260524876,1.0,0.945,0.997266191152807,0.9954703,0.975512422353233,0.974758463171597,0.8,0.00012461806565241935,0.658533745638795,0.9999085132517043,0.865,0.9811301842733331,0.9803323943873085,0.955,0.9937,0.9997261
3,176,1,0.9999994399032623,1.0,1.0,0.9999993896727024,0.9981817,0.9802265326185489,0.9750580569256233,1.0,1.0,0.8062169905753573,0.9999684347437295,0.99,0.9995451325706117,0.9999992035713529,1.0,0.99713206,1.0
3,183,1,0.9621307242835481,1.0,0.985,0.9953796159497458,0.9921374,0.9790368726329025,0.9745330883890929,1.0,1.0,0.6629006191883225,0.9997336126923704,0.925,0.9836619281817595,0.9488054952083379,0.975,0.9863892,0.9998754
3,188,1,0.7775556651850212,1.0,0.975,0.8432074058176874,0.99669564,0.9780170272865938,0.9737319533686734,0.6,5.009655532129843e-05,0.6493101996503224,0.9999085132517043,0.91,0.8981146771764126,0.7167068442638476,0.97,0.9949988,0.9955073
3,193,1,0.9999999687540743,1.0,0.96,0.9936547943990549,0.99560994,0.9768979040795688,0.9748391836910478,1.0,1.0,0.6743029939718483,0.9999779694063926,1.0,0.9873161755628718,0.999999963955269,0.97,0.99309206,1.0
3,195,1,0.9999988921993561,1.0,1.0,0.9999970590234176,0.99808866,0.9802263838558883,0.9750499575252395,1.0,1.0,0.7504204470811091,0.9999085132517043,1.0,0.9995211522696903,0.999998639422377,1.0,0.99693906,0.9999997
3,199,1,0.9998948600569948,1.0,0.98,0.9999998956172348,0.99634737,0.9786255028628714,0.9749022177808331,1.0,1.0,0.7416677875153652,0.9999469482005356,0.995,0.9940605308594372,0.9998523634987782,0.985,0.9945036,0.999999
3,202,1,0.9948381119741042,1.0,0.99,0.9999979053490482,0.9969421,0.9794411850712229,0.9749494607348267,1.0,0.9999810348859856,0.664389453849414,0.9999085132517043,0.9,0.9954445300580601,0.9925338649636077,0.98,0.9947113,0.99999374
3,205,1,0.9598088458233243,1.0,0.99,0.9922717885892213,0.9979505,0.9794391877584877,0.9750261779684491,1.0,1.0,0.6343549876047015,0.9997186021411185,0.995,0.9850077821754859,0.946963586220162,1.0,0.9966156,0.9999527
3,207,1,0.9989614136629568,1.0,0.995,0.9999997765528664,0.99736685,0.9798375258324263,0.9749889679595866,1.0,1.0,0.7690022604384112,0.9999469482005356,0.99,0.9978320089558952,0.9985932349816682,1.0,0.99573296,0.99999946
3,218,1,0.9454721873597376,1.0,0.99,0.9894202387418852,0.9957425,0.9794351172495381,0.9748381721056282,0.6,9.615162945196704e-12,0.7297061998594574,0.9998836415585852,0.97,0.9801587314824903,0.9227660740615454,1.0,0.98964405,0.9998873
3,219,1,0.9999775434128163,1.0,1.0,0.9999999478623821,0.99723756,0.9802265326185489,0.9749779689587257,1.0,1.0,0.7647618701306648,0.9999469482005356,1.0,0.9993037636021096,0.9999699427853634,1.0,0.995774,0.9999999
3,226,1,0.9999999960066628,1.0,1.0,0.9999849974370439,0.9982911,0.9802265326185489,0.9750673152728723,1.0,1.0,0.8250147741876723,0.9999684347437295,1.0,0.9995690171683379,0.9999999955933885,1.0,0.9973206,1.0
3,232,1,0.9972014108966244,1.0,1.0,0.9999864975602409,0.9988612,0.9802072911804771,0.9751119689167494,1.0,1.0,0.7496041886760814,0.9999590744477148,0.99,0.9990122755284466,0.996330384805927,1.0,0.99812156,0.9999985
3,235,1,0.9999590938655802,1.0,0.99,0.9999999645942744,0.99882346,0.9794412722511823,0.975112383906248,1.0,1.0,0.8336475860110653,0.9999684347437295,0.995,0.9971956305941583,0.999945045351773,0.99,0.99823594,1.0
3,238,1,0.9999586270472864,1.0,1.0,0.9967487533271852,0.997239,0.9802265288041353,0.9749781008543503,1.0,1.0,0.6706514488900485,0.9999085132517043,1.0,0.9984865935047965,0.999951743519784,1.0,0.99532795,0.9999977
3,239,1,0.9943536308647293,1.0,0.995,0.9999890362164023,0.99873906,0.9798373664274506,0.9751005832794802,1.0,0.9999999999893596,0.8223417918042798,0.9999684347437295,0.995,0.997020432705227,0.9923162314029224,1.0,0.99784505,0.99998903
3,246,1,0.9999999987709467,1.0,1.0,0.993847493754207,0.9980134,0.9802265326185489,0.9750437580895316,1.0,1.0,0.8329938425561972,0.9999684347437295,1.0,0.9979652174286975,0.9999999987053596,1.0,0.99700636,1.0
3,247,1,0.31526254511108603,1.0,0.775,0.45833038568478046,0.9685126,0.4278421184993909,0.5139556243191359,0.2,8.202141835758109e-10,0.4534460166837262,0.9472314130044347,0.735,0.6292763813739315,0.24295787190482118,0.735,0.9603556,0.011172053
3,283,0,0.018374961563103764,0.0,0.325,0.03130226497456224,0.21786125,0.11094637761093823,0.06876228358816072,0.0,2.1026331466642662e-11,0.4594205118811841,0.005603675394880509,0.165,0.14813461914514534,0.013133214407557811,0.34,0.13348429,0.00011012655
3,286,0,0.01707215320963562,0.0,0.01,0.012842946885368042,0.0071737194,0.03445285493845411,0.03421398301297544,0.0,1.6788493875784686e-17,0.3704881063992614,0.0003518749859730572,0.01,0.01177220486131306,0.011949707398018528,0.02,0.006394017,9.5610645e-05
3,297,0,0.0035308421592981022,0.0,0.0,0.00286366487699952,0.0050300863,0.03315450776651856,0.03396256350349822,0.0,0.9999999944418647,0.35332397316230363,0.0003518749859730572,0.06,0.0028561483250779665,0.00257280453005853,0.0,0.0059293546,6.134065e-07
3,299,0,0.026099122845803242,0.0,0.01,0.02307957310699483,0.004843897,0.03445625757556133,0.034043697422348515,0.0,2.6123182096604464e-15,0.3602158127071773,0.0002804993304415613,0.015,0.01600564828475444,0.018630335524439573,0.005,0.0035437949,0.0003539391
3,300,0,0.016467433532678953,0.0,0.0,0.008519409207479069,0.003706029,0.03315468091601058,0.03381469149159456,0.0,4.8031700556090185e-18,0.3672073258727563,0.00031811288525830027,0.005,0.007173217914490595,0.011435946933418347,0.0,0.0042374465,3.3357137e-05
3,303,0,0.003776302902709157,0.0,0.03,0.007034620624059949,0.009453822,0.03719694831492956,0.03447195031851608,0.0,7.350371487932667e-19,0.39676721106328017,0.0003518749859730572,0.045,0.012566186363519536,0.0027024454306001813,0.015,0.0103902845,3.6107085e-07
3,304,0,0.10854051539502209,0.0,0.115,0.09541251020418824,0.012883205,0.051382981674839644,0.03494096962606514,0.0,1.2632390912277371e-15,0.37406804339706706,0.013319073638861319,0.055,0.08295905764149847,0.07719154974853558,0.105,0.012388347,0.00066408346
3,306,0,0.0254201259061487,0.0,0.01,0.03491666952692704,0.005138909,0.03445253399782638,0.03397708945696168,0.0,1.2501891383992e-17,0.3575224842921229,0.00031811288525830027,0.01,0.018868926102906844,0.01855446888490233,0.01,0.0054147523,6.860112e-06
3,309,0,0.0031035108296642816,0.0,0.0,0.005898707490346527,0.007888098,0.03315450680085909,0.034290797460540576,0.0,1.7588426939097684e-18,0.3897195826179119,0.0003518749859730572,0.0,0.004222579141840018,0.0022060505350132245,0.0,0.008315566,5.064611e-07
3,310,0,0.11441343756218356,0.0,0.045,0.09561374098760961,0.017917966,0.03968529228484206,0.04103976512420841,0.0,4.867623576192605e-16,0.4072232353355855,0.00042948285507444985,0.065,0.06823628625497888,0.08032870031776802,0.03,0.01487827,0.026102139
3,315,0,0.0832663747125259,0.0,0.54,0.07331078231238594,0.14769961,0.22684431417718592,0.055546523311858574,0.0,2.7898470001778133e-10,0.4630616558041114,0.04012005919054499,0.33,0.21106919160593846,0.0600272128128086,0.52,0.13277104,0.0025713046
3,316,0,0.048650006496451785,0.0,0.025,0.026643168250669574,0.005236675,0.036491953940274574,0.03399102153981216,0.0,8.016439036394202e-17,0.41356765088673025,0.00025860303783144755,0.015,0.026382462444651134,0.035102709533966124,0.04,0.005626534,1.5511247e-05
3,323,0,0.007533545574920441,0.0,0.025,0.0033308492616856778,0.005188627,0.03649174200110542,0.03398088119617679,0.0,1.566687487044874e-17,0.34380635280083266,0.0003518749859730572,0.0,0.010263255501285576,0.005395357388117204,0.015,0.005882513,6.261541e-06
3,324,0,0.2711396472171859,1.0,0.47,0.2358965531088947,0.54730326,0.21645297505937794,0.23051883008807905,0.2,1.933950802945713e-14,0.4564086366888593,0.1039882098735209,0.22,0.38108486492469795,0.20677185231441797,0.47,0.49147722,0.03340089
3,325,0,0.028962446147959054,0.0,0.015,0.08244946964082113,0.0033412708,0.03511993149624482,0.03379676388767794,0.0,5.74042562636795e-17,0.3453826308945956,0.0002804993304415613,0.005,0.03243829665807524,0.02074702586827642,0.0,0.0038876885,8.796933e-05
3,328,0,0.05236193661692784,0.0,0.39,0.09284222122211601,0.45473602,0.13913523740827535,0.14444061329860053,0.0,7.34249854099949e-17,0.45375458958379505,0.006980554998825974,0.14,0.24748504549508887,0.03681305218094263,0.4,0.4277632,0.0014946401
3,332,0,0.0009291225252150407,0.0,0.0,0.004019916682627548,0.003652851,0.033154504843422763,0.03380554756109029,0.0,2.517749445180667e-18,0.3333313300440877,0.0003102706513331987,0.0,0.002150472576282084,0.000657952732102354,0.005,0.0038813634,1.2598078e-06
3,344,0,0.03959304026513614,0.0,0.005,0.013192712960095176,0.0043942616,0.033800617226358236,0.03391169503341871,0.0,6.903113242928244e-16,0.3774901120959627,0.00031811288525830027,0.015,0.015545003714336491,0.02835147965538049,0.005,0.0051599313,0.00017307843
3,348,0,0.021511630909185026,0.0,0.01,0.05445948660429031,0.0064347386,0.03445278207041866,0.03413072760403574,0.0,9.372075604936607e-17,0.3781663021032825,0.00031811288525830027,0.01,0.023101464037373044,0.015207352833281285,0.02,0.006052101,6.9596186e-05
3,356,0,0.00026599637790079573,0.0,0.0,0.001088051894682306,0.0029452762,0.03315450364481741,0.03372509305713432,0.0,1.5001551801372555e-19,0.3252616865062914,0.0003102706513331987,0.01,0.0010748311206669149,0.00019246221108349683,0.0,0.0035409266,9.32618e-09
3,360,0,0.002520846282267777,0.0,0.0,0.00891972795822243,0.0025031976,0.033154505725225124,0.03367500139654363,0.0,2.6007301643288373e-18,0.3264704898642975,0.0002061431161754041,0.0,0.003485942970167699,0.0017448293029746697,0.0,0.002932745,5.652373e-07
3,361,0,0.07609771660026507,0.0,0.02,0.07357419109293793,0.011124514,0.035800664354006,0.03471360807617846,0.0,2.839498937592476e-16,0.39191328615766974,0.00031811288525830027,0.055,0.04519910543413354,0.05409106360284041,0.01,0.0087515665,0.00020620745
3,363,0,0.0008683857033101575,0.0,0.015,0.0019544030290774726,0.006525197,0.03511972177560833,0.034133818626093014,0.0,2.5005749528548183e-18,0.37202286462881057,0.0003102706513331987,0.005,0.006086996449688575,0.0006315673286393421,0.005,0.0066886013,3.379487e-08
3,365,0,0.08896787860570027,0.0,0.28,0.22222933996976096,0.2117764,0.09456123281008126,0.07039150713822685,0.0,1.4423057741034366e-15,0.41321367602756154,0.000756887202964735,0.065,0.20074340603708812,0.06306068863863111,0.285,0.23638496,0.0059866263
3,367,0,0.00024394844975873683,0.0,0.0,0.0024747921745560905,0.0028490545,0.03315450364241027,0.03371417249885933,0.0,1.5698412325721698e-19,0.33300442890584764,0.0002804993304415613,0.0,0.0013919487867817984,0.00017444098075360842,0.0,0.0032107579,6.6239454e-09
3,375,0,0.02769790344248483,0.0,0.005,0.01405961116381901,0.0024016567,0.033797747837943676,0.03367690316086962,0.0,2.5953953934978513e-17,0.34578794637943006,0.0002804993304415613,0.015,0.01228979282758183,0.019749007611153314,0.005,0.0027157266,8.776549e-05
3,378,0,0.0032597645202354325,0.0,0.045,0.002148117392341575,0.0029452762,0.039392023843289325,0.03372521577469081,0.0,7.857535424045805e-18,0.3323226211213031,0.0002988356288907612,0.005,0.01333828953066539,0.0023115367685599612,0.05,0.0035409266,1.82327e-06
3,381,0,0.0005723259915227226,0.0,0.0,0.001255663752566961,0.0030418788,0.03315450366319944,0.033736061238762716,0.0,5.436990628751033e-19,0.33077102952694154,0.0003102706513331987,0.0,0.0012174671380948624,0.00041695382846435345,0.0,0.0035409266,1.5888745e-08
3,394,0,0.24804760084089783,0.0,0.05,0.17512610684079222,0.0048655444,0.04023619270636367,0.03476928227600087,0.0,1.776978692939578e-15,0.4207879135771338,0.0003102706513331987,0.11,0.1195098130160432,0.18746058652701691,0.015,0.0053179804,0.0054857093
3,399,0,0.0012237552730149192,0.0,0.005,0.0033651936552661077,0.005267539,0.03379748208601895,0.033989703465823,0.0,1.3301375788233602e-18,0.3067554609082781,0.00031811288525830027,0.005,0.0037141219974717392,0.0008604429607605656,0.0,0.0049178344,1.142608e-07
3,2,1,0.9999932874481874,1.0,0.995,0.9999999606981712,0.99882597,0.98438846409714,0.9849638682988856,1.0,1.0,0.8206589852438092,0.9999259134741219,0.995,0.9984548038645544,0.9999916770704778,1.0,0.9980545,0.9999985
3,7,1,0.9997793775732547,1.0,0.9,0.9999979439916794,0.99329007,0.9778461824359741,0.9846382480396606,1.0,1.0,0.8082093166290649,0.9997925585939632,0.955,0.9732668470709973,0.9997259322546652,0.95,0.9883088,0.99999875
3,9,1,0.9999994548103205,1.0,1.0,0.9999935759810546,0.9985317,0.9846743380748781,0.9849467429097539,1.0,1.0,0.7354658448645908,0.9999207254194303,0.995,0.9996311824929945,0.9999993312364439,1.0,0.9978708,0.9999972
3,13,1,0.9986187682417624,1.0,1.0,0.9999997516932165,0.9985317,0.9846743032370904,0.9849459691177894,1.0,1.0,0.7192746429984707,0.9999207254194303,1.0,0.9992875547788955,0.9981963885744478,1.0,0.997747,0.9999869
3,17,1,0.9933216299060724,1.0,1.0,0.9999973489820658,0.9986626,0.9846742997533074,0.9849539566005499,1.0,1.0,0.7214022291144493,0.9999279793095877,1.0,0.9979953924671671,0.9914283648968449,1.0,0.99761933,0.9999795
3,31,1,0.9998272277601856,1.0,0.98,0.9999999851762648,0.99765766,0.9834989827649931,0.984895760201403,1.0,1.0,0.7642115961788792,0.9999447298132625,1.0,0.9943712174015168,0.999769566323105,0.99,0.9960253,1.0
3,34,1,0.9961595314953308,1.0,1.0,0.9999990397531457,0.99857485,0.9846743345911028,0.9849491660974233,1.0,1.0,0.7374094931817744,0.9999226843838184,1.0,0.9986833560479742,0.9952312869823565,1.0,0.99748296,0.9999999
3,36,1,0.9993374559817283,1.0,1.0,0.9999999310645991,0.9989042,0.9846743206559939,0.9849683851676674,1.0,1.0,0.8315942567959899,0.9999313419977445,1.0,0.9995604038141941,0.9991316076324862,1.0,0.99823254,0.9999897
3,37,1,0.9998912794625388,1.0,1.0,0.9999996211587907,0.99753153,0.9846742335612813,0.9848875698500564,1.0,1.0,0.6936203333563552,0.9999408593317957,1.0,0.9993556084656503,0.9998537734108731,1.0,0.9961074,0.99998903
3,46,1,0.7432130031046629,1.0,0.83,0.837093446051854,0.99121475,0.9707986284406549,0.983383258084132,0.8,1.4903622981950123e-13,0.6918868658283914,0.999839389674273,0.83,0.8503803003384456,0.6750688190510906,0.83,0.9847593,0.9942419
3,50,1,0.9994175933591365,1.0,0.995,0.999999476756697,0.99750024,0.9843883824991764,0.9848836254608279,1.0,1.0,0.6860664483546632,0.9999408593317957,0.99,0.9979793277296496,0.9992410585908664,0.995,0.99568224,0.999994
3,51,1,0.999985872928056,1.0,1.0,0.9999999838347038,0.9988708,0.9846743345911028,0.9849664852485841,1.0,1.0,0.8116727979479197,0.9999259134741219,1.0,0.9997141616918725,0.9999825467005392,0.995,0.9983297,0.99999917
3,54,1,0.9999908065880417,1.0,1.0,0.9999999787840541,0.996971,0.9846743380748781,0.9848555517304047,1.0,1.0,0.7048126963425246,0.9999054310144303,1.0,0.999240449133475,0.9999891191825556,0.995,0.99535215,0.99999714
3,56,1,0.9999999866890934,1.0,1.0,0.9999870936287087,0.9988708,0.9846743380748781,0.9849664724224697,1.0,1.0,0.8236073701555452,0.9999259134741219,1.0,0.9997144675806331,0.9999999853027479,0.995,0.99823254,0.9999998
3,73,1,0.9999999769952831,1.0,1.0,0.9999974082110099,0.99889874,0.9846743380748781,0.9849681111362577,1.0,1.0,0.8328436458927951,0.9999259134741219,1.0,0.9997240324473557,0.999999972264214,1.0,0.99839205,0.9999999
3,75,1,0.997727526310912,1.0,0.945,0.9999997502359543,0.99196386,0.9812252574255966,0.9845593577364249,1.0,0.9889231620541823,0.7573692360289446,0.9999232475653524,0.97,0.9836727849799172,0.9967963895892793,0.95,0.9850411,0.999976
3,76,1,0.9999999672538176,1.0,0.995,0.9999959481143957,0.99869496,0.98438846409714,0.9849562544786777,1.0,1.0,0.8034830374969135,0.9999259134741219,1.0,0.998422717917714,0.9999999632064276,1.0,0.997995,1.0
3,89,1,0.38758987303362,1.0,0.84,0.26446322880046164,0.96710324,0.4337462187444073,0.6268462582064749,0.6,2.420746234187834e-15,0.5349900650300687,0.9920390021575606,0.36,0.6147890861770569,0.30940408270714803,0.805,0.93894976,0.025459034
3,92,1,0.999998742255766,1.0,0.99,0.9999999852682646,0.99889874,0.9840973437505145,0.9849681111362577,1.0,1.0,0.8083868758565538,0.9999259134741219,1.0,0.9972243680267902,0.9999984712153145,0.99,0.99829847,0.99999994
3,97,1,0.99973000881174,1.0,1.0,0.9999999645997932,0.9989042,0.9846743206559939,0.9849684140227939,1.0,1.0,0.8018001954022775,0.9999259134741219,1.0,0.9996585504054956,0.9996460611933857,1.0,0.99817216,0.99999535
3,101,1,0.9993675922628971,1.0,0.99,0.9999999588215375,0.99878114,0.9840973256864198,0.9849612188242983,1.0,1.0,0.7741317486363508,0.9999326926718194,0.99,0.9970371739258557,0.999176471775793,0.995,0.9976926,0.99999964
3,102,1,0.7967764572177648,1.0,0.8,0.9570584906281003,0.93244684,0.9680562289460984,0.9804865365200883,1.0,4.948746302297382e-10,0.5399733501235976,0.9974087463668081,0.82,0.8715704463177743,0.7445059719213104,0.8,0.870095,0.99966323
3,107,1,0.9999957862994167,1.0,1.0,0.9999950446722747,0.99897146,0.9846743380748781,0.9849723365079169,1.0,1.0,0.8251364643515583,0.9999326926718194,1.0,0.9997405733053618,0.9999949735375276,1.0,0.9981706,1.0
3,110,1,0.916681745308639,1.0,0.945,0.9894674616195707,0.99391174,0.9812213529033377,0.9846608319693391,0.8,6.494550736379105e-10,0.7073506679147061,0.999971685641154,0.93,0.961265237523068,0.8873984240317127,0.945,0.98969287,0.998608
3,116,1,0.9997456574914275,1.0,0.955,0.9999951605494894,0.9895495,0.9819045924074888,0.9844145762032072,1.0,1.0,0.7295479233345792,0.9995408260774025,0.99,0.9860725839181119,0.9996823434523844,0.96,0.97930866,1.0
3,117,1,0.4647240009977023,1.0,0.78,0.4850597238523397,0.97635084,0.683874634556059,0.9062576518713605,0.4,1.0728934746240399e-14,0.5813919523965712,0.9934365790243999,0.235,0.6765336421891112,0.3786971449374656,0.76,0.9510465,0.26353845
3,119,1,0.9511635495291623,1.0,0.93,0.9948543766477981,0.9933397,0.9801585041732889,0.9846384433836934,1.0,3.8544785403270063e-10,0.6663115107601645,0.9995556698478474,1.0,0.9673394108912784,0.9350332510562632,0.92,0.98975706,0.9999185
3,128,1,0.9999999998421001,1.0,1.0,0.9926646070382554,0.9989359,0.9846743380748781,0.9849702706297193,1.0,1.0,0.828678178044959,0.9999259134741219,1.0,0.9979001212892951,0.9999999998676321,0.995,0.99842465,1.0
3,140,1,0.9992086406298338,1.0,0.76,0.9999973263708698,0.9715251,0.9630924616893202,0.983289051231434,1.0,1.0,0.6191895876353004,0.9988786515497077,0.935,0.9326827600130391,0.999014749810463,0.81,0.9651649,0.9999664
3,143,1,0.999998019023388,1.0,1.0,0.9970007435339248,0.99818075,0.9846743206559939,0.9849262961880944,1.0,1.0,0.7734833778347958,0.9999226843838184,1.0,0.9987948773973696,0.9999978062808654,0.995,0.997101,1.0
3,144,1,0.9999767238277812,1.0,0.995,0.9999996168760389,0.99866176,0.98438846409714,0.9849543220012754,1.0,1.0,0.7967701666397591,0.9999259134741219,0.985,0.9984095243048308,0.9999710055767222,1.0,0.99791735,1.0
3,150,1,0.830118519589667,1.0,0.905,0.9563508433985367,0.9747229,0.9781982527925979,0.983219550346477,1.0,1.0,0.6832804017559807,0.9964943626543223,0.81,0.9165480712091252,0.7795146312064725,0.905,0.9540127,0.9941424
3,155,1,0.9989817528992688,1.0,0.995,0.9999971221345633,0.99771106,0.9843883895946681,0.9848988806125061,1.0,1.0,0.7362476503556329,0.9999207254194303,0.995,0.9979224843662919,0.9986826890519983,0.98,0.996338,0.9999999
3,163,1,0.9999731940636417,1.0,0.99,0.9999999817228366,0.99534225,0.9840973437505145,0.9847598499040577,1.0,1.0,0.7170173135632211,0.9999532003026206,1.0,0.9963288576062875,0.999964520805275,0.985,0.99238515,0.9999987
3,164,1,0.3058434965454506,1.0,0.79,0.30905120954942367,0.89279795,0.3788279112130506,0.5443528465074539,0.0,1.4383479779545344e-14,0.42611875101227836,0.9984204953881994,0.7,0.5744231632562015,0.2428499606711662,0.73,0.82600266,0.006221794
3,169,1,0.9999859295253254,1.0,1.0,0.9999999705802898,0.99762976,0.9846743345911028,0.9848940978741433,1.0,1.0,0.7859324555026539,0.9999456794522714,1.0,0.9994039154503692,0.9999826178047716,1.0,0.99592257,0.9999404
3,170,1,0.9999977889780601,1.0,1.0,0.999989881189479,0.9988493,0.9846743380748781,0.9849652336477991,1.0,1.0,0.8236073701555452,0.9999259134741219,1.0,0.9997092357238764,0.9999974212716353,1.0,0.99814487,0.9999999
3,171,1,0.9999981926388709,1.0,0.995,0.9999993414300887,0.998582,0.98438846409714,0.9849496788932501,1.0,1.0,0.7099306007134407,0.9999207254194303,1.0,0.9983948848924382,0.9999976643567228,0.99,0.99779284,0.9999967
3,180,1,0.999998716239282,1.0,1.0,0.9999936802112007,0.9987961,0.9846743380748781,0.9849621406097114,1.0,1.0,0.8410175137616878,0.9999259134741219,1.0,0.9996971254588274,0.9999984812977382,1.0,0.9979792,1.0
3,185,1,0.8057435762893863,1.0,0.815,0.8759103495300633,0.9801278,0.9679867419923637,0.9822788885576074,0.8,4.9256612293554345e-06,0.6963465622422319,0.9966007342172359,0.885,0.8691954343128336,0.747393251318312,0.775,0.9612762,0.9903622
3,191,1,0.999999728175405,1.0,1.0,0.9999999693966276,0.9988702,0.9846743380748781,0.9849664505795839,1.0,1.0,0.7979286898878036,0.9999259134741219,1.0,0.9997174728825787,0.9999996702077492,1.0,0.99823254,0.9999998
3,194,1,0.9997244488677923,1.0,0.96,0.9999999571796041,0.9982287,0.9822351214454147,0.9849290877015388,1.0,1.0,0.7530791425240371,0.999810613049327,1.0,0.9894882837046515,0.9996615625016545,0.99,0.9969361,0.9999996
3,210,1,0.9999999984924544,1.0,1.0,0.9999978187321693,0.9989089,0.9846743380748781,0.9849686972283842,1.0,1.0,0.8226359715221313,0.9999259134741219,1.0,0.9997266736493413,0.9999999982961847,1.0,0.9983637,0.9999999
3,211,1,0.9697175987643603,1.0,0.955,0.9973260311500289,0.9927407,0.9819037392105937,0.9846054972037349,1.0,1.8081488435810822e-07,0.6670796012594262,0.9995567276898345,1.0,0.9786960801556374,0.95858314278126,0.95,0.9890616,0.9999343
3,220,1,0.9872514695872143,1.0,1.0,0.9999984209919195,0.99698764,0.9846743276235499,0.9848563968059816,1.0,0.000446224928384336,0.7202133282218531,0.9999372674999899,1.0,0.9960593828592076,0.9830942918129,1.0,0.99509794,0.999985
3,225,1,0.9999999975732203,1.0,1.0,0.9954252794630661,0.9989042,0.9846743380748781,0.9849684300533963,1.0,1.0,0.843694949566012,0.9999259134741219,1.0,0.9985823763116839,0.9999999974599119,1.0,0.9983297,1.0
3,227,1,0.9985714319701537,1.0,0.99,0.9999996810839967,0.9976884,0.9840972751068474,0.984896855106534,1.0,1.0,0.756912736234138,0.9999372674999899,1.0,0.9965648814301178,0.9981115854315922,1.0,0.9962219,0.99993765
3,241,1,0.9949908681205739,1.0,0.965,0.9999942730096657,0.9976809,0.982559589758412,0.9848970315242493,1.0,0.5809393122890417,0.755057114764199,0.9999447298132625,0.96,0.9894165109028297,0.9930450804482819,0.975,0.9956815,0.9999871
3,243,1,0.9881728284497386,1.0,0.825,0.9958171365272923,0.9022982,0.9708507193472065,0.9781822235269539,1.0,1.0,0.5694442415849735,0.9992457166292518,0.895,0.9278220442571057,0.985293536904709,0.815,0.8528977,0.9999598
3,248,1,0.9999974537657784,1.0,1.0,0.9999953758358565,0.9987344,0.9846743380748781,0.9849585509292808,1.0,1.0,0.8018007494126822,0.9999226843838184,1.0,0.9996818110447797,0.9999970904241886,0.995,0.9978096,0.9999999
3,260,0,0.0589758476598945,0.0,0.0,0.019775845978610717,0.0018384309,0.03035138629542024,0.03337255881671859,0.0,1.476816680079435e-16,0.301992952217059,0.00010405509194563244,0.0,0.020147531129302874,0.04300370660721387,0.005,0.002300016,0.00037671026
3,263,0,0.03648981602013552,0.0,0.035,0.0132141126909442,0.011255684,0.034447912693166084,0.03455769039511852,0.0,9.429779485886619e-17,0.39038061874178165,0.0005973206279369486,0.005,0.02398990325494686,0.026945850159991895,0.03,0.013113012,5.5513374e-05
3,269,0,0.009539442196333198,0.0,0.005,0.0022617744992429172,0.0065646935,0.030892280427579466,0.03394266637722827,0.0,1.2655984723303707e-17,0.36551365618904563,0.00011627709730135924,0.015,0.005841477555252415,0.006709154345013763,0.0,0.006665811,1.9108807e-05
3,274,0,0.13854520900228445,0.0,0.09,0.05009488664098989,0.006709997,0.042058045102593075,0.03411672451297559,0.0,2.2010319903397835e-16,0.3933520578954321,0.00012469167052546769,0.105,0.07133752317995389,0.10229667189029726,0.105,0.006570182,0.0008564561
3,275,0,0.05102084194891781,0.0,0.095,0.03276267009916343,0.024580112,0.04277923194473879,0.03636301821371347,0.0,1.587675713904902e-16,0.4255978055063872,0.0005510108342045868,0.08,0.05084090594379993,0.0370240099408739,0.075,0.02613129,0.00014725476
3,278,0,0.008221210592658325,0.0,0.0,0.007529893270113161,0.0043078186,0.030334676847282336,0.03365308533362935,0.0,1.3908095757218436e-17,0.33277607548150473,0.00011627709730135924,0.0,0.0050147306154541904,0.006046829785341323,0.0,0.004935205,7.507635e-06
3,279,0,0.0017493393028163654,0.0,0.0,0.0006909702887566602,0.00399177,0.030334237305132388,0.033611922257432564,0.0,1.2571938453956141e-18,0.3261273661834869,0.00010405509194563244,0.01,0.0016080199209927385,0.0012363564381152124,0.0,0.0034870973,5.5818936e-07
3,280,0,0.3956975602583039,0.0,0.25,0.28370999432044075,0.10257287,0.10180967649374437,0.050032756999719555,0.4,1.0509487416053913e-07,0.44189191188326826,0.0077962326255814375,0.425,0.25799510695337335,0.3224769053086239,0.265,0.08012924,0.067575336
3,282,0,0.14524606501286458,0.0,0.03,0.0474662796017353,0.004546062,0.033927170930772486,0.034099254438803635,0.0,3.3407644574622287e-16,0.3894656163967635,0.00032286043044207137,0.04,0.05681460167602567,0.10808815864443838,0.02,0.005017716,0.0026255616
3,287,0,0.05399762288418444,0.0,0.17,0.01301803781568312,0.01735651,0.05618743444982022,0.03543033901318548,0.0,2.2294981965499157e-16,0.42728063780424086,0.00038687447767678153,0.1,0.0635930425106643,0.03766584697080148,0.13,0.017803071,0.0013792592
3,305,0,0.014029087562788492,0.0,0.0,0.006939102180992469,0.0055104736,0.03033430298199588,0.033807867069506004,0.0,3.9991783160671985e-17,0.39917142497372127,0.00032286043044207137,0.025,0.006619665841913191,0.010233142201626634,0.015,0.00618503,1.0037948e-05
3,312,0,0.02828270467063374,0.0,0.175,0.017501404687344145,0.045679383,0.0569186954324732,0.03936349886985135,0.0,1.2329388175600776e-12,0.3917525658823149,0.0010106283914760698,0.07,0.06661587308446193,0.02096520133968896,0.23,0.041634727,0.00011487838
3,313,0,0.01475634840622171,0.0,0.01,0.006788258465952531,0.002795602,0.031458338464981854,0.033462549448622515,0.0,3.121137815854454e-17,0.36740975892372557,0.00010405509194563244,0.025,0.00858505220857712,0.01072608391733399,0.01,0.003006892,1.1083446e-05
3,318,0,0.001325375399990061,0.0,0.025,0.0006661663478262911,0.0055305366,0.03322018430718305,0.03380891534147231,0.0,3.2208315713831658e-18,0.35541790334104245,0.00032286043044207137,0.0,0.008130519597062954,0.0009333618367163188,0.0,0.006051321,7.6812296e-07
3,322,0,0.06942548624177274,0.0,0.16,0.054130846908350225,0.090013206,0.05400985775673556,0.046726029843865036,0.0,3.267133487015575e-08,0.4297667334959561,0.00509182507243624,0.165,0.09339238478880485,0.051816448538682655,0.15,0.06529099,0.00042571683
3,330,0,0.5622073243896176,1.0,0.465,0.5687096770639825,0.5383439,0.3131885463081661,0.4121024682071918,0.4,7.945500040612933e-15,0.49454303882295014,0.3940463244466941,0.165,0.533565226964047,0.4748244565268872,0.415,0.49808085,0.39252988
3,338,0,0.010392179713776345,0.0,0.01,0.022083537617376494,0.0037058352,0.031458375087044806,0.03358383581868758,0.0,2.527176179367976e-16,0.3164468993714626,0.00011525427210464209,0.025,0.01154538813346542,0.007476824595016702,0.015,0.0045594303,1.4075261e-05
3,341,0,0.022809408249001545,0.0,0.015,0.009348098772268503,0.0041943756,0.03204225079182515,0.03366214202367054,0.0,2.2491080140245984e-16,0.3230641880188708,0.00011525427210464209,0.01,0.01283797065362132,0.01601644418440367,0.01,0.0048208213,8.787552e-05
3,353,0,0.08145480102037049,0.0,0.005,0.06305453031646094,0.0041947975,0.030932439245685076,0.03381036778150306,0.0,2.5298396554824766e-15,0.33684364170360176,0.00011525427210464209,0.025,0.03842603220479324,0.05930334786388947,0.0,0.0048208213,0.0017946693
3,368,0,0.003292584880397885,0.0,0.0,0.002095431586911139,0.0019662243,0.03033439387536304,0.03335483751358747,0.0,7.78574659699822e-18,0.2818935374015155,0.00010405509194563244,0.0,0.0018385601880379085,0.002357005139130164,0.0,0.0023497518,3.999785e-06
3,372,0,0.007088435326246221,0.0,0.0,0.005456573633462111,0.0023793152,0.030334489607601708,0.03340798679411114,0.0,8.377600512101636e-17,0.3237255601040323,0.00010405509194563244,0.0,0.0037310810416223404,0.005128712769889927,0.0,0.0026563571,9.728634e-06
3,376,0,0.0012786134346516422,0.0,0.005,0.0005987380128306516,0.003736242,0.030891452404306612,0.033579580787487,0.0,9.72545630710865e-18,0.299508984405285,0.00010409328951269453,0.0,0.002653398350232439,0.0008921931004243893,0.005,0.0035772673,2.1928765e-06
3,377,0,0.10544576722478345,0.0,0.005,0.02826193775220094,0.0028653543,0.030904521629190298,0.033532382396182836,0.0,1.8476277728507986e-16,0.3667457579713302,0.00010405509194563244,0.05,0.03539326481866676,0.07727100071747543,0.01,0.0028905964,0.00052799954
3,380,0,0.033249740502670676,0.0,0.0,0.00797943019210224,0.0065791607,0.03042305906965928,0.03407293935231274,0.0,8.788152936568233e-17,0.42587916287292743,0.00024358942920115967,0.02,0.011952082846270133,0.023760803019038275,0.005,0.0060317237,0.00028744538
3,382,0,0.000812872415142761,0.0,0.025,0.004815147167798108,0.01047038,0.03322009254337294,0.03444836378070633,0.0,1.4239423839818382e-18,0.3660156698749541,0.00032286043044207137,0.005,0.010274599914554192,0.0005835570684087942,0.005,0.009026786,2.3116206e-07
3,385,0,0.00825132320800832,0.0,0.0,0.001958457524010474,0.0026418187,0.03033427454327776,0.03344129692987223,0.0,1.6046463740771368e-17,0.349511762939548,0.00010405509194563244,0.0,0.0032128998627508794,0.005974295888293581,0.0,0.0029417481,3.663133e-06
3,389,0,0.0013606819792195365,0.0,0.0,0.0013430635294127094,0.0020032865,0.030334222616104668,0.03335910108946041,0.0,3.021464025940453e-18,0.29105786909202785,0.00010405509194563244,0.0,0.0011767580020405808,0.0009828265781806486,0.0,0.0023497518,4.4756962e-07
3,392,0,0.03377878583042932,0.0,0.0,0.011435053318702947,0.004413655,0.030336892222187675,0.0336782456235398,0.0,5.1233911570212577e-17,0.32632673270495677,0.00011627709730135924,0.005,0.012406873544219855,0.024758605766083557,0.0,0.0049837856,9.0649955e-05
3,395,0,0.024958567622031694,0.0,0.0,0.013372004332743699,0.0021907724,0.030334740448628807,0.03339388159364892,0.0,3.854860516276739e-16,0.31924622057901353,0.00010405509194563244,0.005,0.010130336099696293,0.01826483321555414,0.0,0.0025024882,2.721075e-05
3,397,0,0.03378186927419145,0.0,0.025,0.00859305227260973,0.0060120556,0.0332210002830126,0.033874857721226684,0.0,2.3539519969395256e-17,0.37547741016979413,0.00032286043044207137,0.02,0.01834674427600559,0.024553951684376112,0.01,0.006604109,5.084791e-05
3,4,1,0.9994830368991277,1.0,0.995,0.9999999949288501,0.9987564,0.9845583906059443,0.9812682104553725,1.0,1.0,0.7975222005205308,0.9999753069144499,1.0,0.9983098601298459,0.9993014748270581,1.0,0.99809307,0.99999994
3,6,1,0.9999359721977558,1.0,0.955,0.9999912148576183,0.995612,0.9819893445622118,0.9810549272801915,1.0,1.0,0.6767138609905013,0.9998973540345913,0.975,0.9876348030790748,0.9999110221928875,0.97,0.99269885,1.0
3,8,1,0.9999920850286297,1.0,1.0,0.9999999821515131,0.99893516,0.9848531299128395,0.981280284776151,1.0,1.0,0.8366550437596662,0.9999568844648842,1.0,0.9997318075503077,0.9999895490602988,1.0,0.9982247,1.0
3,19,1,0.9996818927656711,1.0,1.0,0.9999998083229513,0.9990538,0.984853120153177,0.9812882797034649,1.0,1.0,0.8397678548848567,0.9999582948675205,0.99,0.9996838693382033,0.9995943175137324,1.0,0.99844486,0.99999994
3,22,1,0.9999775450477797,1.0,0.94,0.9999985562942727,0.9972193,0.9809213618131061,0.9811642560165379,1.0,1.0,0.6283168147434814,0.9999512003928286,1.0,0.9842988563634977,0.9999738342030454,0.975,0.99533683,1.0
3,24,1,0.9999973809239733,1.0,1.0,0.9999999557295641,0.9986633,0.9848531299128395,0.9812619480810518,1.0,1.0,0.7948360046723962,0.999959956048552,1.0,0.9996651607224512,0.9999965362583612,1.0,0.99769527,1.0
3,30,1,0.9927900398483037,1.0,1.0,0.9999943595518328,0.9982975,0.9848525410687984,0.981237014929172,1.0,1.0,0.6435639795919889,0.9998855709581226,1.0,0.9977704779828542,0.9912642194794014,1.0,0.9967589,0.99996203
3,40,1,0.9999908275816347,1.0,1.0,0.9999999956876666,0.99893516,0.9848531266596194,0.9812802731712623,1.0,1.0,0.8338313096503472,0.9999568844648842,1.0,0.9997314965725972,0.9999883526858113,1.0,0.9982247,0.9999998
3,44,1,0.999999861217956,1.0,1.0,0.9999997230787614,0.99879706,0.9848531299128395,0.9812709680173137,1.0,1.0,0.815112949916986,0.9999568844648842,1.0,0.9996991608389652,0.9999998359503546,1.0,0.9979297,1.0
3,55,1,0.9999995900848629,1.0,1.0,0.9999997955837989,0.99860865,0.9848531299128395,0.9812582593178303,1.0,1.0,0.8078033270379806,0.9999568885788463,1.0,0.9996520086114176,0.9999994936344929,1.0,0.99778545,1.0
3,57,1,0.9964038849049125,1.0,1.0,0.9999958051604974,0.9981958,0.9848529802640038,0.9812300535685383,1.0,1.0,0.6505189269225728,0.9998855709581226,1.0,0.9986488792681758,0.9954842551346814,1.0,0.9967589,0.99999774
3,71,1,0.9999892109088555,1.0,1.0,0.999999278367275,0.9978999,0.9848531299128395,0.9812103537578507,1.0,1.0,0.8090727590975815,0.9999568844648842,1.0,0.9994720948055286,0.9999864505202947,1.0,0.9960594,0.99999976
3,72,1,0.9999998216473344,1.0,1.0,0.9999999326641745,0.99893516,0.9848531299128395,0.981280284776151,1.0,1.0,0.8533658387458096,0.9999613327205731,1.0,0.9997337293331492,0.9999997827912078,1.0,0.9982247,1.0
3,74,1,0.9999997498962333,1.0,0.995,0.9999993019421595,0.99879706,0.9845584900715532,0.9812709718874968,1.0,1.0,0.8196585559439274,0.9999568844648842,1.0,0.9984490277243839,0.9999996971912062,1.0,0.9979297,1.0
3,78,1,0.99669217165242,1.0,0.995,0.9999987263779712,0.99651355,0.9845584237612174,0.9811162745297379,1.0,1.0,0.6581279747070293,0.9999510755157107,0.995,0.997051110885886,0.9956723101561042,0.985,0.993852,0.99999964
3,80,1,0.9999398674045283,1.0,0.97,0.9999999778348142,0.9966912,0.9829985800160892,0.9811283875930737,1.0,1.0,0.7398510127030019,0.9998973442400529,0.995,0.9916577680496428,0.999922241708601,0.995,0.9945675,0.9999984
3,81,1,0.9999458024027282,1.0,0.995,0.9999999108049465,0.9981152,0.9845584801250208,0.9812249235986675,1.0,1.0,0.6695101854400725,0.9999568844648842,1.0,0.9982652237826468,0.9999243025658601,0.995,0.9966968,1.0
3,85,1,0.9985959883021504,1.0,1.0,0.9999999877240222,0.9988047,0.9848529900237549,0.9812714400448972,1.0,1.0,0.7853213841684035,0.9999568885788463,0.995,0.9993501661199617,0.9981026134622919,1.0,0.99785393,0.9999998
3,91,1,0.9989069746535212,1.0,0.77,0.9966341476233013,0.97649354,0.963550912076866,0.979705738380926,1.0,1.0,0.6373231402745779,0.9949153079735178,0.875,0.9355086649257044,0.9986190587910035,0.795,0.96814114,0.9999971
3,93,1,0.9999999975878158,1.0,1.0,0.9999952262517077,0.9977697,0.9848531299128395,0.9812015511729542,1.0,1.0,0.8274570982246068,0.9999510755157107,1.0,0.9994412343103295,0.9999999972495812,1.0,0.996082,1.0
3,96,1,0.9994708044434416,1.0,0.995,0.999999996133436,0.99860865,0.9845583773438155,0.9812580656788719,1.0,1.0,0.8092541117304078,0.9999582988469116,1.0,0.9982698623384714,0.99928397327555,0.995,0.99778545,0.99999976
3,105,1,0.7419521106154976,1.0,0.775,0.9465533588885456,0.90213597,0.9642099043745798,0.973377919545447,0.8,1.0,0.6223654594367108,0.9986325295150608,0.735,0.8414103594280891,0.6764983753445039,0.78,0.86543125,0.9999916
3,108,1,0.9535372886971069,1.0,0.855,0.9944354090392833,0.98002094,0.9735869362917381,0.9799559601573398,0.6,1.0483736373620973e-11,0.6855402704617191,0.9994239533296583,0.91,0.9457484095100481,0.9333057208829004,0.89,0.9720924,0.99993235
3,111,1,0.9999999822691231,1.0,1.0,0.9999999356504917,0.99879706,0.9848531299128395,0.9812709680173137,1.0,1.0,0.8051854487182746,0.9999568844648842,1.0,0.9996992442446895,0.9999999790666325,1.0,0.9979297,1.0
3,112,1,0.9998682841808927,1.0,0.98,0.9999996934931841,0.9983033,0.9836403021163111,0.9812376149491823,1.0,1.0,0.7970354183427995,0.9999455532523053,0.995,0.9945428179639751,0.999833364111897,0.98,0.997083,1.0
3,114,1,0.9997028144296558,1.0,1.0,0.9999988379171111,0.9988047,0.9848530876209247,0.9812714013439789,1.0,1.0,0.810969089579813,0.9999568885788463,1.0,0.9996265852001103,0.99962668486614,1.0,0.99785393,1.0
3,120,1,0.9511298863780799,1.0,0.93,0.9952734725799063,0.99371403,0.9801619572842846,0.9809249650264897,1.0,1.0,0.6452585638168837,0.9998476819667367,0.92,0.9675293483788322,0.9333072344939354,0.965,0.99040365,0.999992
3,122,1,0.9999778606889016,1.0,1.0,0.9999945066151714,0.9979583,0.9848531299128395,0.9812143096866865,1.0,1.0,0.6353778681907956,0.9999510755157107,1.0,0.9994826674504842,0.9999740087372003,1.0,0.99640095,0.9999997
3,125,1,0.994196370873797,1.0,0.995,0.9999964821348704,0.9981029,0.9845570941798326,0.9812238450890076,1.0,1.0,0.6624850633289965,0.9998893139219647,0.99,0.996823939093689,0.9918525677603893,0.995,0.9964809,1.0
3,129,1,0.9575262677181795,1.0,0.985,0.994195253649571,0.99784887,0.9839482295474474,0.9812069010983955,1.0,1.0,0.6447136915647079,0.9999605343111428,0.97,0.9836425974344517,0.942750626441766,0.985,0.9959608,0.9999988
3,130,1,0.9999996376550305,1.0,1.0,0.9999814997007437,0.9984282,0.9848531299128395,0.9812460777217066,1.0,1.0,0.7521449496784359,0.9999568885788463,1.0,0.9996023407182617,0.9999995443884806,1.0,0.9974178,1.0
3,137,1,0.9999867476851878,1.0,1.0,0.9999999944641864,0.99882776,0.9848531266596194,0.9812730229088097,1.0,1.0,0.7932672203653699,0.9999568844648842,1.0,0.9997036244001442,0.9999839707293393,1.0,0.9979297,0.9999995
3,145,1,0.9999999995074345,1.0,0.995,0.9940857687526726,0.99879706,0.9845584900715532,0.9812709718874968,1.0,1.0,0.8196585559439274,0.9999655357657874,1.0,0.9969707068298126,0.9999999995365281,0.995,0.9979297,1.0
3,154,1,0.9999999999943643,1.0,1.0,0.9960725115989734,0.99799407,0.9848531299128395,0.9812167327856774,1.0,1.0,0.8439437413366632,0.9999568844648842,1.0,0.9985166442195167,0.9999999999943519,1.0,0.99622273,1.0
3,158,1,0.999944343858552,1.0,1.0,0.9999999555170862,0.99810827,0.9848530778612355,0.9812244522275803,1.0,1.0,0.6791367910401743,0.9999568844648842,1.0,0.9995131417899392,0.9999316437983384,1.0,0.99653035,0.9999982
3,160,1,0.9986610808570077,1.0,0.935,0.9999954685762216,0.9904021,0.98055174244996,0.980696244568263,1.0,1.0,0.6371242845043213,0.9999568844648842,0.995,0.9810146629759068,0.9982679020502144,0.945,0.983185,0.99999917
3,179,1,0.9995592063845681,1.0,1.0,0.9999999924179902,0.99860865,0.9848529509847136,0.9812582205901956,1.0,1.0,0.7904111071227867,0.9999568885788463,1.0,0.9995419618948916,0.9994043193779147,1.0,0.99778545,0.9999994
3,181,1,0.9919769792596135,1.0,0.925,0.997096386156424,0.9941251,0.9797912199939114,0.9809532342592903,0.8,1.0,0.56461176871356,0.9999232903028388,0.885,0.977049623302099,0.9879284510582079,0.94,0.989678,0.9999855
3,182,1,0.6915640059157435,1.0,0.59,0.7993271697744384,0.5211102,0.6584187003857469,0.8832455097942825,0.8,2.666222845831292e-14,0.5129696371754275,0.9162962165176816,0.48,0.6505003381825705,0.6028219999453359,0.64,0.46650106,0.97829986
3,186,1,0.991927619972876,0.0,0.76,0.9999992628934217,0.93808687,0.9621518704655448,0.9767053259780636,1.0,1.0,0.4828638704718604,0.7673676203793917,0.915,0.922503437549689,0.9897054381838256,0.75,0.90267056,0.9999999
3,192,1,0.957353447348836,1.0,0.93,0.9958604742394247,0.9896409,0.980026681168156,0.9806280212652179,1.0,1.4639971844508229e-09,0.6990696737749936,0.9985920556868569,0.98,0.9682137032850581,0.9360189557926952,0.96,0.9852152,0.9998939
3,197,1,0.9999967755838967,1.0,0.98,0.9999991908102933,0.9981647,0.9836403126444533,0.9812282722770304,1.0,1.0,0.667384120487965,0.9999568844648842,1.0,0.9945401699442277,0.9999958663874826,0.965,0.9968829,1.0
3,208,1,0.9793310042791133,1.0,0.96,0.995053476195874,0.99715316,0.9823307867099551,0.9811597446034668,1.0,1.0,0.7326571978435709,0.9999568844648842,0.99,0.9828844108578063,0.9722802748669194,0.965,0.99365556,0.9999997
3,209,1,0.6758533292635691,1.0,0.9,0.7720865664589258,0.96577483,0.9689400896242857,0.9767187455333785,0.6,4.192051917567564e-10,0.5863887743840765,0.9982701751509117,0.735,0.8284286824696329,0.5992342337655371,0.91,0.9444698,0.9971406
3,217,1,0.9987858149749084,1.0,1.0,0.9999998712281223,0.99726737,0.9848529282118936,0.9811674169755935,1.0,0.9771757236198649,0.7665314474000187,0.9999568885788463,0.99,0.9990132629146645,0.9982975420950955,1.0,0.9952077,0.99997854
3,224,1,0.37748220003616484,1.0,0.87,0.3490017260326556,0.9671601,0.9716348507695243,0.972646660936215,0.4,5.87298471754384e-14,0.5439996719218471,0.9926491812491973,0.635,0.6409110079435204,0.2997791548631836,0.865,0.9521557,0.99692726
3,230,1,0.9999171742867156,1.0,1.0,0.9999999785187574,0.99880254,0.9848530713547727,0.9812713417564977,1.0,1.0,0.8009421972763571,0.9999734164604679,1.0,0.9996799238729839,0.9998930252874417,1.0,0.9978961,0.9999998
3,231,1,0.9946755943228659,1.0,1.0,0.9999970338673576,0.99803215,0.9848530388224171,0.9812192623481988,1.0,1.0,0.695011191268559,0.9999510755157107,1.0,0.9981761952107411,0.9927006605174666,1.0,0.99691296,1.0
3,242,1,0.9999999994082787,1.0,1.0,0.9999973745800491,0.998594,0.9848531299128395,0.9812571805483034,1.0,1.0,0.7855866979298937,0.9999220645069868,1.0,0.9996478400056803,0.9999999993173934,1.0,0.99760926,1.0
3,249,1,0.999999999997057,1.0,1.0,0.9940835602907461,0.99879706,0.9848531299128395,0.9812709718874968,1.0,1.0,0.8099182130596582,0.9999568844648842,1.0,0.9982201548367365,0.9999999999970868,1.0,0.9979297,1.0
3,250,0,0.04688317962002851,0.0,0.1,0.06697932235953266,0.02466689,0.04723228286919587,0.041264845578652176,0.0,1.2045314361685221e-15,0.3756189786615184,0.00036510814428372364,0.035,0.059632348120384294,0.03102516461783043,0.095,0.026347669,0.0027031726
3,254,0,0.03746145967437407,0.0,0.065,0.018160761554766074,0.0110535985,0.041381900730694116,0.039214086325216356,0.0,2.1508754021598086e-16,0.32752805567061527,0.01088600982289223,0.04,0.0329189549287568,0.02619446953256189,0.065,0.010779538,6.7341665e-05
3,257,0,0.05681437108176786,0.0,0.025,0.02985902007630771,0.00321224,0.03560819715008654,0.038148423684936504,0.0,1.0578359003222864e-16,0.2869752870576336,8.706071190807921e-05,0.035,0.028721407804251076,0.0405468100712501,0.02,0.0039616376,0.00057059934
3,258,0,0.09438480296792492,0.0,0.02,0.028858450405810525,0.0033294158,0.03495281901121921,0.03821829956938978,0.0,2.283230365623184e-16,0.3295253024845147,0.00014637297529833485,0.005,0.03664316729484332,0.06611218807420556,0.005,0.00329751,0.00069775496
3,270,0,0.01229303183594433,0.0,0.0,0.0021566637553977097,0.0017623905,0.03238847830213789,0.03792512399041403,0.0,1.0557318750761178e-17,0.29246841503539717,0.00015565619179687748,0.0,0.004053021519326689,0.008520872233394428,0.0,0.0019479194,4.3703335e-06
3,273,0,0.46713643641642794,0.0,0.445,0.418253527448892,0.29087192,0.16395879583551434,0.11205762673479427,0.4,1.7115979807815594e-15,0.486598064339553,0.0963339157708842,0.285,0.4053154705166916,0.37587269988682026,0.43,0.2690198,0.041335214
3,277,0,0.007361652279687095,0.0,0.015,0.0027743988565284423,0.004390723,0.034279206648161364,0.03827839910668276,0.0,3.0882999452055685e-17,0.2965590485861275,8.706071190807921e-05,0.025,0.007381693552051984,0.005279587223056243,0.005,0.004387389,7.3863254e-07
3,288,0,0.02071385244954491,0.0,0.02,0.031291302399788404,0.01640487,0.03493355074986942,0.03995782091875348,0.0,0.9999999997974669,0.3203244003958858,0.0003531683853703875,0.13,0.022102506436716206,0.014437224514049484,0.025,0.014355323,9.725554e-05
3,289,0,0.008419856843059901,0.0,0.0,0.0013417074404432625,0.0018368189,0.03238845351165175,0.037934800168013774,0.0,2.1790609297010025e-18,0.308536948752616,0.00014688143536076764,0.005,0.0028995957898120257,0.006072019533264884,0.005,0.0019479194,2.1594067e-06
3,292,0,0.028690507042139327,0.0,0.005,0.018310702629089324,0.0029719973,0.03300895776929169,0.03809076885964989,0.0,8.533909169191314e-17,0.36955340443595264,0.0001724385624516067,0.005,0.013743301730740697,0.020018457300040076,0.0,0.0032798904,4.742773e-05
3,295,0,0.013668956614484707,0.0,0.14,0.028716560279996233,0.084198564,0.05472251518456349,0.050647418836829494,0.0,3.728102379354681e-11,0.3377309657536083,0.0069114611885027375,0.18,0.06664602029637032,0.009887487011197738,0.175,0.078721836,0.00010634245
3,296,0,0.004340946459417087,0.0,0.0,0.0020520507734703955,0.0018368189,0.032388425366692855,0.03793474399027257,0.0,1.851768953375526e-18,0.3181074686581527,0.00014666659727507653,0.0,0.0020574540271581054,0.0031352956293689534,0.0,0.0019479194,6.022545e-07
3,307,0,0.07236354734331522,0.0,0.015,0.039333927592076115,0.0066768546,0.03428727972117723,0.038633534131603975,0.0,5.960405580127012e-15,0.29770432346132253,0.00014637297529833485,0.02,0.033343582375282746,0.05330062933558778,0.02,0.006460425,0.0016142145
3,308,0,0.050356568713773954,0.0,0.015,0.015898903416584603,0.004003106,0.034280304001015484,0.0382291215205389,0.0,1.9133658380319071e-16,0.2987762913714993,8.706071190807921e-05,0.02,0.02131464457028368,0.034923088244758135,0.015,0.0043012295,9.990798e-06
3,319,0,0.42866751041945156,1.0,0.565,0.4527598904801897,0.66549814,0.9185367568002176,0.9359500370471745,0.4,8.68502251349281e-15,0.47635770700139823,0.034611196377857034,0.4,0.5279813845934254,0.34198049175843026,0.54,0.55443156,0.9984509
3,320,0,0.0024093627100751224,0.0,0.005,0.00620393374532851,0.0039907293,0.03300720337086086,0.03822427059602131,0.0,2.2606175461218027e-17,0.2878769651720075,0.0002315109622356485,0.0,0.004401006448706107,0.0017687431257528022,0.0,0.0044327676,8.924151e-07
3,327,0,0.00334199708870271,0.0,0.0,0.005138970974541288,0.0022763363,0.03238841442134204,0.037993690815831246,0.0,4.198969093356745e-17,0.29330267574689106,0.00014637297529833485,0.005,0.0026893260929531783,0.0023440584546459533,0.0,0.0023977777,2.1951676e-06
3,329,0,0.00568666457231465,0.0,0.005,0.001322893861027742,0.0030227164,0.03300720934251676,0.03809415525309193,0.0,2.718743049509215e-17,0.2682374452378472,0.00014637297529833485,0.0,0.0037580687034995393,0.004026196672945347,0.005,0.00329751,4.5288643e-06
3,333,0,0.0037192334886060733,0.0,0.01,0.005839122997852987,0.004083209,0.033637397170495145,0.03823676131646305,0.0,9.18379818331158e-18,0.33537906392655153,0.0002315109622356485,0.005,0.005910391422969471,0.00271692314744644,0.015,0.004678149,3.1098776e-07
3,336,0,0.03769460930617007,0.0,0.045,0.012662917100043088,0.0082516065,0.03839240027385926,0.03881024906184948,0.0,3.9235010817523515e-17,0.39153415266181274,0.00020563496359841536,0.055,0.025902283223237718,0.02688106155449332,0.03,0.008958354,0.00032232056
3,340,0,0.0037854003189018324,0.0,0.0,0.0008692190485614229,0.002671476,0.032388421150778904,0.0380467442718778,0.0,8.161663482285178e-19,0.3294497300427748,0.00015534457572697572,0.0,0.0018315238388361694,0.0026397589369628284,0.0,0.0030344694,3.343798e-07
3,347,0,0.0002455246485793439,0.0,0.0,0.0004597689106217859,0.003150202,0.03238840646365837,0.03811099894727246,0.0,6.862105932498879e-19,0.260428940111245,0.00014637297529833485,0.0,0.0009638739150744102,0.00017630728870337282,0.0,0.00329751,9.937062e-09
3,354,0,0.00320839596257678,0.0,0.0,0.0008586246591047419,0.003601525,0.032388409892134484,0.03817182162440639,0.0,1.9799722599857696e-17,0.2966382324966322,0.00014637297529833485,0.005,0.001917136400139409,0.0022830344011166015,0.005,0.00329751,5.2245167e-07
3,359,0,0.005911290326386748,0.0,0.015,0.004123635043564372,0.0033015637,0.03427919296295342,0.03813139158121961,0.0,1.4131951310618368e-16,0.2408586128466574,0.00014666659727507653,0.015,0.007084122260668126,0.004481456779616586,0.015,0.0036081926,7.6654084e-07
3,370,0,0.017687337443182995,0.0,0.0,0.004513897832559357,0.0053971545,0.03238894322005999,0.03841601882399261,0.0,1.2120052564757396e-17,0.36252322045566393,0.0002315109622356485,0.04,0.0068995974399216325,0.012545600175991036,0.0,0.0066521536,3.9088733e-05
3,371,0,0.0004452438329462935,0.0,0.0,0.0004944087678096232,0.0018368189,0.032388406435475796,0.03793468740638628,0.0,7.056541253319417e-18,0.2483458623417848,0.00014666659727507653,0.0,0.0006941178691252138,0.0003285096275369869,0.0,0.0019479194,5.858569e-09
3,379,0,0.0022049451047012713,0.0,0.0,0.0013333994361640776,0.0034280673,0.032388408207662873,0.03814842416875939,0.0,5.2463330989216765e-18,0.28140829343767804,0.0001724385624516067,0.0,0.001741602963593137,0.0015362628945711568,0.0,0.0038870308,2.996961e-08
3,388,0,0.007342310738561633,0.0,0.03,0.01081968789700433,0.006068375,0.03627702907756999,0.038508056142087806,0.0,1.065501785685055e-17,0.3094609148122247,0.0002315109622356485,0.035,0.013557593399295142,0.005015019191129049,0.02,0.0065599033,0.00014312267
3,390,0,0.012536871033239048,0.0,0.0,0.003213781248205195,0.0060662823,0.03238866781198249,0.03850684564058481,0.0,1.573646564797075e-17,0.29319522793296243,0.00010382260428406191,0.005,0.005454233640308423,0.008489745943440397,0.0,0.0068274555,1.7776845e-06
3,396,0,0.0005496338950995503,0.0,0.005,0.0006569638302312996,0.0042596827,0.03300719198850481,0.03826055748130203,0.0,3.3383346563627625e-19,0.3035013151972951,0.0002315109622356485,0.0,0.0026165701128614592,0.00038192952417275954,0.0,0.00510549,4.702101e-08
4,0,1,0.6052691731101942,1.0,0.455,0.7691006417664316,0.16879676,0.7089172672103407,0.44752278563943126,1.0,1.0,0.4417165379010455,0.003403850159219795,0.755,0.4995416444251711,0.542889869609627,0.51,0.18418998,0.35704672
4,4,1,0.9994682177998417,1.0,0.995,0.9999999923935871,0.99914014,0.9855087659511321,0.9837280535894769,1.0,1.0,0.8221132437602712,0.999980739231874,0.985,0.9984020883969748,0.9992818685411109,1.0,0.9985083,1.0
4,5,1,0.999695606354442,1.0,0.935,0.9999997245813937,0.99125576,0.9818094466479975,0.9832427198221678,1.0,1.0,0.7373959655392054,0.9999360222670578,0.99,0.9814877727821767,0.9996265362472531,0.96,0.98594403,1.0
4,6,1,0.9999788648547858,1.0,0.965,0.9999932359562765,0.9961572,0.983670831726211,0.9835461014935805,1.0,1.0,0.7225026076957253,0.9999369305201282,0.955,0.9902823324394371,0.9999688250255253,0.935,0.9937197,1.0
4,7,1,0.9997475606144217,0.0,0.895,0.9999986024027796,0.98961955,0.9789267252016985,0.9831402260057579,1.0,1.0,0.7631985305041133,0.9969046571326019,0.97,0.9710914290265857,0.9996890597788846,0.89,0.98407215,1.0
4,11,1,0.9999996770765412,1.0,0.995,0.9999993040016113,0.99790263,0.9854996627665235,0.9836528222662132,1.0,1.0,0.8083420780962551,0.9999658458585196,1.0,0.9982254032094491,0.9999996168877732,0.995,0.99684733,1.0
4,12,1,0.9999975362985782,1.0,1.0,0.9999999297475288,0.9990345,0.9857595811981449,0.983721672290038,1.0,1.0,0.8163874294794629,0.9999658458585196,1.0,0.9997579975025088,0.9999969999738609,1.0,0.9984549,1.0
4,26,1,0.9968224954539233,1.0,0.98,0.9999976661817058,0.99694496,0.9845786733544667,0.9835942492483385,1.0,1.0,0.7504460477367457,0.999945190107419,0.99,0.9934412813919167,0.9957056008134916,0.985,0.9945527,0.9999911
4,27,1,0.9999998202041275,1.0,1.0,0.9999970123255804,0.9980685,0.9857698019633356,0.9836629332100764,1.0,1.0,0.7879762747409994,0.9999658458585196,1.0,0.9995163360039403,0.9999997980879981,1.0,0.99708277,0.9999999
4,31,1,0.9998090065401926,1.0,0.995,0.9999999878104416,0.99796355,0.9855282162192073,0.9836564635144853,1.0,1.0,0.7828487105053412,0.9999658459238895,0.97,0.9981931355143095,0.9997512083769678,0.975,0.9970522,1.0
4,48,1,0.9999970253243129,1.0,0.9,0.9961268780482491,0.9662054,0.979314532122202,0.981604287859282,1.0,1.0,0.6616521317722802,0.9975652530854595,0.99,0.9655823303706139,0.9999955315395787,0.915,0.94574535,1.0
4,55,1,0.999999618862814,1.0,1.0,0.9999996522343476,0.9991265,0.985799126075429,0.9837272537495123,1.0,1.0,0.8237809100378838,0.9999658459238895,1.0,0.9997814412569945,0.9999995220097597,1.0,0.9984919,1.0
4,64,1,0.9990224583765696,1.0,1.0,0.9999999914646088,0.9983919,0.9857250226547497,0.9836826076347809,1.0,0.03189769408627727,0.747304089195182,0.9999451902123211,1.0,0.9993535940324458,0.9986181720808082,1.0,0.9970674,1.0
4,72,1,0.9999997267486035,1.0,0.995,0.9999997613138516,0.99914277,0.9855278003010306,0.9837282410703468,1.0,1.0,0.8177472825889507,0.9999660701200178,1.0,0.9985355635153239,0.9999996857526982,0.995,0.99851984,1.0
4,73,1,0.9999999634460883,1.0,0.99,0.9999956104283491,0.9981279,0.9852166432819242,0.9836665490193913,1.0,1.0,0.8162566137077003,0.9999658458585196,1.0,0.9970308628966718,0.9999999566450742,0.995,0.9970247,1.0
4,76,1,0.9999999829936727,1.0,0.985,0.9999942726420281,0.99828476,0.9849739954869586,0.9836761002624029,1.0,1.0,0.8120162674906498,0.9999658459238895,1.0,0.9958197531932498,0.9999999807652101,0.99,0.9973099,1.0
4,80,1,0.9999441375376948,1.0,0.97,0.9999999604714517,0.99712723,0.9840478961833112,0.9836054905945569,1.0,1.0,0.7357291150914017,0.9999369303994188,1.0,0.9917678332362267,0.9999268769373107,0.98,0.9951357,1.0
4,82,1,0.957449220345791,1.0,0.985,0.9911031885599529,0.99302566,0.9839456156587074,0.9833520976807434,1.0,1.0,0.5931381852131933,0.9998198096992583,0.995,0.9816445173551439,0.9460582827589209,0.985,0.9907183,0.9999867
4,90,1,0.999986102143412,1.0,0.97,0.9999995799910385,0.9924345,0.984089199907035,0.9833161776997374,1.0,1.0,0.6932703756671497,0.9999779370229243,0.99,0.9906050459456,0.9999836292673835,0.975,0.9876529,1.0
4,96,1,0.999598646391028,1.0,0.995,0.9999999965053652,0.9991265,0.9854967845068917,0.9837272360259934,1.0,1.0,0.8193682182983806,0.9999725542324202,1.0,0.9984312842068025,0.9994547640576745,0.995,0.9984919,1.0
4,103,1,0.9999855581893276,1.0,1.0,0.9999947257955415,0.99907047,0.9856396428951513,0.9837238537325648,1.0,1.0,0.8070394075326376,0.9999658458585196,1.0,0.9997626873873993,0.9999834369511996,1.0,0.9984549,0.9999999
4,106,1,0.9999840234091896,1.0,1.0,0.9999998689756682,0.9971168,0.9856986247902707,0.9836048601503866,1.0,1.0,0.6629213366206261,0.9999647174317094,1.0,0.9992751741269457,0.9999795364068651,1.0,0.99565375,1.0
4,117,1,0.505667167739225,1.0,0.75,0.5309592066195569,0.98315513,0.8770209202005902,0.9495361504429886,0.4,1.134349892058861e-14,0.6242523547515848,0.9994349052844791,0.485,0.6924453764247022,0.4115509981504226,0.73,0.974013,0.5304566
4,118,1,0.9997973928386897,1.0,1.0,0.9999999927171986,0.99793553,0.9857741412826447,0.9836548168449814,1.0,1.0,0.7568216232172499,0.999981449902589,1.0,0.9994332297698619,0.9997294721607718,1.0,0.99714595,1.0
4,121,1,0.9563276914117026,1.0,0.74,0.9943309485158166,0.42779282,0.9577052615664168,0.8739339143433822,1.0,1.0,0.5603280334107121,0.10284749054558845,0.885,0.7796128643204304,0.9451153398692211,0.76,0.42030016,0.99999875
4,123,1,0.99836167554183,1.0,0.915,0.9973521652989286,0.9782996,0.9802090490761409,0.9824140634408461,1.0,1.0,0.6402724309515472,0.9998132915388503,0.975,0.9722533646520232,0.9978655796745132,0.93,0.9614652,1.0
4,124,1,0.9999098050182621,1.0,0.995,0.9999994563631064,0.99824274,0.9854463400837357,0.9836735246513945,1.0,1.0,0.7563826061685104,0.999945190107419,1.0,0.9982879993110251,0.99988600962743,0.985,0.9968892,0.9999999
4,125,1,0.987367259447964,1.0,0.98,0.997130131499032,0.99485403,0.9843627333871207,0.9834519862989058,1.0,1.0,0.5844667038973019,0.9998198096992583,0.995,0.9898378559850781,0.9833372237306135,0.98,0.9924354,0.9999963
4,126,1,0.9978147603664568,1.0,0.99,0.9999975851449335,0.9968875,0.9850226885219856,0.9835897157841137,1.0,1.0,0.7557176122473104,0.999945190107419,0.985,0.996174962641466,0.997263288958566,0.995,0.9947109,0.99999446
4,128,1,0.9999999999854037,1.0,1.0,0.9902640321673668,0.99826103,0.9857987114520798,0.9836746527600904,1.0,1.0,0.8007811132876572,0.9999658458585196,1.0,0.9971312666603621,0.9999999999883515,1.0,0.9973596,1.0
4,130,1,0.999999736633742,1.0,0.995,0.9961261709402216,0.99840873,0.9854836493766148,0.9836836444715468,1.0,1.0,0.7775241961319983,0.9999658459238895,1.0,0.9973836605930988,0.9999996706475262,1.0,0.9975109,1.0
4,131,1,0.9829055440016079,1.0,0.91,0.9950689665466951,0.99253803,0.9791304117877888,0.9833217394585013,1.0,9.147007626303512e-08,0.6995286529368804,0.9999415382651914,0.94,0.9701281363660568,0.9743911674629164,0.915,0.9873144,0.999991
4,133,1,0.9993679268394946,0.0,0.88,0.9934638194504822,0.9975752,0.9737789677666422,0.9836328010951689,1.0,1.0,0.7935895589442298,0.9971119691657979,0.96,0.9676017424339673,0.999302531728195,0.855,0.9965899,1.0
4,137,1,0.9999887883851468,1.0,1.0,0.9999999944888162,0.99830663,0.9857134035056396,0.9836774316292611,1.0,1.0,0.7714339819820581,0.9999658458585196,1.0,0.9995738537289736,0.9999858295420809,1.0,0.9974681,0.99999994
4,151,1,0.9975097324529985,1.0,0.99,0.9999990010515044,0.99708515,0.9851902934046625,0.9836028789564637,1.0,1.0,0.6836362810058673,0.9999647174317094,0.99,0.996148471890263,0.9967871957929257,0.985,0.99580306,1.0
4,154,1,0.9999999999967593,1.0,1.0,0.9942674329714343,0.99790776,0.9857949888758296,0.9836531382563057,1.0,1.0,0.8453758793930034,0.9999658458585196,1.0,0.9980437976818219,0.9999999999968363,1.0,0.99686414,1.0
4,159,1,0.9999810767639182,1.0,0.975,0.9999992879103453,0.99818486,0.9843773392996957,0.9836700046474115,1.0,1.0,0.8046658181980028,0.9999660662097817,1.0,0.9932913061067297,0.9999726900609085,0.985,0.99713206,1.0
4,168,1,0.9999993010911712,1.0,1.0,0.9999965554311974,0.99908495,0.9857943763290014,0.9837247327400693,1.0,1.0,0.8445505594368405,0.9999804331692546,1.0,0.9997702015039442,0.999999225676809,1.0,0.9984717,1.0
4,169,1,0.9999920791979005,1.0,1.0,0.9999999806146042,0.9982889,0.985766183801874,0.9836763506542218,1.0,1.0,0.7766133379988104,0.9999529205889958,1.0,0.9995702473187343,0.9999898667226275,1.0,0.99699557,1.0
4,177,1,0.9963461787015797,1.0,0.975,0.9999973616346095,0.9963709,0.9839207673879083,0.9835566615510888,1.0,1.0,0.7086659976249646,0.9999779370651526,0.985,0.9919286129835987,0.9955169547313687,0.965,0.9942636,0.99999607
4,180,1,0.9999989556410964,1.0,1.0,0.9999946274601118,0.9991265,0.9858004272773824,0.9837272537495123,1.0,1.0,0.8396015720502167,0.9999658459238895,1.0,0.9997800192580062,0.999998740401198,1.0,0.9984919,1.0
4,186,1,0.9861710657401834,0.0,0.745,0.9999977471651316,0.6366769,0.961960538021325,0.9386560624074711,1.0,1.0,0.45206839335157023,0.1682370377451506,0.885,0.8419614301111706,0.9817660813054623,0.77,0.64522266,1.0
4,203,1,0.9995860386077924,1.0,1.0,0.9999998916770638,0.99708515,0.985666267141784,0.9836029146698547,1.0,1.0,0.6736527868561228,0.9999647174317094,1.0,0.9991677710853513,0.9994832354751138,1.0,0.99580306,1.0
4,206,1,0.9991522249368155,1.0,0.91,0.9999996536615661,0.9811359,0.9798211243024816,0.9825988310143174,1.0,1.0,0.6488786737824057,0.9998923315786473,0.985,0.9725719458468381,0.9989351075882799,0.92,0.9707772,0.9999895
4,217,1,0.9985881555661351,1.0,0.995,0.999999611011193,0.9978678,0.9854911207671947,0.9836505758575251,1.0,0.9834211452520097,0.7812981066415093,0.9999658459238895,0.98,0.9978638973061057,0.9981080444822075,0.995,0.9968754,1.0
4,227,1,0.9984228563884365,1.0,1.0,0.9999992842232676,0.998422,0.9856993762872125,0.9836844388787913,1.0,1.0,0.7620428845355436,0.999945190107419,1.0,0.9992110418114801,0.9979007220063918,0.995,0.9971214,0.99999636
4,231,1,0.9904802106279996,1.0,0.995,0.9999897418464789,0.9983132,0.9853514873395931,0.9836770626955348,1.0,1.0,0.6742842612549292,0.9999647174317094,1.0,0.9959457852568337,0.9877006865107606,1.0,0.997322,0.9999989
4,233,1,0.9866008879606087,1.0,0.95,0.9973473759183109,0.99686784,0.9827496877171402,0.9835888661849398,1.0,1.0,0.734453255619844,0.9999807556614587,0.905,0.9827040248501544,0.9825085993163535,0.97,0.995665,0.9999995
4,234,1,0.9977248826767626,1.0,0.91,0.9971061871152185,0.97038686,0.9799451406656302,0.9818878352236579,1.0,1.0,0.7197490423481371,0.9999083672778419,0.945,0.9688044831367008,0.9971733931996769,0.88,0.95329696,0.99999785
4,247,1,0.28990586567360127,1.0,0.75,0.41732412605304764,0.97064024,0.5765242403464947,0.5716786034458604,0.4,1.542097577552911e-08,0.5010910439412132,0.9151152554748165,0.71,0.6069675584566028,0.22540740650339236,0.765,0.9630891,0.022764947
4,259,0,0.03821161940851494,0.0,0.03,0.017874552364355784,0.005791484,0.03684932607526658,0.03297939332391096,0.0,1.0878298143432548e-16,0.3580246190783397,9.507675105072053e-05,0.045,0.022969413921371924,0.027745397698490395,0.045,0.0063573234,6.1129635e-05
4,262,0,0.0389444110461084,0.0,0.01,0.009206523829508734,0.0063197315,0.03425236208332841,0.03304500160877153,0.0,7.569769173714195e-17,0.37174783172598896,9.886975184238473e-05,0.015,0.016117666587384966,0.027296346336938046,0.025,0.006884152,5.8226993e-05
4,267,0,0.016160075333877,0.0,0.005,0.004839984130783551,0.002990657,0.033413248219101355,0.032642053244419926,0.0,7.185379170327788e-17,0.30350086141078464,0.0001298082822204372,0.0,0.00724767911566726,0.011436761318484728,0.015,0.0034749515,4.56335e-05
4,272,0,0.009719757265316613,0.0,0.025,0.0027835669652503856,0.009205877,0.03566011301784848,0.03339305293416537,0.0,4.659988956667333e-17,0.33700395221701396,9.507675105072053e-05,0.005,0.011677300270039683,0.006800148104033513,0.06,0.009662073,1.0634595e-05
4,282,0,0.13251528585762448,0.0,0.015,0.035468178021986735,0.003712027,0.03743877505840393,0.03275157285342206,0.0,2.785225284248544e-16,0.33485454421966593,9.886975184238473e-05,0.04,0.04667387274511434,0.09699395185827256,0.0,0.004255474,0.0007381034
4,283,0,0.01633889623984271,0.0,0.27,0.014956697195542289,0.14327902,0.08661090454416076,0.05430943188352558,0.0,2.0744937100255244e-12,0.4483453596532112,0.0009184803008350013,0.1,0.1111436523633247,0.011611952864523037,0.305,0.08595365,7.1406146e-05
4,286,0,0.015498169028055106,0.0,0.005,0.004945309698236244,0.005202192,0.03339437875516524,0.03291910356989048,0.0,1.9882758196229994e-17,0.3706306023332164,0.0001298082822204372,0.015,0.007661417652031703,0.010882264170938474,0.005,0.0052951723,7.685086e-05
4,288,0,0.012143510450121735,0.0,0.015,0.012365408463854227,0.009389858,0.03448661394240263,0.03341562248318583,0.0,0.9999999998720668,0.3048979956421181,9.507675105072053e-05,0.095,0.012224694168884458,0.00858752855472182,0.025,0.0072795227,2.442969e-05
4,296,0,0.004782056117524172,0.0,0.0,0.0013860181069779,0.0029247538,0.03240778376785574,0.03263297224502964,0.0,2.3596283761888573e-18,0.3415486861447336,0.0001298082822204372,0.0,0.0022732070107907617,0.0034434439318937467,0.005,0.0029767305,2.4475403e-06
4,306,0,0.02802708655751687,0.0,0.035,0.01189682014776168,0.004309715,0.037517708895380426,0.03280252088974723,0.0,1.483844589705192e-17,0.3826490309274053,0.00012482851583088463,0.025,0.019808405369271437,0.02041456502355533,0.03,0.0042942674,3.865473e-05
4,313,0,0.011805878818170867,0.0,0.01,0.002625261554165615,0.0038219374,0.033707643209062374,0.03274072341989878,0.0,1.8441814782575868e-17,0.38271308310016044,0.0001298082822204372,0.01,0.007063269434914136,0.00850576500754474,0.005,0.004391071,7.736613e-06
4,321,0,0.08819549349200557,0.0,0.0,0.03083804767345976,0.0028101907,0.03793667795749042,0.03314177457862478,0.2,5.300237124994074e-16,0.3222285191879383,0.0001298082822204372,0.03,0.03046093295751741,0.06281240178143258,0.01,0.0033807708,0.00562188
4,324,0,0.24826466047194148,1.0,0.335,0.17922534172390306,0.5683248,0.21603139603737032,0.8570195145817092,0.2,1.516545861424202e-14,0.43958930210478325,0.029717520842605153,0.21,0.3327037016254687,0.19004041078152267,0.47,0.46707848,0.2193829
4,326,0,0.017703949385775835,0.0,0.0,0.002608276517892402,0.00332803,0.03274864740740325,0.032685587396594135,0.0,1.0855046036912164e-17,0.3839102538360789,0.0001298082822204372,0.02,0.0059100639753287615,0.012405324994734988,0.0,0.0036089318,4.6885893e-05
4,335,0,0.04917488299456752,0.0,0.005,0.0232489420649524,0.007510709,0.0342823018517389,0.03323935753729193,0.0,2.1445812859716227e-16,0.36113548067118406,0.0001298082822204372,0.01,0.02123363354254184,0.03433644225182269,0.0,0.005146679,0.00074512756
4,336,0,0.03523156840290727,0.0,0.03,0.007655183915828586,0.0076712235,0.03684824511654004,0.03321961843012291,0.0,4.6522089510481026e-17,0.4004283810746799,0.0001298082822204372,0.06,0.020139493951610212,0.0243863149352565,0.025,0.010069218,0.00017017877
4,337,0,0.0041999359117717,0.0,0.0,0.0013005320578191126,0.002810625,0.032456587860155095,0.0326193230064933,0.0,1.8056064271245043e-18,0.33413545823347607,0.0001298082822204372,0.005,0.0020777732158363833,0.002961946521654196,0.0,0.0031347822,9.342816e-06
4,341,0,0.01754606900878313,0.0,0.015,0.003964367048378541,0.008631581,0.034802746828120464,0.03334179759900761,0.0,1.7525937680268448e-16,0.3271317273816189,0.0001298082822204372,0.04,0.01128550437443241,0.012686230242783127,0.02,0.010814424,0.00019223004
4,346,0,0.035510331711409965,0.0,0.05,0.02301915293699132,0.021778231,0.039558310505594885,0.03497992434712021,0.0,2.577503676520926e-11,0.3943582208591483,0.0002602676919333115,0.035,0.03257692903376985,0.026464610708277457,0.055,0.02339512,0.00015350601
4,347,0,0.00023426655584874915,0.0,0.0,0.00023410464153845575,0.003428224,0.03232095489559264,0.03269311797020361,0.0,7.897825720623451e-19,0.311888183748194,0.0001298082822204372,0.0,0.0009741488014793959,0.00016667661248322453,0.0,0.0036400156,5.4515176e-08
4,356,0,0.0002530126735905289,0.0,0.0,0.00022970756800804018,0.0027517579,0.032324643083727,0.032612125576920795,0.0,2.3207331862410996e-19,0.27943136739752866,0.0001298082822204372,0.0,0.0008086195245142487,0.00018197760495590012,0.0,0.0029424531,4.9959567e-08
4,359,0,0.006523259133865109,0.0,0.005,0.0027447471816093444,0.00332943,0.03305420355985562,0.03268165870571907,0.0,1.4893648480450057e-16,0.2865825532796869,0.0001298082822204372,0.015,0.004399359080945388,0.004767612474383928,0.005,0.0039884616,9.118389e-06
4,364,0,0.01780675336885075,0.0,0.015,0.005133620641744094,0.0046425667,0.03453478024425423,0.03283915598496569,0.0,1.8327981095849102e-16,0.32508443231706186,0.0001298082822204372,0.005,0.010645735169150471,0.012423042227049376,0.015,0.0063078753,2.5599327e-05
4,365,0,0.07655948806912984,0.0,0.16,0.11717125294533509,0.110972285,0.0678603361280766,0.048495284048842784,0.0,1.1317335929971621e-15,0.39940208168201524,0.0003322153250371558,0.065,0.11617575657128897,0.054987338378619195,0.145,0.11269305,0.005893241
4,367,0,0.00023448877524252302,0.0,0.0,0.0005517141239693128,0.0037920414,0.03232183774898891,0.03273675601594067,0.0,3.3702825014240393e-19,0.29891054429240377,0.0001298082822204372,0.0,0.001144561086556363,0.00016538816280854202,0.0,0.0040522763,6.61328e-08
4,368,0,0.0023139863992710378,0.0,0.0,0.0011786327769296554,0.0029982773,0.032416705610666154,0.032641662068968236,0.0,5.5873553077177e-18,0.2960422195252443,0.0001298082822204372,0.0,0.0016227241220863327,0.0016602338296707894,0.0,0.0031286995,2.3662185e-06
4,384,0,0.025013107862661876,0.0,0.04,0.02057761297569216,0.017021708,0.03942394664934752,0.0344663933436949,0.0,1.1484522096971172e-15,0.3626823571574766,0.0001298082822204372,0.03,0.02565310725719879,0.017622071995511447,0.03,0.010195186,0.0008249767
4,385,0,0.008685312951792515,0.0,0.0,0.0009807875059856972,0.0032505875,0.032509695158696554,0.03267252043360099,0.0,1.0672963788183845e-17,0.3589971594867911,0.0001298082822204372,0.01,0.003229171989136844,0.006237120915938997,0.0,0.003682389,7.3473043e-06
4,386,0,0.00029611365201676624,0.0,0.0,0.0008678435714927029,0.002579737,0.03232793359432921,0.0325915614906784,0.0,6.84145509802465e-19,0.2848973890408345,0.0001298082822204372,0.0,0.000935923553125242,0.0002127895906377534,0.0,0.002764652,7.120283e-08
4,390,0,0.00861928893680321,0.0,0.01,0.0015110604754467287,0.0042125103,0.03372886288926965,0.03278733975325569,0.0,1.7527819377263257e-17,0.3443914636263377,9.886975184238473e-05,0.015,0.006085714929659519,0.005999870870382882,0.005,0.004684739,4.7442263e-06
4,1,1,0.9928883386184726,1.0,0.935,0.9999989514570384,0.9795577,0.9822650199947287,0.9801310111863059,1.0,1.0,0.6741259430880565,0.9999709217593423,0.94,0.9768612457700299,0.990418557479332,0.935,0.95138687,0.9999812
4,13,1,0.998291330097507,1.0,0.99,0.9999998129054507,0.9982268,0.985759588952203,0.9815577220619939,1.0,1.0,0.718187954683798,0.9999347821104545,1.0,0.9966294911063837,0.9977260027894356,0.99,0.99736077,0.9999813
4,14,1,0.9999999996473201,1.0,1.0,0.9999983766774957,0.99888426,0.9863177331039937,0.9816081090675022,1.0,1.0,0.847781398194695,0.999939165618195,1.0,0.9997206592448163,0.9999999995556212,1.0,0.9982186,0.9999999
4,15,1,0.9999996043811945,1.0,0.985,0.9999963229933581,0.99794835,0.9854722200740448,0.9815393416901453,1.0,1.0,0.8099088840133514,0.9999447017379499,1.0,0.9957360689741848,0.9999995316694903,0.995,0.9964581,0.9999992
4,24,1,0.9999973643909839,1.0,1.0,0.9999999752519059,0.9989427,0.9863177331039937,0.9816123933262687,1.0,1.0,0.831186273986019,0.999939165618195,1.0,0.9997350032123048,0.999996614462664,1.0,0.9982358,1.0
4,35,1,0.9995563041559896,1.0,0.985,0.9999957681279305,0.99677366,0.9854721896744457,0.98145297639027,1.0,1.0,0.7678608442449655,0.9999347821104545,0.995,0.9953314331167182,0.999438678264268,0.98,0.99658114,0.999922
4,40,1,0.9999900391607048,1.0,1.0,0.999999996679899,0.99895847,0.9863177331039937,0.9816134448058079,1.0,1.0,0.8456083607875887,0.999939165618195,1.0,0.9997371260694496,0.9999871833836356,1.0,0.99834204,1.0
4,50,1,0.9994226204233366,1.0,0.99,0.9999995699415387,0.9965603,0.9857596157784186,0.9814332995767473,1.0,1.0,0.6801462187467165,0.999940717119527,0.995,0.996495616479883,0.999235271944072,0.995,0.9940188,0.99996567
4,57,1,0.9971285052177199,1.0,1.0,0.9999975137948832,0.9975327,0.9863176843906039,0.9815072154022059,1.0,1.0,0.6557617529392122,0.999923632556739,1.0,0.9986646860866927,0.9964340279463231,1.0,0.9968671,0.9999937
4,60,1,0.9911297710810664,1.0,1.0,0.999995704566742,0.9976667,0.9863176156184681,0.9815166100295704,1.0,1.0,0.6697025217395629,0.999923632556739,1.0,0.9971980480558578,0.9882274913024657,1.0,0.9971296,0.99999505
4,61,1,0.9999617726195956,0.0,0.935,0.9910674187401631,0.9960492,0.9822632480916323,0.9813994413451005,1.0,1.0,0.743265557747892,0.997424830479541,0.95,0.9805196041725279,0.9999637295347804,0.865,0.9933389,1.0
4,65,1,0.97900097689715,1.0,0.91,0.9999845684130512,0.9793225,0.9804101505802152,0.9801202919497843,1.0,0.0009641543111616026,0.6857889191761821,0.9997844069965597,0.89,0.9670770095966315,0.9710124650647707,0.885,0.9675139,0.9999992
4,68,1,0.9995643655123906,1.0,1.0,0.999999996727586,0.9988489,0.9863177331039937,0.9816054625965307,1.0,1.0,0.8354369277870083,0.999939165618195,1.0,0.9996033193350186,0.9994156968960654,1.0,0.99791974,0.99999815
4,77,1,0.9998932721972194,1.0,1.0,0.9999999708501954,0.9988636,0.9863177273730156,0.9816060052065301,1.0,1.0,0.827829317030973,0.999939165618195,1.0,0.9996892052225318,0.9998591217041907,1.0,0.998111,0.9999999
4,78,1,0.9968388800831728,1.0,0.975,0.9999993674010841,0.9968002,0.9848801039486296,0.9814527474863971,1.0,1.0,0.6980641453851328,0.999940717119527,1.0,0.9921596079335337,0.9958080828593177,0.975,0.99505484,0.9999719
4,79,1,0.9991930137521948,1.0,0.965,0.9999993534182181,0.9922868,0.9842643452347412,0.9811192857526925,1.0,1.0,0.7501129711881572,0.9999401622972836,0.985,0.9891197921271522,0.9989292643619514,0.985,0.98835075,0.9999997
4,84,1,0.999999992930948,1.0,0.995,0.9964300993904326,0.9988636,0.9860414299897559,0.9816064110184946,1.0,1.0,0.8244529243770894,0.999939165618195,1.0,0.9975734175410232,0.9999999918346593,0.995,0.998111,0.9999999
4,88,1,0.999998897408156,1.0,0.995,0.9999984704255512,0.99846494,0.9860414299897559,0.981577438123302,1.0,1.0,0.7906947764102044,0.999939165618195,1.0,0.9983655774530404,0.9999985904182783,0.995,0.9979873,1.0
4,95,1,0.9990488175746527,1.0,0.98,0.9999998663628208,0.9915494,0.9851790990285015,0.981063909868068,1.0,1.0,0.7568795225636957,0.9992788839758683,1.0,0.992649514152627,0.9986968194173688,0.995,0.9865819,1.0
4,102,1,0.8369218714135299,1.0,0.725,0.948834780588955,0.93378323,0.9594118870431596,0.9761807520881646,1.0,5.200027485200002e-10,0.5956869131646656,0.995806386219052,0.79,0.8611349712920564,0.7863230445561185,0.815,0.88565266,0.9998117
4,104,1,0.989897771220553,1.0,1.0,0.9999943260500699,0.9976667,0.9863175353838791,0.981515580256124,1.0,1.0,0.6697025217395629,0.999923632556739,1.0,0.9968897034615614,0.9868091438471313,1.0,0.9972078,0.99998915
4,105,1,0.7672985978424967,1.0,0.705,0.9431220727785629,0.9381791,0.9561336063882634,0.9764775259560295,0.6,1.0,0.6459194982635341,0.9983708153715204,0.69,0.8383999365847464,0.7024926997414467,0.725,0.878802,0.9999427
4,112,1,0.9992053856360882,1.0,0.99,0.9999982452908581,0.9985727,0.9857595293382122,0.9815706150075797,1.0,1.0,0.815876491207815,0.9999436122089265,1.0,0.9969440845257886,0.99895293406367,0.99,0.99737024,0.99922985
4,116,1,0.9994324406537715,1.0,0.96,0.9999973595832602,0.986046,0.9839472134879961,0.980636789047857,1.0,1.0,0.7147082492956122,0.9994650141060591,1.0,0.9863689541133274,0.9992637623050437,0.96,0.96329266,0.9998336
4,119,1,0.9726052391228667,1.0,0.985,0.9968125415399264,0.9947331,0.9854722048742529,0.9813007413012127,1.0,3.9518280518893163e-10,0.6908119828386706,0.9999110837039782,1.0,0.9872877189579651,0.9612318163996699,0.995,0.9918503,0.99999034
4,134,1,0.9999774022756961,1.0,1.0,0.9999999230947265,0.9989054,0.9863177331039937,0.981609628641635,1.0,1.0,0.8206188505636184,0.999939165618195,0.985,0.9997206864184418,0.9999686595711222,1.0,0.9979831,0.9999996
4,144,1,0.9999562876090334,1.0,1.0,0.9999995802331991,0.99886453,0.9863164493057593,0.9816061815568063,1.0,1.0,0.8225262308914663,0.999939165618195,0.995,0.9997050998398154,0.9999417969696488,0.995,0.9978921,0.9999851
4,145,1,0.9999999968034292,1.0,0.995,0.9926260928960039,0.9989195,0.9860414299897559,0.9816107051907,1.0,1.0,0.8283160915998518,0.999939165618195,1.0,0.9966363941747362,0.9999999968779221,0.99,0.9982186,0.9999998
4,147,1,0.9999999823456825,1.0,1.0,0.999998161736463,0.99880624,0.9863177331039937,0.9816024033721374,1.0,1.0,0.837110930657119,0.9999426807204854,1.0,0.999701095564146,0.9999999762530999,1.0,0.99798703,1.0
4,155,1,0.9938797465068969,1.0,0.99,0.9999856620549087,0.9968913,0.9857596247204794,0.9814491925829466,1.0,1.0,0.7077806928653267,0.9999347821104545,0.96,0.9951891820783862,0.9920556027188395,0.98,0.99498075,0.9965301
4,156,1,0.9959932963296733,1.0,1.0,0.9999998908875088,0.9984377,0.9863177216420351,0.9815749504780028,1.0,1.0,0.7824740373342359,0.999939165618195,1.0,0.9986077224682436,0.9946378101184222,1.0,0.9976184,0.9999961
4,160,1,0.9985170983751558,1.0,0.94,0.9999926773305811,0.9966684,0.9826142712587267,0.9813910510553949,1.0,1.0,0.6645776388192722,0.9999302984666769,0.97,0.9837945435215041,0.9979708337463474,0.94,0.9940767,0.9999971
4,167,1,0.36431136156093347,0.0,0.6,0.8975892580043218,0.37557253,0.288625762620592,0.20787665720984194,0.4,1.0,0.4814347323491056,0.09752375168119792,0.605,0.5593682879951614,0.29477920066573576,0.53,0.35143808,6.7327404e-05
4,171,1,0.9999994506062476,1.0,0.995,0.9999996285965401,0.9982003,0.9860414299897559,0.9815578772878173,1.0,1.0,0.7182255891702921,0.9999347821104545,1.0,0.9982998441396099,0.9999992443719864,1.0,0.99743384,1.0
4,174,1,0.9527010391153411,1.0,0.965,0.9999838390080547,0.9936811,0.984261154906314,0.9811801854808198,1.0,1.0,0.6527926552182476,0.999940717119527,0.97,0.9778414878280444,0.9389991200583389,0.975,0.9887228,0.9999679
4,178,1,0.9981192241751803,1.0,0.995,0.9999897296596226,0.9968995,0.986041231255917,0.9814349884385448,1.0,1.0,0.7227134504810325,0.9999347821104545,1.0,0.9975021098557192,0.997634355667551,0.995,0.9949325,0.99965376
4,192,1,0.9677015555678619,1.0,0.91,0.9967820128447722,0.96727264,0.980409636727337,0.9790586285791533,1.0,4.240645412217199e-09,0.6328072652980029,0.9988987483220101,0.97,0.9604390519218078,0.953254240743297,0.935,0.9307459,0.9998876
4,195,1,0.9999967084750965,1.0,1.0,0.9999972809404568,0.99843675,0.9863177331039937,0.9815752974440305,1.0,1.0,0.7646291350647264,0.9999347821104545,1.0,0.9996076845992573,0.9999958731585449,1.0,0.9977069,0.9998598
4,202,1,0.9918987637849866,1.0,0.98,0.9999996824007966,0.9967751,0.9851785409515033,0.9814403252851114,1.0,0.9999858729276271,0.7001122641861738,0.9999347821104545,0.94,0.9921683842200527,0.9884973980035481,0.97,0.9944142,0.99998504
4,204,1,0.9999999770788789,1.0,0.995,0.9999992166018304,0.99785703,0.9860414299897559,0.981532867174836,1.0,1.0,0.8340316847044557,0.9999349833151909,1.0,0.9982140569717749,0.9999999731760416,0.985,0.99584347,0.9999989
4,208,1,0.978476952415284,1.0,0.95,0.9962321740036547,0.99677366,0.9832939502252167,0.9814489262752493,1.0,1.0,0.7337705109064534,0.9999347821104545,0.97,0.9803706966504728,0.9711018071360474,0.955,0.99658114,0.99997306
4,209,1,0.6767455582393193,1.0,0.915,0.8316964091630001,0.9803571,0.9559917576817533,0.9683779151156025,0.6,4.308110020144949e-09,0.6164981151886508,0.9998627934016736,0.765,0.8509497694756638,0.5952328103232245,0.895,0.96691036,0.93209314
4,228,1,0.9776183917451385,1.0,1.0,0.996658320947853,0.99754626,0.9863174809387151,0.981505094932127,1.0,1.0,0.6637192636865569,0.999923632556739,1.0,0.9929557420703807,0.9702147640239477,1.0,0.9970394,0.99999076
4,229,1,0.9999996576944213,1.0,0.995,0.9966335900758712,0.99874556,0.9860414299897559,0.9815979820957699,1.0,1.0,0.804807998251328,0.9999776333013556,1.0,0.9975947021040874,0.9999995672804144,0.99,0.99761814,1.0
4,230,1,0.9998960098955411,1.0,0.98,0.9999999518162532,0.9981527,0.9851790990285015,0.9815544958191356,1.0,1.0,0.7756716268920387,0.9999613745773465,1.0,0.9945121587390676,0.9998607216081253,0.985,0.99653184,1.0
4,232,1,0.9907158312499551,1.0,1.0,0.9999846876948446,0.9984377,0.98631179740803,0.9815339606871676,1.0,1.0,0.7757856986560893,0.999939165618195,1.0,0.9972845554001479,0.9876466546680903,1.0,0.9976184,0.9991453
4,235,1,0.9999299059697454,1.0,0.975,0.9999999955758779,0.9988489,0.9848801545398559,0.9816054178866015,1.0,1.0,0.8263839534780332,0.999939165618195,0.985,0.9934447041614303,0.999906452206309,0.955,0.99791974,0.9999926
4,240,1,0.9987003486228152,1.0,1.0,0.999999218254715,0.9989046,0.9863176958525934,0.9816009419700056,1.0,1.0,0.827829317030973,0.999939165618195,0.995,0.999401038178962,0.9982757137519606,0.995,0.9982419,0.9999935
4,241,1,0.9925429658415742,1.0,0.98,0.9999951511432109,0.9976926,0.9851571944866637,0.9814829786936952,1.0,0.0070848596271192955,0.7721583924823822,0.9999447017379499,0.905,0.99255767549406,0.9896661083018371,0.98,0.99572444,0.99969107
4,248,1,0.9999911495432522,1.0,1.0,0.9999949264779548,0.9984365,0.986317681525105,0.9815753350969347,1.0,1.0,0.7899124254358041,0.999939165618195,1.0,0.9996056466460259,0.9999895050287947,1.0,0.9978059,0.99999195
4,253,0,0.0038526565091378502,0.0,0.01,0.004404933201772342,0.012335833,0.035618263312892924,0.038646776151750564,0.0,7.241647689247284e-18,0.3680174718526026,0.0001363716718480784,0.01,0.007648355718244878,0.002676676417786873,0.0,0.013802399,2.2304384e-08
4,255,0,0.007415541123571169,0.0,0.0,0.00579310899262008,0.0064895116,0.03425143464881644,0.037776729729561816,0.0,1.2520656085557755e-17,0.37299784918763845,9.385128781960922e-05,0.04,0.004924540423866595,0.005100709859262787,0.005,0.0077438727,5.1601245e-07
4,260,0,0.07401468391537282,0.0,0.0,0.020479236615043795,0.0024191295,0.034252766512491,0.037203662659817886,0.0,1.746223051692508e-16,0.3532171385410264,9.108625363977574e-05,0.02,0.024228262502523273,0.05306015307135807,0.0,0.002241942,0.00016285064
4,268,0,0.15308723618592637,0.0,0.22,0.12462639891647923,0.07287008,0.07982491587361505,0.04939075444788219,0.0,5.026280032761016e-10,0.44709534917727667,0.0020794484286018452,0.26,0.14264592956391337,0.1166406754997784,0.22,0.072338186,0.002202113
4,269,0,0.008254693003451991,0.0,0.0,0.0015596289464385562,0.006482607,0.03425143993579344,0.03777575607951448,0.0,1.491172471873674e-17,0.3943824639080636,9.385128781960922e-05,0.015,0.004074232292314692,0.005741205274581295,0.0,0.007044597,2.1757913e-07
4,274,0,0.17688695358288034,0.0,0.095,0.06294174479547542,0.0048038242,0.049610839252905825,0.03774661486374674,0.2,2.543566790204544e-16,0.38741068293289505,6.810803097640133e-05,0.13,0.08490813065420873,0.12963261787569813,0.075,0.00450685,0.0011126151
4,275,0,0.03882622619602605,0.0,0.1,0.0158060431115069,0.018540142,0.05051351456338405,0.039594326373043116,0.0,1.1679636764626949e-16,0.39859614548307876,0.0004513342894608607,0.085,0.043293102852890654,0.02804775959980428,0.09,0.020019181,4.0136974e-06
4,276,0,0.009343917948097961,0.0,0.13,0.008643127142792612,0.036758002,0.05667535084801649,0.04249533384436509,0.0,6.792705211646883e-12,0.42654784592443695,0.000582076951519173,0.045,0.04618626174616234,0.006731888040215886,0.135,0.04546489,3.5608772e-07
4,278,0,0.011499063342097476,0.0,0.0,0.012664111975496434,0.004758667,0.03425144923848947,0.03752373569061739,0.0,1.954648987306161e-17,0.3714643950804942,9.385128781960922e-05,0.005,0.007230460629599417,0.008158492385609404,0.005,0.0054759136,2.0329653e-06
4,291,0,0.00674884590652127,0.0,0.0,0.0018936882015482103,0.0023718623,0.03425143187197963,0.037175111425606006,0.0,8.086674824338562e-18,0.33698002786787457,9.108625363977574e-05,0.0,0.0027535991014867875,0.004771021822394815,0.0,0.0021999928,4.5182336e-08
4,300,0,0.016390501426728158,0.0,0.0,0.005237808618145653,0.0025248264,0.03425167201005396,0.037200343853982624,0.0,8.817133226234584e-18,0.360573042785412,6.810803097640133e-05,0.025,0.006038284121924156,0.011514661815486524,0.005,0.0026846384,3.535776e-06
4,302,0,0.06848734108080279,0.0,0.07,0.01409728404954563,0.0075794715,0.04498961109218322,0.03797382434358934,0.2,1.914838867179482e-16,0.3754559085933966,0.00027420551814079315,0.065,0.04004102414516186,0.04963359953442714,0.07,0.008881474,0.00012320609
4,305,0,0.022732121956102486,0.0,0.01,0.009401296967504264,0.0064287027,0.03561980189547097,0.03777153789271918,0.0,3.3751373843163085e-17,0.42266084154714645,0.00012768861423541374,0.035,0.012140530414504379,0.016117530098421665,0.005,0.008870072,2.1454867e-05
4,308,0,0.05996961102915815,0.0,0.015,0.022208069663665488,0.004806462,0.03632179158992474,0.03754419363776498,0.0,4.676486084271908e-16,0.3763231545320569,0.00012768861423541374,0.0,0.02549603572562384,0.04260426767579823,0.0,0.0055190036,3.7000195e-06
4,310,0,0.11165773459123231,0.0,0.03,0.07767032385707905,0.0041135848,0.03876221685256577,0.03771040106414904,0.0,6.583793999896048e-16,0.40537361397373634,0.00010704845593595007,0.06,0.055860410801290644,0.07923224635352268,0.02,0.004539102,0.002603783
4,311,0,0.004084734495365276,0.0,0.0,0.0017188936610033965,0.0035315794,0.03425143311773721,0.03734363050288749,0.0,1.7777261358943302e-17,0.32499921268029747,9.110058924435371e-05,0.005,0.0023338018875655384,0.0028245759799252635,0.0,0.0030723992,6.9831906e-08
4,316,0,0.05296900438205483,0.0,0.04,0.01570528872781452,0.005392592,0.04004227425455127,0.037619699875783834,0.0,1.1158454343824935e-16,0.4060563439759532,0.00012768861423541374,0.035,0.02851672126113012,0.03820823007504798,0.035,0.0064374497,2.935495e-06
4,317,0,0.08262597724728823,0.0,0.015,0.0158516494778457,0.008130602,0.03632542452151078,0.03805660857652259,0.2,8.912016330641535e-17,0.42662617630371646,0.00042526510994285395,0.065,0.030402057083099256,0.060213481819205675,0.025,0.009411852,8.5858635e-05
4,323,0,0.011259221620922206,0.0,0.015,0.002712531958687665,0.0042603603,0.03632126001428058,0.03745052832945528,0.0,3.063636587867626e-17,0.3396353122005092,0.00011006317547676564,0.01,0.008308028460724473,0.007917519533834296,0.01,0.0039893137,1.2002248e-06
4,325,0,0.02876116593972735,0.0,0.005,0.026885471227781697,0.005161217,0.03492844782886576,0.03758307329056304,0.0,1.1128708653560173e-16,0.3576922391439708,9.385128781960922e-05,0.01,0.016451963528922607,0.02068966322499747,0.005,0.005915545,3.7099342e-06
4,328,0,0.04085251981623064,0.0,0.22,0.03493707693696753,0.080853745,0.07964736383019073,0.050386213139328784,0.0,1.1782135262386545e-16,0.41524872595578055,0.001324691598996763,0.07,0.09416083552362478,0.028619827080556545,0.245,0.09996812,2.489227e-05
4,330,0,0.6419877169935858,0.0,0.525,0.7363314773695631,0.5293176,0.35657511738074266,0.6243548716296844,0.8,1.0155827148991766e-14,0.48955893063313216,0.16619648686635682,0.355,0.6081592029448827,0.5513456343520337,0.48,0.44186375,0.489895
4,352,0,0.027574201785362212,0.0,0.005,0.0056625784589600025,0.0022644503,0.03492864813873345,0.037163134807235945,0.0,5.2223142982214496e-17,0.34995012760896593,9.110058924435371e-05,0.005,0.0101253076371331,0.019930330895640055,0.005,0.002107292,4.609568e-06
4,354,0,0.0032099219686212315,0.0,0.0,0.0009253958842961498,0.002988218,0.03425143156179861,0.03726455201204543,0.0,2.730844078252498e-17,0.30993085395344117,6.810803097640133e-05,0.0,0.0017808839874833991,0.0022355418295525375,0.005,0.0027506654,1.3792431e-08
4,362,0,0.01899673857372424,0.0,0.0,0.007226204862697762,0.0033743908,0.034251887336792734,0.03732476306612723,0.0,1.2405999736409908e-16,0.365452691237121,9.110058924435371e-05,0.0,0.00739933355154297,0.01305913550112047,0.0,0.0029622824,1.7535922e-05
4,363,0,0.0014532787315925646,0.0,0.035,0.001049133115922776,0.005261973,0.03926886574108115,0.03759626912015233,0.0,4.6715293072376e-18,0.37052974887691587,0.00012768861423541374,0.01,0.010691096214938522,0.0010462282346280546,0.02,0.0073731923,7.053838e-10
4,374,0,0.0005763823248526657,0.0,0.0,0.0013958765381093105,0.0050606444,0.034251430598298,0.037566773811019014,0.0,1.4574719933270458e-18,0.31763211006185416,9.385128781960922e-05,0.0,0.001758225804408304,0.0004119113967747801,0.0,0.0058052586,6.5314276e-10
4,375,0,0.037992559256992686,0.0,0.0,0.010752094492637526,0.002268373,0.03425175800711257,0.03716410499699734,0.0,4.157588117485209e-17,0.3446642005244825,6.810803097640133e-05,0.005,0.01275325669613117,0.027056246186332993,0.0,0.0021999928,2.0808191e-05
4,379,0,0.0025063486480196634,0.0,0.0,0.0013209287638070411,0.0051235566,0.034251430658520154,0.03757599802640525,0.0,9.073328883818571e-18,0.3382332800836977,0.00012768861423541374,0.0,0.0022377085008492706,0.001797094068281208,0.0,0.0068646846,1.032595e-09
4,392,0,0.02563554002376169,0.0,0.01,0.0065496775266607596,0.0050606444,0.035618283115117916,0.03756741301410222,0.0,5.692229678948075e-17,0.3424970942456605,9.385128781960922e-05,0.02,0.011811465476273422,0.01858223083418421,0.01,0.0058052586,3.0638118e-06
4,19,1,0.9996094723901655,1.0,0.985,0.999999557864113,0.99908316,0.9809596728110928,0.9795079595200514,1.0,1.0,0.8251103536142924,0.9999388198521628,0.995,0.9959230479020859,0.9994876064032853,0.995,0.99851054,0.9999831
4,30,1,0.9949333032470262,1.0,0.995,0.9999930044482421,0.9981243,0.9816971968143369,0.9794316318399331,1.0,1.0,0.6430746062327567,0.9997553316972051,1.0,0.9970126522822079,0.9938883111583378,1.0,0.9969717,0.99998504
4,34,1,0.9963587909867337,1.0,0.995,0.9999983290800918,0.99888724,0.9817166832338136,0.9794929028793774,1.0,1.0,0.7814784204090254,0.9998681917898572,1.0,0.9975610902383785,0.9955071636913831,1.0,0.9981797,0.9999887
4,36,1,0.9995101956078636,1.0,0.995,0.999999935468417,0.9988445,0.9817230337520547,0.9794893683832832,1.0,1.0,0.7931237588039529,0.9999551989390142,1.0,0.9983386588581662,0.9993298260680774,0.995,0.9980227,0.9999946
4,39,1,0.9999922154745018,1.0,1.0,0.9999999704115117,0.997463,0.9820881232391071,0.9793785826164114,1.0,1.0,0.7465920565719008,0.9998894376253818,1.0,0.9993637934464484,0.9999905346606981,1.0,0.9956126,0.9999993
4,44,1,0.9999998492629897,1.0,1.0,0.999999536011996,0.9988418,0.9820990357062646,0.9794892595360052,1.0,1.0,0.8409065203414863,0.9999255232977114,1.0,0.9997103018555887,0.9999998180164467,1.0,0.9981305,0.9999999
4,45,1,0.9999760618758441,1.0,1.0,0.9999999794951996,0.9983063,0.9820958380138537,0.9794463714957852,1.0,1.0,0.6721418760590182,0.9999255561970473,1.0,0.9995705789462765,0.9999691670674271,1.0,0.99721885,0.99999964
4,46,1,0.7611548555008065,1.0,0.905,0.8699525476802759,0.98813874,0.9695238945414698,0.9786055488967279,0.8,5.985763115310348e-14,0.6783838564991695,0.9998945237180411,0.785,0.8810615346188562,0.6923319700280941,0.885,0.97799313,0.9624186
4,51,1,0.9999852891691119,1.0,1.0,0.9999999107100478,0.9988279,0.9820985017044254,0.9794881731632352,1.0,1.0,0.8063071432686317,0.9999255232977114,1.0,0.9997032686349129,0.9999804468391725,1.0,0.9980227,1.0
4,52,1,0.9928566537774406,1.0,0.98,0.9999873113520531,0.99728,0.9805523859668904,0.9793638773441726,0.8,1.3860767832724998e-08,0.7311025481981138,0.9999271118232425,0.955,0.9925309916924534,0.9895398266019962,0.975,0.99546295,0.99988914
4,63,1,0.9999666752779093,1.0,1.0,0.999999485778107,0.9986085,0.9820966276601212,0.9794704306307549,1.0,1.0,0.7990083447288138,0.9999365961018121,1.0,0.9996436726559337,0.99995550945872,1.0,0.99770594,0.999991
4,70,1,0.9968754745092693,1.0,0.905,0.9999838739973298,0.9601329,0.9735638760528917,0.9761477337715703,1.0,1.0,0.6169892103904541,0.9994010860568701,0.975,0.965498061351694,0.996078067646213,0.95,0.91642267,0.9999859
4,71,1,0.999980366263163,1.0,1.0,0.999998432857458,0.9975446,0.9820983051353931,0.9793851030652744,1.0,1.0,0.7939036620791898,0.999936216715769,1.0,0.9993808464447747,0.9999746927380944,1.0,0.9961175,0.9999971
4,81,1,0.9999489893807383,1.0,0.99,0.9999997743770876,0.9982186,0.9813482703389311,0.9794393252864902,1.0,1.0,0.6505231303034171,0.9999255561970473,1.0,0.997041839934856,0.9999264264444612,0.995,0.99693906,0.9999999
4,87,1,0.9999878922200407,1.0,0.995,0.9999999165456828,0.997945,0.9817278445250446,0.9794173705123205,1.0,1.0,0.8194307935878559,0.99990977772697,1.0,0.9982332048569506,0.9999839402230704,0.995,0.99613947,1.0
4,92,1,0.9999988355918323,1.0,1.0,0.9999999765395735,0.9988445,0.9820994517582078,0.9794894629206032,1.0,1.0,0.8018168457318601,0.9999365961018121,1.0,0.9997108291219475,0.9999985851565696,1.0,0.9980227,0.9999987
4,93,1,0.9999999972598175,1.0,1.0,0.9999895119637165,0.9975091,0.9820993043393138,0.9793823065602004,1.0,1.0,0.8463678644617788,0.9999250776609698,1.0,0.9993746577795926,0.9999999967328792,1.0,0.9962681,1.0
4,97,1,0.9997962001224434,1.0,1.0,0.9999999604462918,0.9988445,0.9820979873443091,0.9794892965346346,1.0,1.0,0.7889219976578228,0.9999365961018121,1.0,0.9996601662312798,0.9997276158362118,1.0,0.9980227,0.9999954
4,99,1,0.9999937094133209,1.0,0.77,0.9917764947984701,0.81323415,0.9544303990382018,0.9579708028157918,1.0,1.0,0.616578736989189,0.9618100463917976,0.99,0.8937510886553723,0.999989994495701,0.785,0.76956165,1.0
4,101,1,0.9994247680976209,1.0,1.0,0.9999998741699012,0.9988342,0.9820907356161372,0.9794886789921521,1.0,1.0,0.8097103173570154,0.99990977772697,0.99,0.9995647087550901,0.9992061025612918,1.0,0.9981026,0.99998665
4,113,1,0.9916097622794029,1.0,0.99,0.9999942693793666,0.9966974,0.9813085063566918,0.9793169066056568,1.0,1.0,0.7347695711369341,0.9998914639325612,1.0,0.9945753643752637,0.9882974558672855,0.99,0.994659,0.99995285
4,114,1,0.9995131699754949,1.0,1.0,0.9999964917534879,0.9989759,0.9820962115437357,0.9794995689852588,1.0,1.0,0.8454830914538689,0.9999231913198341,1.0,0.999621383680613,0.9993803536321582,1.0,0.9982718,0.9999824
4,122,1,0.9999869956539009,1.0,1.0,0.9999907834476875,0.99824405,0.9820997040055506,0.9794413789645666,1.0,1.0,0.6477966140951275,0.9999366241101576,1.0,0.9995554565666264,0.9999843112402055,1.0,0.99693906,0.9999998
4,127,1,0.9999882002051217,1.0,1.0,0.9999955830538471,0.99885833,0.9820970961892537,0.9794905850589469,1.0,1.0,0.8215712090435119,0.9999365961018121,0.995,0.9997105289732352,0.999986145316424,1.0,0.9981305,0.9999997
4,129,1,0.95401145120674,1.0,0.995,0.9908185710062052,0.99810505,0.9817025598699533,0.9794283796982969,1.0,1.0,0.6541229993609878,0.9999411976782198,0.965,0.9844837678365614,0.9380632089409409,0.985,0.9967847,0.99990004
4,138,1,0.989775222139701,1.0,0.99,0.9999971041269815,0.9961836,0.9813321029834828,0.9792753937865376,1.0,0.5301829094684813,0.7434987778669744,0.9998905431139652,0.955,0.9939889751165898,0.9861045166506158,0.99,0.99503434,0.99995065
4,140,1,0.9991052679520596,1.0,0.805,0.9999977085792188,0.9854848,0.9603205327016423,0.9783922238948223,1.0,1.0,0.69262275176058,0.9997478666281863,0.93,0.9473969388530878,0.9988583230637388,0.805,0.97115266,0.99999857
4,141,1,0.9999977968116099,1.0,0.995,0.9999999458279831,0.9989569,0.981727904693626,0.9794985020579913,1.0,1.0,0.8214119712804778,0.9999365961018121,1.0,0.9984886653390059,0.9999972081757845,1.0,0.9983004,0.9999983
4,142,1,0.9637399640598466,1.0,1.0,0.9920809039546805,0.99696153,0.9819604299041398,0.9793367890053004,1.0,1.0,0.5984297396975785,0.9997126121261762,0.96,0.988195600509453,0.9525419369144229,1.0,0.99535877,0.9991408
4,148,1,0.9999813116209587,1.0,0.99,0.992221709554085,0.998543,0.9813257660557847,0.979465355222257,1.0,1.0,0.6828737176650871,0.9998331718330639,0.99,0.9951865113095385,0.9999783251949974,1.0,0.99766564,0.99999946
4,158,1,0.9999282639651003,1.0,0.995,0.9999998268461453,0.99824405,0.9817249361451131,0.9794411326025043,1.0,1.0,0.6846675605801134,0.9999365956115469,0.995,0.9982930344940406,0.9999115241847495,0.995,0.99693906,0.9999532
4,163,1,0.9999759778510959,1.0,0.99,0.9999999530382452,0.9951284,0.9813475404085148,0.9791898615521337,1.0,1.0,0.7220367718596261,0.9999394724112691,0.995,0.9962760810156397,0.9999665469785803,0.99,0.99215746,0.99999875
4,175,1,0.9999212673228112,1.0,0.91,0.9999937147009117,0.99550533,0.9741194039450484,0.9792118319251555,1.0,1.0,0.7072009725114727,0.9998933821007225,0.97,0.9763550787426251,0.9998965472893946,0.935,0.993053,0.99999845
4,182,1,0.6666455500815087,1.0,0.45,0.7035692292704587,0.22714174,0.8151927918576986,0.6864889581232465,0.6,1.7299602345255062e-14,0.45842278656072877,0.25754502308619126,0.395,0.5118391293224737,0.5707941460952236,0.47,0.18910192,0.9770182
4,184,1,0.9999969145760689,1.0,0.99,0.9999994086929368,0.99885833,0.9813484238254062,0.9794905623712442,1.0,1.0,0.8152328961537119,0.9999365961018121,0.995,0.9972136639757444,0.999996585483434,0.995,0.99809676,0.99999195
4,188,1,0.7735639008066911,1.0,0.975,0.8330515109808498,0.9927153,0.9795375528144276,0.9789411958929701,0.6,0.008342009274121294,0.6059792768999632,0.999936244891696,0.855,0.8935826777292568,0.7109169345593267,0.965,0.99135536,0.98407125
4,190,1,0.9999969464191402,1.0,0.87,0.9966803009707302,0.9870985,0.9695447592742413,0.9785277156123248,1.0,1.0,0.7876634365342566,0.9994233874775291,0.995,0.9634439406058981,0.9999960760697115,0.895,0.979783,0.99999994
4,191,1,0.9999997454172209,1.0,1.0,0.999999938248166,0.9988445,0.9820990848467522,0.9794894893909765,1.0,1.0,0.8018168457318601,0.9999365961018121,1.0,0.9997110470054428,0.9999996898583665,1.0,0.9980227,0.99999917
4,193,1,0.999999980016925,1.0,0.95,0.9929499628972085,0.99807763,0.9780227694769456,0.9794280214571784,1.0,1.0,0.7030351699170286,0.9999663718867624,1.0,0.9852568934777094,0.9999999756454084,0.975,0.9967847,1.0
4,194,1,0.9998123161363218,1.0,0.965,0.9999999626021057,0.99860066,0.9793174928432073,0.9794697547596176,1.0,1.0,0.8134620162694699,0.9997992467735535,1.0,0.9908532351232588,0.9997638821604578,0.985,0.99773335,0.9999987
4,205,1,0.9731047637418166,1.0,1.0,0.9933624951926097,0.998543,0.9820210043727078,0.979461777302311,1.0,1.0,0.6828737176650871,0.9998331718330639,0.995,0.9912525707493842,0.9641663517328168,1.0,0.99766564,0.99987835
4,212,1,0.999999969028453,1.0,1.0,0.9999900526885268,0.99885833,0.9820987474127355,0.9794906115279022,1.0,1.0,0.8233228027597843,0.9999365961018121,1.0,0.999712088587738,0.9999999670357487,1.0,0.9981305,0.9999987
4,216,1,0.973483926238055,0.0,0.91,0.9999943415078236,0.99599504,0.9740741482088281,0.9792601411051933,1.0,1.5064396732582583e-06,0.7128145705033534,0.9995841887909448,0.965,0.9698683281135327,0.9627908894910089,0.92,0.9938174,0.99996185
4,219,1,0.9999779863526167,1.0,0.985,0.9999999510381852,0.99763787,0.980959376965657,0.9793926712723692,1.0,1.0,0.7597236213737927,0.9999271118232425,0.995,0.9956539513295883,0.9999694250507606,0.995,0.996088,0.9999994
4,220,1,0.9913230899143449,1.0,0.995,0.9999994472555274,0.99728,0.9817192116616122,0.9793638811483227,1.0,4.589743936640116e-05,0.7236975476651021,0.9999271118232425,0.995,0.9959006347025481,0.9878161071528231,0.99,0.99546295,0.99998903
4,224,1,0.3557948053210755,1.0,0.825,0.38003882076080925,0.95329404,0.7137677970347213,0.784490799275295,0.4,3.000924379185995e-14,0.5435574506417391,0.9919156622648772,0.5,0.6285319162136169,0.27826869434290663,0.8,0.9419142,0.1406419
4,236,1,0.9989679552996243,1.0,1.0,0.999999552937764,0.9983063,0.9820956872891033,0.9794462237140378,1.0,1.0,0.6638702276915182,0.9999255561970473,1.0,0.9993184456628627,0.9985882751669236,1.0,0.99721885,0.99999714
4,243,1,0.9878883948053595,1.0,0.86,0.9935193066699968,0.88111866,0.9682020030768809,0.967606170542761,1.0,1.0,0.6048861145112183,0.9994082014278479,0.915,0.9306315891700323,0.984086801070458,0.845,0.79052025,0.99976474
4,244,1,0.9999918130933783,1.0,1.0,0.9999999228623248,0.9988279,0.9820829596623538,0.979488161818081,1.0,1.0,0.8181219088166333,0.9999255232977114,1.0,0.9997049026540488,0.9999897949817099,1.0,0.9980227,0.99999964
4,246,1,0.9999999996015005,1.0,1.0,0.9934574744714807,0.9988418,0.9820990062219082,0.9794892897881513,1.0,1.0,0.842495717743678,0.9999255232977114,1.0,0.9980748240550876,0.9999999995373197,1.0,0.9981305,1.0
4,251,0,0.0010643451941700626,0.0,0.0,0.0010650903174727463,0.0018923907,0.03528276636679946,0.03680476998108364,0.0,7.469667407455864e-18,0.3122477655562674,0.00011926500896996708,0.0,0.0010054565431461024,0.0007545169542712309,0.0,0.0021333294,3.735388e-08
4,261,0,0.02355873322139176,0.0,0.02,0.010067580510469808,0.007356989,0.03827435552173235,0.03758481912310587,0.0,1.753944341110042e-17,0.4068545308460802,0.0008069191211750649,0.01,0.01524582573232364,0.016941647870549366,0.01,0.0074212393,4.608878e-06
4,266,0,0.30720427175541376,0.0,0.09,0.1873721163541558,0.020055972,0.05564344719523351,0.04372542601289037,0.0,8.06733124958898e-16,0.3981076575814242,0.0005342108836856059,0.09,0.15115809003731728,0.23072971835054415,0.085,0.021964898,0.020346574
4,281,0,0.0014995179682851078,0.0,0.0,0.0011427809777437678,0.0040305057,0.035283103153093416,0.037108009299445556,0.0,6.275168669837835e-18,0.3491657274670693,0.00016520676305460829,0.0,0.0016682011517375527,0.0010673410541490987,0.0,0.0045846603,4.160701e-08
4,284,0,0.0007999499693569938,0.0,0.0,0.0009398445293496774,0.003628732,0.03528244692696594,0.037050843760622454,0.0,4.233037179544455e-19,0.34804949318357215,0.00016520676305460829,0.0,0.0013421316091964176,0.0005690258435814702,0.0,0.004223845,4.0596606e-09
4,287,0,0.05250915237029911,0.0,0.135,0.014199498539641588,0.010009374,0.06061329610668249,0.03797734167660224,0.2,1.5188473262663498e-16,0.3855925056187938,0.00022893734440447732,0.08,0.052929506112034196,0.03593986868844273,0.13,0.013482431,0.0005919096
4,292,0,0.02802992281858062,0.0,0.0,0.01696444591997331,0.0036589825,0.03534359789413582,0.037056075325823494,0.0,7.358293749959463e-17,0.3850435025376471,0.00028878399995483836,0.0,0.012163337799502415,0.019866870636708323,0.0,0.004070575,4.952545e-05
4,295,0,0.011894510529011613,0.0,0.17,0.018753023930450582,0.09023201,0.06936652091187583,0.05153413384765845,0.0,8.599005073153436e-09,0.40509366336663233,0.011965040793887898,0.135,0.07271988541623713,0.00875115998714455,0.18,0.0702443,8.31069e-06
4,297,0,0.003452580583358268,0.0,0.0,0.002366914677781577,0.003002404,0.03528389629006246,0.036961904254990116,0.0,0.9999999948973475,0.3224893917247692,0.0001511022212088325,0.11,0.002205474815903151,0.0025552252325661395,0.0,0.0035168217,1.2654988e-06
4,298,0,0.21242938338792466,0.0,0.07,0.20054943008109136,0.007851312,0.053487118274203896,0.04055818625112101,0.2,6.571548107568929e-16,0.3920390585094039,0.0007235286235046128,0.075,0.12270753135149765,0.16103766825927207,0.06,0.010080119,0.03299445
4,303,0,0.00481446701496107,0.0,0.055,0.005492172018943256,0.009156626,0.04402072044692401,0.03784487976402839,0.0,1.1056983596550219e-18,0.3672622260640007,0.0004592797047932388,0.02,0.018615816187945666,0.003490548584566909,0.04,0.010882406,2.660238e-07
4,318,0,0.001309191782041383,0.0,0.015,0.0006944897289914674,0.005225804,0.037483846881925596,0.03727857717822816,0.0,2.2615928188205474e-18,0.36423880843049355,0.00022893734440447732,0.01,0.005557371419940956,0.0009269678173689711,0.0,0.0066442587,4.0984382e-08
4,320,0,0.002166114054798152,0.0,0.0,0.0074087311275739315,0.0040305057,0.035283697677776164,0.03710801605724033,0.0,1.918014576672736e-17,0.35479210892832,0.00016520676305460829,0.0,0.0034013377108233545,0.0016227492119995752,0.0,0.004629496,6.29698e-07
4,322,0,0.0645852465024235,0.0,0.155,0.06427864208139743,0.079153724,0.065492317888273,0.04942027284634823,0.0,1.1011503722989444e-08,0.4196274414212593,0.0033320462467103847,0.145,0.090754403149645,0.04994346212741625,0.15,0.069623105,9.096228e-05
4,339,0,0.2509496935107738,0.0,0.055,0.1052006227999386,0.0047484124,0.04534834918595331,0.0393643308188515,0.4,1.0574400728702563e-15,0.3658684772571196,0.0001778644306358622,0.115,0.10397468217966176,0.18936758835255324,0.045,0.0059405705,0.007880542
4,342,0,0.010026370876170383,0.0,0.01,0.010604889196046121,0.0047158934,0.03674396825800684,0.03720628389783013,0.0,6.087602943078751e-18,0.3685661568520231,0.00028878399995483836,0.005,0.00883678837245333,0.007352350034383858,0.02,0.00593757,4.878089e-06
4,344,0,0.02593823923192087,0.0,0.02,0.011878140344863597,0.0033540719,0.03826367615905575,0.037012122393008585,0.0,6.076539900755658e-16,0.3296108092715136,0.00015077501543954831,0.0,0.01529261286227333,0.018921259278366832,0.01,0.003812746,7.186568e-05
4,345,0,0.004659796901370157,0.0,0.035,0.007323688149584732,0.009926441,0.04062842644282384,0.03795674679449004,0.0,6.05639938779877e-18,0.4120031775816595,0.0008888861436584718,0.025,0.014227481544131657,0.0032481302034400162,0.045,0.014146434,1.454856e-06
4,348,0,0.01904874571925564,0.0,0.005,0.012267110167563154,0.0025689942,0.03601217840830043,0.03690070674144522,0.0,1.3514902079756578e-16,0.3158622757243601,0.00015077501543954831,0.005,0.009721212517478026,0.01332720545576672,0.0,0.002860745,4.0054265e-06
4,366,0,0.007903921535911344,0.0,0.04,0.003296125770751378,0.0022785747,0.04145292425613801,0.03685939514068565,0.0,7.058641986170844e-17,0.3375770521773832,0.00015077501543954831,0.01,0.013369655512259881,0.005280641691698515,0.045,0.0024708125,5.2010387e-06
4,376,0,0.001132657305553688,0.0,0.015,0.0004325398404519421,0.002254642,0.037483738892794737,0.036855978021241444,0.0,8.368213410331304e-18,0.3044282565288189,0.00015350674820757966,0.005,0.004704959806630314,0.0007952279421967246,0.0,0.0024950276,6.2492056e-08
4,378,0,0.0030511986621739157,0.0,0.02,0.0014841856552933064,0.0021500282,0.03824807910280337,0.036841220733244515,0.0,7.893705916650995e-18,0.33372831280873216,0.00011416905730568144,0.0,0.006671353140747698,0.0022298350612486484,0.025,0.0023112888,1.02503e-06
4,380,0,0.03651429512977882,0.0,0.005,0.014703977956523945,0.0039075227,0.03604497127276276,0.03709287293114443,0.0,5.087556469922967e-17,0.384626225824711,0.0004592797047932388,0.025,0.015031448934650244,0.026519093158246937,0.01,0.004410195,6.65234e-05
4,381,0,0.0006999973504621571,0.0,0.0,0.0006158167559893693,0.0022182832,0.035282464411796964,0.03685083533268285,0.0,6.823822914601608e-19,0.32046761896560416,0.00011900673719464137,0.0,0.0008835243384135404,0.0005123734201359036,0.0,0.0023112888,4.3203903e-09
4,382,0,0.0008054540557273473,0.0,0.01,0.005692942122301581,0.0071890834,0.03673571108185767,0.03756037239032006,0.0,1.0669430713223199e-18,0.3552234531166275,0.00022893734440447732,0.005,0.005921869889197733,0.0005647872650513532,0.005,0.007946459,3.9306025e-09
4,383,0,0.025908062970753352,0.0,0.005,0.0059854742105998095,0.003105124,0.03606177314873211,0.036977021824657466,0.0,5.583080983604053e-17,0.34911966789783705,0.00011900673719464137,0.01,0.009999665293590622,0.01826972258700841,0.0,0.0022888528,1.2067383e-05
4,388,0,0.007660152957371759,0.0,0.03,0.010364755822667061,0.0040530423,0.039821815928620996,0.03711127828161855,0.0,1.901228815808345e-17,0.34939790383804126,0.00016520676305460829,0.015,0.013019487762570498,0.005328862668025301,0.055,0.0048054475,2.9228743e-06
4,395,0,0.01824913983546899,0.0,0.0,0.004884029691514801,0.0021500282,0.035299732270247755,0.03684128292857393,0.0,1.6930361685101646e-16,0.31726998929827455,0.00011900673719464137,0.005,0.006320799443126841,0.013398885569413757,0.0,0.0022888528,2.3265811e-06
4,396,0,0.0006325838222251372,0.0,0.0,0.000752231030869473,0.0037141454,0.0352823590535465,0.03706298923310905,0.0,5.093633114841237e-19,0.35382926682446214,0.00016520676305460829,0.0,0.0012747400617841862,0.00045010610511899313,0.0,0.004433161,7.693282e-09
4,399,0,0.0017063304544968035,0.0,0.005,0.0012867986263906093,0.0023067915,0.03600218217722767,0.0368633561476209,0.0,2.9217538149485006e-18,0.3086953262537163,0.00015350674820757966,0.005,0.0025749801422421574,0.0011787402526263842,0.005,0.0025280975,2.3021887e-08
4,8,1,0.9999833867619582,1.0,1.0,0.9999999768686622,0.9990037,0.9842957094110268,0.9832512771815364,1.0,1.0,0.8277143666605398,0.999942634104614,1.0,0.9997467679983,0.9999770171924883,1.0,0.99852604,0.99999994
4,16,1,0.9833646884391023,1.0,0.995,0.9951530137280227,0.9984856,0.983955894640731,0.9832183784415139,1.0,0.9999999999844338,0.7330631156162537,0.9999319832098519,0.995,0.9930008317393291,0.9770683027620047,0.985,0.9975865,0.99999243
4,17,1,0.9929023868263542,1.0,1.0,0.9999984179277458,0.9982425,0.9842920250178634,0.98320358885859,1.0,1.0,0.7109790398213665,0.9999044615975063,1.0,0.9977858255495632,0.9908070363304782,1.0,0.9975782,0.99996966
4,18,1,0.9839250572129182,1.0,0.915,0.9999892528463327,0.9759805,0.9777899833263237,0.9817313966540243,1.0,1.0,0.6150156504315669,0.9842373798937866,0.915,0.968723707576916,0.9769056638717126,0.92,0.969909,0.9999998
4,20,1,0.9999997441928287,1.0,1.0,0.9999989349794502,0.99884474,0.9842960428563373,0.9832414567818485,1.0,1.0,0.8375976409737871,0.9999415541407094,1.0,0.9997108554868106,0.9999996844311717,1.0,0.9984457,1.0
4,21,1,1.0,1.0,1.0,0.9959369192499911,0.9982033,0.9842960524748489,0.9832016555597399,1.0,1.0,0.7191163969891606,0.9998915547263777,1.0,0.9985350492094704,1.0,0.995,0.9978009,1.0
4,33,1,0.9999336153364753,1.0,1.0,0.9999993276576142,0.9984503,0.9842960460625085,0.9832169923485802,1.0,1.0,0.7804014946551262,0.999893558482241,1.0,0.9995958055574823,0.9999100352009421,1.0,0.9979146,0.99999976
4,37,1,0.9998929900654193,1.0,1.0,0.9999998149741938,0.99689305,0.98429564528613,0.9831200703692735,1.0,1.0,0.6991260091261714,0.9999044615975063,0.995,0.9991964633315128,0.9998557347423036,1.0,0.99540687,0.9999993
4,41,1,0.9637068355704734,1.0,0.92,0.9961825531062634,0.98591226,0.9782582345252677,0.9824207822551232,1.0,8.007780295209464e-10,0.6076518760344441,0.9976754521719248,0.995,0.9664504130175346,0.9481370157055833,0.935,0.97650576,0.9999961
4,42,1,0.9998844486845442,1.0,0.94,0.9999999587535279,0.98472255,0.9799531574049314,0.9823433933834085,1.0,1.0,0.7300275012398034,0.999626366568236,0.995,0.9811517405304393,0.9998300313679465,0.955,0.98058987,1.0
4,49,1,0.99999657108205,1.0,1.0,0.9971867700848658,0.9990195,0.9842960524748489,0.98325224117326,1.0,1.0,0.8309590362477225,0.999942634104614,1.0,0.9990507111900901,0.9999949111068035,0.995,0.99855596,1.0
4,54,1,0.9999779525655133,1.0,1.0,0.999999991872697,0.9972095,0.9842960332378202,0.983139709131424,1.0,1.0,0.732717759053624,0.9999494342617442,1.0,0.9992968584459402,0.9999726725145827,0.995,0.9954281,1.0
4,56,1,0.9999999033493745,1.0,1.0,0.9999940898448498,0.9988456,0.9842960524748489,0.9832414977460854,1.0,1.0,0.8216797663945531,0.9999415541407094,1.0,0.9997098926085537,0.9999998945539523,1.0,0.99843603,1.0
4,58,1,0.999929287720818,1.0,1.0,0.9999993032766591,0.9983791,0.9842959178151625,0.9832125640413937,1.0,1.0,0.7636270019332926,0.999893558482241,1.0,0.9995769255718638,0.9999179253990237,1.0,0.9978713,0.99999946
4,62,1,0.9996433554221726,1.0,0.91,0.9999998883297022,0.98752135,0.9773590580618478,0.9825250531211763,1.0,1.0,0.7011409220183933,0.9989261840343876,1.0,0.9742911485339083,0.9995212123952196,0.915,0.97759026,1.0
4,67,1,0.9833810554139322,1.0,0.995,0.9962923413215885,0.9951167,0.9839478767308009,0.9830050972470659,1.0,1.0,0.6298334112332605,0.9997578667240159,0.965,0.9924475268495907,0.9769739920988759,0.99,0.9940393,0.9999591
4,69,1,0.44021968246136806,1.0,0.75,0.9937872005154471,0.9199192,0.9565881408513621,0.9768974556471598,1.0,1.0,0.5111314879991526,0.9991533260283159,0.735,0.7759815189419501,0.38774927282758825,0.835,0.889562,0.9998313
4,86,1,0.8192056799297395,1.0,0.985,0.8257052790176865,0.9951167,0.977033701691374,0.9824723442460591,0.4,1.863600533332993e-08,0.604089141892133,0.9997578667240159,0.83,0.906256917402567,0.7543990558786354,0.99,0.9940393,0.98755103
4,89,1,0.4415759635780858,1.0,0.845,0.2545982354474614,0.9473168,0.7536796814852492,0.7838962876294842,0.6,4.6551325190103345e-15,0.48910195929674166,0.969451997393054,0.545,0.6221227561038523,0.35009997103302065,0.825,0.9227805,0.4722695
4,94,1,0.995238209305072,1.0,0.985,0.9999977203238242,0.99702364,0.9833056578333897,0.9831281907468024,1.0,4.130801673993717e-05,0.7086471213410673,0.9999377677886909,0.985,0.9943148929230092,0.9930265101861149,0.995,0.99538815,0.9999859
4,107,1,0.9999610892096543,1.0,1.0,0.9999978154892458,0.99886984,0.9842960524748489,0.9832428470397336,1.0,1.0,0.801273204296984,0.9999485105195377,1.0,0.9997071852573285,0.9999488308396972,1.0,0.9983718,1.0
4,108,1,0.9406397674758791,0.0,0.865,0.9785103185352713,0.98090005,0.9728381095589883,0.9820901738493064,0.4,2.505515674823702e-11,0.6755381167526509,0.9996522280806173,0.92,0.9412625338051863,0.9117456582479307,0.895,0.96639365,0.9998267
4,109,1,0.8625918803081657,1.0,1.0,0.894368435539099,0.9974663,0.9837006671068894,0.9831034823027848,0.8,1.3693316189087993e-07,0.6743491211286141,0.999893558482241,0.95,0.9386066604017881,0.813302077730014,0.995,0.9961302,0.99838257
4,110,1,0.9284757612424733,1.0,0.985,0.975986920804237,0.9965857,0.9833001920217544,0.9831006682148296,0.6,1.9454041756557586e-09,0.7275072211951213,0.9999778980265758,0.94,0.9715121021961716,0.8926444275985052,0.985,0.9934493,0.9996508
4,115,1,0.9857848895118198,1.0,0.91,0.9999959981655316,0.9855822,0.9773582640004705,0.9823993469380756,1.0,3.8700785458132405e-09,0.6898922038610029,0.9997079991007689,0.945,0.9703407651369969,0.9797780999296684,0.945,0.9791955,0.99999803
4,120,1,0.8603386472736085,1.0,0.98,0.9938851207076244,0.99347126,0.9805848570424374,0.9520147851593901,1.0,1.0,0.5810763478861596,0.9997533092082932,0.93,0.9569237582051013,0.8153673482478363,0.985,0.99281585,0.99968934
4,132,1,0.9999963086781222,1.0,1.0,0.9999961981062806,0.99830073,0.9842960300316467,0.9832077082782051,1.0,1.0,0.7159933011816505,0.9998915547263777,1.0,0.9995733094916253,0.9999952838100533,0.99,0.99778736,0.9999982
4,139,1,0.9998250816710937,1.0,1.0,0.9999999844514591,0.9988456,0.9842942921907284,0.9832414439874989,1.0,1.0,0.8216797663945531,0.9999415541407094,1.0,0.9996676608406359,0.999767727499581,0.995,0.9983878,0.9999997
4,152,1,0.9941564817729531,1.0,0.905,0.9999986023718559,0.99192613,0.9768968592899558,0.9828072288854981,1.0,2.600698700172563e-07,0.6760462364817506,0.9998813022038775,0.9,0.9727703044443672,0.9911119050014795,0.93,0.9846304,0.99999976
4,161,1,0.9998224772588546,1.0,0.97,0.9999983973087793,0.9940795,0.9822545395065622,0.9829435456951251,1.0,1.0,0.7839220931970773,0.9998872732474786,0.99,0.9909750863005236,0.9997836984429258,0.96,0.9900803,1.0
4,165,1,0.8475194014301527,1.0,0.895,0.9797948663635092,0.9511466,0.9748254594759184,0.9669482638438905,0.6,1.0,0.5318669563412515,0.9850511677591113,0.89,0.9183652176060693,0.8008567619601913,0.915,0.93800724,0.9996555
4,166,1,0.9367888515728187,1.0,0.99,0.9748514209278475,0.994964,0.9835257181845272,0.9829040523487501,0.6,0.999494753854693,0.5940631607049536,0.9997533092082932,0.91,0.9741510690158983,0.908900148018749,0.985,0.9930254,0.9994225
4,170,1,0.9999786367480885,1.0,1.0,0.9999977120091308,0.9988456,0.9842960428563373,0.9832415013299852,1.0,1.0,0.8216797663945531,0.9999415541407094,1.0,0.9997054814993024,0.9999743926795512,1.0,0.9983878,1.0
4,173,1,0.9917004538265473,1.0,0.91,0.9958284414386315,0.99142116,0.9773600448632207,0.9827743707550992,1.0,1.0,0.695795157258224,0.9998843920421953,0.95,0.9722375145868254,0.9886606716979256,0.97,0.98463666,0.9999993
4,179,1,0.9990789309198091,1.0,1.0,0.999999903802207,0.99890304,0.9842949815783127,0.9832450655488216,1.0,1.0,0.7871940009272267,0.999942634104614,1.0,0.9994954677098925,0.9986968014951189,1.0,0.9982185,0.9999998
4,181,1,0.986938097268062,1.0,0.97,0.9947966077741405,0.9968741,0.9822544780436865,0.9829663442665199,1.0,1.0,0.684001342366975,0.9998915547263777,0.935,0.9871521997629005,0.9782366996940062,0.965,0.99550086,0.9999669
4,185,1,0.8128506602098163,1.0,0.82,0.7904331454625522,0.9795107,0.963017912156011,0.9817078220572847,0.6,3.0527195384665306e-09,0.6183018446423448,0.9989144062484838,0.835,0.8506986325542234,0.7434611938692959,0.81,0.9625177,0.9942264
4,196,1,0.9999999994966626,1.0,1.0,0.9999880107504466,0.9988269,0.9842960524748489,0.9832403450715219,1.0,1.0,0.842275202411591,0.9999415541407094,1.0,0.9997037328083211,0.999999999350633,1.0,0.99835443,1.0
4,197,1,0.9999991978292713,1.0,1.0,0.9999992288556527,0.9982033,0.9842958023916697,0.9832016555597399,1.0,1.0,0.6994633413117213,0.9998915547263777,1.0,0.9995504260682037,0.9999989012297497,0.995,0.9978009,1.0
4,200,1,0.9825952018621362,1.0,0.99,0.9999917560451876,0.99702185,0.9836125140593791,0.9831199057159886,1.0,1.0,0.7109790398213665,0.9999044615975063,1.0,0.9924022029577804,0.976664109548572,0.98,0.9958521,0.9998419
4,201,1,0.9998106472242222,1.0,1.0,0.9999999666582272,0.99830073,0.9842950424995044,0.9832077082782051,1.0,1.0,0.7213177947271329,0.9998915547263777,1.0,0.999527836266137,0.999751034448487,1.0,0.99774146,0.9999994
4,207,1,0.998807037061208,1.0,0.995,0.9999998623595912,0.99777657,0.9839726121377029,0.9831751063196184,1.0,1.0,0.7664866531614983,0.9999568895202077,1.0,0.9978958668391857,0.9983945647894477,1.0,0.9963791,0.9999999
4,210,1,0.9999999932278774,1.0,1.0,0.999998073920942,0.99884474,0.9842960460625085,0.9832414567818485,1.0,1.0,0.8096658473186256,0.9999415541407094,1.0,0.9997107024809457,0.9999999919088262,1.0,0.9984457,1.0
4,211,1,0.9571946369518542,1.0,0.985,0.9999887810622214,0.9956116,0.9832960702157378,0.9830382112378104,1.0,1.965561026731351e-07,0.6389936392341525,0.9996928162409247,0.98,0.9844487565106219,0.9322422318283803,0.975,0.9933914,0.99862915
4,215,1,0.999412135057281,1.0,1.0,0.9999998805366174,0.99857414,0.9842955106230079,0.9832246096053219,1.0,1.0,0.7404972277480014,0.9999319832098519,1.0,0.9994965383203953,0.9992136397423211,1.0,0.9978454,0.99999994
4,218,1,0.9364901819904535,1.0,0.97,0.9870379308906542,0.99224854,0.9821680067384232,0.9828107462215253,0.4,1.6273418436359077e-11,0.6898922038610029,0.9998171099278963,0.97,0.9714441620093395,0.906352600671219,0.98,0.9843163,0.99873054
4,223,1,0.9997388807387346,1.0,0.975,0.9999999091074259,0.991771,0.9826120847533093,0.9827973731883377,1.0,1.0,0.6788838825777558,0.9997684995501677,1.0,0.9916274431471175,0.9996603044682683,0.985,0.9855612,1.0
4,239,1,0.9943654505563216,1.0,1.0,0.9999954173026374,0.9987085,0.9842669363710365,0.9832324831004636,1.0,0.999999999994257,0.7807014614882726,0.9999415541407094,1.0,0.9982673386039915,0.991804866681726,0.99,0.9979685,0.9999959
4,245,1,0.999998344103393,1.0,1.0,0.9999996915172567,0.9982033,0.984296007588413,0.9832016555597399,1.0,1.0,0.6994633413117213,0.9998915547263777,1.0,0.9995503283021351,0.9999975957548856,1.0,0.9978009,1.0
4,249,1,0.9999999999970035,1.0,1.0,0.9962048733093866,0.99884474,0.9842960524748489,0.9832414567818485,1.0,1.0,0.8096658473186256,0.9999415541407094,1.0,0.9987624040203383,0.9999999999968001,1.0,0.9984457,1.0
4,250,0,0.05789875440302157,0.0,0.115,0.06306520110374543,0.052706223,0.04752299773151621,0.04177272808485244,0.0,3.0016306110345833e-15,0.4270517433264631,0.0007505384147556647,0.04,0.07216754462199539,0.037320441032879695,0.125,0.05231297,0.019424476
4,254,0,0.05106269648188986,0.0,0.065,0.02994327475178563,0.008549959,0.038684950980880387,0.03568273243980295,0.2,4.905293859962749e-16,0.40692329379146214,0.00021944481551153922,0.065,0.038638982658120394,0.034882317464026785,0.07,0.00800641,0.0005868753
4,258,0,0.08599646662941735,0.0,0.01,0.020762354883893133,0.00573257,0.03104943446874013,0.03520628340098457,0.0,4.783018103022601e-16,0.36764329335809615,0.00019963897004883355,0.03,0.030622847839210283,0.0592731888890867,0.01,0.004979474,0.0033247476
4,263,0,0.037361082560168006,0.0,0.035,0.012259424357037663,0.008779611,0.03423495883103055,0.035543425737506025,0.0,9.611518840437005e-17,0.3780738665434916,0.0008223253147266364,0.01,0.02335002958892962,0.026340551525914208,0.015,0.011470488,8.011397e-05
4,264,0,0.2012742569402334,0.0,0.045,0.13820808961088285,0.012233609,0.035927397031281394,0.036183581917239464,0.0,6.644127644985861e-16,0.40252349712853897,0.00019963897004883355,0.085,0.09917898897118765,0.149631528180893,0.045,0.011574525,0.00065081613
4,265,0,0.04082872759384787,0.0,0.01,0.022332346757653956,0.0020236387,0.03097400317932256,0.03468129067653565,0.0,2.2064402116678522e-16,0.3429112100896594,0.0001523650299715395,0.0,0.018796178260813742,0.02932716691931886,0.005,0.0020352392,0.0001046647
4,289,0,0.008321394117317332,0.0,0.0,0.001947855016357237,0.0017914155,0.029745070878972806,0.03465086915023712,0.0,2.4131934940944957e-18,0.3278960488519958,0.00015814669914042122,0.01,0.0030151661592307854,0.0061528833250603645,0.0,0.0018480303,4.06168e-06
4,290,0,0.009729755134213616,0.0,0.0,0.0029377641949849295,0.0021030607,0.02974582181109326,0.03469058162988124,0.0,1.0898829459928047e-17,0.33157409864525955,0.00017101941239532016,0.0,0.003692645011490421,0.007029226228226462,0.0,0.0026432048,1.4353251e-05
4,299,0,0.017651170350799807,0.0,0.01,0.028399622467178108,0.003808494,0.030971273793791197,0.034906578560222744,0.0,1.2587813424848743e-15,0.3351918100726689,0.0001523650299715395,0.005,0.014964821694191012,0.013086960033225035,0.015,0.00445135,7.015283e-05
4,301,0,0.0008111849049813635,0.0,0.0,0.001316226180223945,0.0017914155,0.02974354954791766,0.03465065474794441,0.0,8.0000875905453675e-19,0.3280601582469965,0.0001523650299715395,0.005,0.0009797066471134701,0.0006126533883685693,0.0,0.0018480303,4.3273438e-08
4,304,0,0.1780913294379615,0.0,0.125,0.14351854704905326,0.02241348,0.049172147452678304,0.037719491333084776,0.0,2.903809520916859e-15,0.3770126222575145,0.00021944481551153922,0.075,0.11725583891281437,0.12480310158781348,0.11,0.019320736,0.0012211388
4,309,0,0.003095442103025784,0.0,0.005,0.003953794034631246,0.008060329,0.030349400201341775,0.03544818163077243,0.0,3.957370327220063e-18,0.3730804307291789,0.00029090164528671435,0.005,0.005027391200013127,0.002272828869609959,0.0,0.010426394,8.820461e-06
4,314,0,0.005206057508759506,0.0,0.0,0.001970924770858276,0.003808494,0.02974366671630326,0.034905351075243125,0.0,2.106912615063798e-17,0.3088048269398585,0.0001523650299715395,0.0,0.002746369059600978,0.003726132802844019,0.0,0.00445135,5.9956506e-07
4,315,0,0.12013212647075094,0.0,0.58,0.08721999381408856,0.21634911,0.253748289595363,0.07672830940225335,0.2,5.028716766371346e-10,0.48416553026237885,0.017872088846524657,0.35,0.2509253075730314,0.0868304498091216,0.575,0.21097638,0.0016808085
4,319,0,0.48367702839529375,1.0,0.51,0.4422753766244485,0.76514935,0.8829445171945034,0.9581022866513075,0.4,2.0533916898800588e-14,0.49531993723398865,0.10750862550104699,0.335,0.5502754399886087,0.38416077398767573,0.465,0.6510181,0.9896225
4,329,0,0.007051465215369741,0.0,0.005,0.0030549439067951815,0.0028519563,0.030349824410315803,0.034789960272123895,0.0,2.6897333020676763e-17,0.4006023689131281,0.00017101941239532016,0.01,0.004489591353322287,0.00505582700957414,0.01,0.0037776416,8.01205e-06
4,331,0,0.026483148569588017,0.0,0.015,0.01560768254067836,0.0046480806,0.03159346557220762,0.03501868016940291,0.0,8.093387849975334e-17,0.3352739972419573,0.0001523650299715395,0.02,0.015434727917894107,0.01924635363801384,0.01,0.005072165,1.1049728e-05
4,333,0,0.004302576695263149,0.0,0.01,0.013165398460380465,0.004014211,0.03096534560209766,0.03493146998264653,0.0,1.3924563727930363e-17,0.34773770890512584,0.00031873959721526055,0.005,0.007870546482784548,0.003267135145851993,0.0,0.004632714,2.2853082e-07
4,334,0,0.053797420308760106,0.0,0.36,0.05908532626117998,0.13805343,0.11999340871017304,0.05664860907889971,0.0,6.146558662715084e-10,0.4481058273669502,0.005366974939712841,0.185,0.15273404466922796,0.03825601661660742,0.395,0.13980913,8.613869e-05
4,338,0,0.007946190033777799,0.0,0.03,0.03465000723413329,0.0044442657,0.03361871893245028,0.03498618331277882,0.0,9.586801233827167e-17,0.3181889961605001,0.0001523650299715395,0.0,0.019260115751510175,0.006030952485105989,0.03,0.004313414,2.5663871e-06
4,340,0,0.004467775121200095,0.0,0.005,0.0016227997933990622,0.0025148261,0.03034745659616917,0.03474185889615362,0.0,1.3605737186602043e-18,0.4026148030130436,0.00022601108057733403,0.04,0.003401350262111599,0.00317452167217569,0.0,0.0029379954,3.1153957e-07
4,349,0,0.0011260703838234841,0.0,0.0,0.0026373261690777012,0.0018513897,0.02974353824838672,0.03465820853101093,0.0,2.7935150393277065e-18,0.32245682419800425,0.00017249337717188903,0.0,0.0014036965507891568,0.000814188270929011,0.0,0.0018746253,8.4676486e-08
4,353,0,0.06657294306064451,0.0,0.005,0.09389874462987882,0.004819161,0.03048318151441265,0.03504843743816852,0.0,7.984360330706829e-16,0.3352739972419573,0.0001523650299715395,0.025,0.04257271212087499,0.05196610701399402,0.005,0.005072165,6.417581e-05
4,357,0,0.04027791484894409,0.0,0.045,0.02122585751195255,0.0066457256,0.03641275836795547,0.035641207225454226,0.0,8.602574001108674e-16,0.43623410550360997,0.00022601108057733403,0.045,0.02828737448381026,0.026432524790374733,0.015,0.005450138,0.004167285
4,360,0,0.00335693437587946,0.0,0.0,0.006890112050078109,0.0044872,0.029743708889934606,0.03499144127650024,0.0,8.550502965045835e-18,0.33741898183936075,0.00021944481551153922,0.005,0.0036835616501095614,0.0023820265243442835,0.005,0.004378743,4.6533748e-07
4,361,0,0.08706862757094923,0.0,0.015,0.05764057337729692,0.017434731,0.03164036109583682,0.03669817794199977,0.0,6.224427083077542e-16,0.3741622665291056,0.0003510478653073813,0.03,0.04428598301851944,0.06112362703681699,0.005,0.011155075,0.00026192126
4,370,0,0.017664979943113668,0.0,0.015,0.004440076201535809,0.0067033707,0.031607397401772284,0.03527629073223947,0.0,2.2514768462371e-17,0.38326198015820256,0.00031873959721526055,0.02,0.010952106715268068,0.012517468678904105,0.005,0.0074445354,0.0001238014
4,373,0,0.027451473566346807,0.0,0.0,0.006066581296036033,0.0020666716,0.029757262239056895,0.03470762262963247,0.0,9.186356335132312e-17,0.4011890129764964,0.00022063062392584717,0.005,0.008896181619462328,0.018872021288870024,0.0,0.0020631282,6.779377e-05
4,387,0,0.005131992014781243,0.0,0.02,0.0033166145500799268,0.012062261,0.032231885897867976,0.03596659645010798,0.0,1.2580275067552077e-17,0.406885229231626,0.00022479636069055463,0.015,0.010127716861481874,0.0034824422807119004,0.005,0.010097329,1.8883075e-06
4,389,0,0.0009826000680920545,0.0,0.0,0.001180392274338867,0.0019238959,0.02974349564448347,0.03466732054140451,0.0,2.0537671414435894e-18,0.30101400492984937,0.00019488620978156738,0.0,0.0010217220622719754,0.0007044726553571236,0.0,0.0019560514,1.4998351e-08
4,2,1,0.9999943133697782,1.0,0.995,0.9999999897488885,0.9990087,0.9854877424173408,0.9824263315170828,1.0,1.0,0.8118324073286897,0.9999200765854024,1.0,0.9985007545678518,0.999992806244994,0.995,0.99822503,1.0
4,3,1,0.9999999622297701,1.0,1.0,0.9999971808257755,0.99871624,0.9857634192339214,0.9824078837955462,1.0,1.0,0.7827217543269348,0.9999280841118868,0.995,0.9996783445540933,0.9999999524832504,0.995,0.99797946,1.0
4,9,1,0.9999996664169182,1.0,1.0,0.9999861149896269,0.99795026,0.9857634192339214,0.9823594806692774,1.0,1.0,0.7117400162505161,0.9998847159721828,1.0,0.999484009319341,0.9999995587376522,1.0,0.9969277,0.9999996
4,10,1,0.999999791079874,1.0,1.0,0.9999983641193856,0.9991691,0.9857634192339214,0.9824364401843378,1.0,1.0,0.8435687639038987,0.9999315297172476,1.0,0.9997918166127726,0.9999997401126668,1.0,0.998635,0.99999994
4,22,1,0.9999912406021934,1.0,0.95,0.9999975820481838,0.99735594,0.9827580204887717,0.9823218269416433,1.0,1.0,0.6750478157756173,0.999902978485674,0.995,0.9868361901520352,0.9999890842555071,0.965,0.9959799,1.0
4,23,1,0.9777481925551919,1.0,0.995,0.9999971961009682,0.99629635,0.9854871196973392,0.9822539474310925,1.0,5.164448787557891e-05,0.6737856840277733,0.9998211163584969,1.0,0.992260433710938,0.9705460548806182,0.995,0.99339455,0.99993354
4,25,1,0.9783145877957481,1.0,0.905,0.9920382932651775,0.9850529,0.9795233150518367,0.981522463283133,1.0,1.0,0.5981309294719022,0.9992205375940015,0.93,0.965101441171489,0.9687473010354354,0.915,0.96839654,0.99797374
4,28,1,0.988361686187849,1.0,1.0,0.9999888635413497,0.99721515,0.985763129455343,0.9823117767993073,1.0,1.0,0.65199180422335,0.9996129038283681,0.995,0.9963914253790007,0.9840554100193328,0.995,0.9957742,0.9999922
4,29,1,0.9997618359291854,1.0,0.97,0.9999983791903848,0.99875736,0.9840285185595951,0.9824104749977666,1.0,1.0,0.7415778548230951,0.9999248817063664,0.995,0.9921293943713232,0.9997051589013524,0.985,0.99792165,0.9999999
4,32,1,0.9999883620528951,1.0,1.0,0.999999995377593,0.99876815,0.9857634066349737,0.9824111596820466,1.0,1.0,0.7835845377020862,0.9999280841118868,0.995,0.9996891270592287,0.9999848021602503,1.0,0.99807644,0.99999875
4,38,1,0.9999478782615954,1.0,1.0,0.9999963675374588,0.9981121,0.9857634192339214,0.9823697135763991,1.0,1.0,0.7391898932521207,0.9998847159721828,1.0,0.9995140820701096,0.9999378895546782,1.0,0.99712723,0.999988
4,43,1,0.9999998543221159,1.0,0.99,0.9999890789757365,0.9984366,0.9852068075108363,0.9823902303390792,1.0,1.0,0.7240302865153004,0.9999112293455087,1.0,0.9971063907675096,0.9999998264796689,0.985,0.9972193,1.0
4,47,1,0.9956323786695717,1.0,0.855,0.999997372317931,0.96989095,0.975236292638977,0.9804933786701595,1.0,1.0,0.6475089466015936,0.9997392692408246,0.965,0.9551301757744484,0.99452495519716,0.88,0.9432262,0.999992
4,53,1,0.9998558086757202,1.0,0.905,0.9999887398895186,0.9596126,0.9795254892277575,0.9797624864120176,1.0,1.0,0.6257981563692642,0.9984593234708583,0.975,0.9661142891302928,0.9998123504790908,0.91,0.93988824,0.999987
4,59,1,0.999976992350585,1.0,1.0,0.999999964370914,0.9987073,0.9857634192339214,0.9824073155937451,1.0,1.0,0.7079707368761203,0.9998902391864821,1.0,0.9996710627964026,0.9999691360693915,1.0,0.99792373,0.9999998
4,66,1,0.9995367634721469,1.0,1.0,0.9999949383589228,0.9976011,0.9857634192339214,0.9823372492965868,1.0,1.0,0.7031209465390885,0.9997083264598664,1.0,0.9992831984231987,0.9994050556358743,1.0,0.9963291,0.9999223
4,74,1,0.9999998507487194,1.0,1.0,0.9999987660015237,0.99876815,0.9857634192339214,0.9824111596820466,1.0,1.0,0.8132704605594344,0.9999280841118868,1.0,0.9996916918891675,0.9999998161988575,1.0,0.99807644,0.999999
4,75,1,0.9987075192886343,1.0,0.965,0.9999999952355619,0.99440914,0.9837197983977418,0.9821338832048674,1.0,0.35230175999362595,0.6913240047518324,0.9999160680285504,0.98,0.9895291646122273,0.9981413136976487,0.98,0.9896736,0.99999774
4,83,1,0.9957905112666409,1.0,0.955,0.9999979009464088,0.9865421,0.9830844673499641,0.981622450395762,1.0,1.0,0.7046020352816316,0.998811880872153,1.0,0.9843326294719483,0.9942430247752003,0.98,0.9787658,0.9999677
4,85,1,0.9984772688306437,1.0,1.0,0.9999999948187429,0.9990484,0.9857633908862736,0.9824288259056976,1.0,1.0,0.8057442749322303,0.9999200765854024,1.0,0.9993814188738869,0.9979412228142099,1.0,0.9983652,0.9999995
4,91,1,0.9981575161463652,1.0,0.71,0.9929556477620092,0.97420746,0.9572626317700673,0.9807925033708247,1.0,1.0,0.6768175959920321,0.9962233271775349,0.85,0.9188301561971635,0.9978087720205869,0.72,0.9627154,0.9997634
4,98,1,0.9999998786143506,1.0,1.0,0.9952547228379912,0.9980124,0.9857634192339214,0.9823634139871474,1.0,1.0,0.6462182834534982,0.9998847159721828,1.0,0.9983167562419154,0.9999998355862895,1.0,0.99702615,1.0
4,100,1,0.9998998945489234,1.0,0.935,0.9999968431188574,0.98590463,0.9817404746982882,0.9815808832498497,1.0,1.0,0.7262837061306504,0.9981850067460025,0.99,0.9802003429166629,0.9998745582382743,0.945,0.9753684,0.9999976
4,111,1,0.9999999815498485,1.0,1.0,0.9999997762789762,0.99876815,0.9857634192339214,0.9824111596820466,1.0,1.0,0.8093391568091043,0.9999280841118868,1.0,0.9996919771588129,0.9999999773946823,1.0,0.99807644,0.99999994
4,135,1,0.9684751071969389,1.0,0.905,0.9948676991337935,0.9701965,0.9795094364147294,0.9805088454213332,0.8,1.0,0.6369102131803975,0.9994752278455276,0.93,0.9596348229625353,0.9574030553520073,0.94,0.95171463,0.9998944
4,136,1,0.9988796242089547,1.0,0.965,0.9999996853807708,0.9940381,0.9837197624536629,0.9821101677104137,1.0,1.0,0.6632544591717373,0.9997809830510962,0.99,0.9894793536501779,0.9985194180257859,0.975,0.9923733,0.99999756
4,143,1,0.9999981616410116,1.0,0.995,0.9961861013701361,0.99820125,0.9854877424173408,0.9823753557357242,1.0,1.0,0.7340016065686786,0.999882707494213,1.0,0.997346378510279,0.9999979252764334,0.99,0.99683726,0.99999994
4,146,1,0.9999842624418914,1.0,0.975,0.9999928822477254,0.98963565,0.984331474269461,0.9818255839845541,1.0,1.0,0.7422651480559371,0.9985179021632947,0.995,0.991153197758212,0.9999807140517046,0.985,0.9757794,1.0
4,149,1,0.9994110095771269,1.0,0.955,0.9999950567387105,0.9870679,0.983084661426534,0.9816573666902466,1.0,1.0,0.691560265198254,0.9980519939350475,1.0,0.9853684861405362,0.9992077212846302,0.97,0.97828376,0.99969244
4,150,1,0.8360510906148514,1.0,0.885,0.9783808924074565,0.9789218,0.9778997836946444,0.9810824047282255,1.0,1.0,0.6634455514698534,0.9973292791102206,0.85,0.9195884385179518,0.7843728364494971,0.86,0.9655852,0.99927205
4,153,1,0.9999999997434061,1.0,1.0,0.9934530700208059,0.9986625,0.9857634003354958,0.9824044906845005,1.0,1.0,0.8163075660379694,0.9999280841118868,1.0,0.998028885383863,0.9999999997148408,1.0,0.99794275,1.0
4,157,1,0.9964746004451954,1.0,0.975,0.999995704494917,0.99690586,0.9843314673464456,0.9822932494527876,1.0,1.0,0.6629125633023948,0.999698751952234,0.98,0.9920940420562943,0.9951846290479255,0.985,0.9951976,0.9999994
4,162,1,0.986506182768932,1.0,0.99,0.9999966652497583,0.9967886,0.9851983200522115,0.9816738133308742,0.8,0.0022664311353854283,0.622003691179335,0.9998576985580502,0.875,0.9933228672418705,0.9802512814991351,0.985,0.99497104,0.99894094
4,164,1,0.35953628305992724,1.0,0.635,0.371111561626992,0.8424253,0.28895161277453574,0.40073778665084797,0.0,1.259356528761307e-14,0.47420214750345785,0.9980824068445651,0.56,0.5520182828641965,0.2882656872800432,0.64,0.75553685,0.0046442808
4,172,1,0.9999509155195405,1.0,0.955,0.9999998781255325,0.99727386,0.983084661426534,0.9823166258519864,1.0,1.0,0.7250914002321718,0.9999148848901395,0.965,0.9880561640017452,0.9999372323878254,0.96,0.99557835,0.9999998
4,176,1,0.9999997400716264,1.0,0.99,0.9999999179458103,0.9984366,0.9852068075108363,0.9823902303390792,1.0,1.0,0.7523693852560178,0.9999112293455087,0.995,0.9971090719474057,0.9999996548669027,0.995,0.9972193,1.0
4,183,1,0.9503638991473925,1.0,0.97,0.9972381128991504,0.99407107,0.9840279859209689,0.982111152968029,1.0,1.0,0.6243796411178102,0.9991674901850245,0.93,0.9779182696065225,0.9351332003469598,0.98,0.9891186,0.9998865
4,187,1,0.9996099785049893,1.0,0.99,0.999999963849055,0.9971335,0.9852068042398023,0.9823077244157404,1.0,1.0,0.7753948974079672,0.9998924315562109,1.0,0.9966858589443766,0.9994789347082945,0.99,0.9940433,0.9999988
4,189,1,0.9999999926528327,1.0,0.99,0.9999937269893429,0.99889237,0.9852068075108363,0.9824189953074839,1.0,1.0,0.8403404341665817,0.9999315297172476,1.0,0.9972215216320786,0.9999999912877712,0.99,0.9981907,1.0
4,198,1,0.9999995393009145,1.0,1.0,0.990593439251593,0.99823123,0.9857634192339214,0.9823772510592456,1.0,1.0,0.7502898777048874,0.9999102157114516,1.0,0.9972060526796994,0.9999993948307141,1.0,0.9972485,0.99999994
4,199,1,0.9999376880421272,1.0,0.99,0.9999999321421273,0.9965509,0.9852063430168746,0.9822707088945671,1.0,1.0,0.7530267549830347,0.9999167202703936,0.995,0.9966221344524204,0.9999110590040128,0.99,0.9941561,0.9999946
4,213,1,0.9999994207446274,1.0,0.995,0.9999999946825519,0.99884593,0.985487729578019,0.9824160667489953,1.0,1.0,0.8238943232624082,0.9999315297172476,1.0,0.9984613375737595,0.9999992944449618,0.995,0.9981578,0.99999994
4,214,1,0.5173163566150194,1.0,0.65,0.6546749630207812,0.83089006,0.30355666555489025,0.4144505231021193,0.0,1.8302938186753586e-14,0.5369582258429054,0.9976617778507516,0.66,0.6632203447767328,0.44085856508112103,0.645,0.7397197,0.0355073
4,221,1,0.9736647207056498,1.0,1.0,0.9932660659091739,0.998351,0.9857627325752486,0.982384165211695,1.0,1.0,0.6810812592277699,0.9996680518570639,0.995,0.9913204411281169,0.9641420575841756,1.0,0.9974136,0.99989027
4,222,1,0.9682596089786625,1.0,0.995,0.9914692620444774,0.998357,0.985486679925601,0.9823846054151489,1.0,1.0,0.669514618676954,0.9997222980821232,0.99,0.9882714672474766,0.9575800094699917,0.995,0.9974286,0.99994034
4,225,1,0.9999999984266299,1.0,1.0,0.9941109776309657,0.9986625,0.9857634192339214,0.9824044906845005,1.0,1.0,0.8163075660379694,0.9999280841118868,1.0,0.998193361957209,0.999999998250277,1.0,0.99794275,1.0
4,226,1,0.9999999993279638,1.0,0.995,0.9999856342228551,0.99861586,0.9854877424173408,0.9824015484649724,1.0,1.0,0.8446350777016974,0.9999315297172476,1.0,0.9984003736224613,0.9999999992001196,0.995,0.997717,1.0
4,237,1,0.9998648719282771,1.0,1.0,0.9999998807371229,0.99889886,0.9857631641030877,0.9824194010628275,1.0,1.0,0.8183884029789511,0.9999377421340513,1.0,0.9996909041144548,0.9998286185052316,1.0,0.99824727,0.99999344
4,238,1,0.9999785569132605,1.0,1.0,0.9999850133932949,0.9981121,0.9857634192339214,0.9823696138230504,1.0,1.0,0.6708781286448497,0.9998847159721828,1.0,0.9995189131969849,0.9999744169431777,1.0,0.99712723,0.99999994
4,242,1,0.9999999993705713,1.0,1.0,0.9999912717028586,0.99871624,0.9857634192339214,0.9824078837955462,1.0,1.0,0.7952377261811341,0.9999280841118868,1.0,0.9996768765585644,0.9999999992227864,1.0,0.99797946,1.0
4,252,0,0.007404539510426311,0.0,0.01,0.0011990345235280456,0.0034830153,0.03290627078719956,0.029984155641048178,0.0,3.1610079845159665e-17,0.2779569965454093,0.0001798064253464643,0.0,0.005521647344840968,0.005308156450750954,0.015,0.0034145259,8.6736947e-07
4,256,0,0.013921230971612752,0.0,0.0,0.004093778486926682,0.0036798792,0.03169047285727217,0.030007353182876444,0.0,4.1645171927727204e-16,0.3180270286473213,0.00015394147214282952,0.005,0.005423722175273435,0.0096505173193562,0.0,0.0038167036,1.0936274e-05
4,257,0,0.044962641025099635,0.0,0.005,0.021830317880224163,0.0032495772,0.03229740385969768,0.02997502759285853,0.0,1.1605296788152118e-16,0.3348959270401314,0.00021825706521635193,0.02,0.018760634037982536,0.03204436254224731,0.0,0.0030484076,0.00054672325
4,270,0,0.018689305888637597,0.0,0.0,0.0023020890367001575,0.0024700135,0.03169024664571963,0.029877932317497222,0.0,1.3825957253062544e-17,0.3320427116757282,0.0001725692744767057,0.005,0.005865352094507894,0.013180313541704689,0.0,0.0022710098,7.283165e-06
4,271,0,0.059222641753002556,0.0,0.015,0.015965083304384793,0.0046220575,0.03353875479367092,0.03012908544705378,0.0,2.5804599441025814e-16,0.34755764332542427,0.0001858894584622674,0.005,0.023702445650829372,0.04141879442722439,0.0,0.0050138254,0.00013747196
4,273,0,0.5171452787004677,0.0,0.63,0.5354823982755776,0.28360063,0.287233551607871,0.08503363898339081,0.6,2.2018700721010766e-15,0.49752127346277253,0.4081749506957893,0.475,0.4915570763380131,0.4287701401220631,0.57,0.2269477,0.03156023
4,277,0,0.007310510926303594,0.0,0.015,0.0016040355362961804,0.003849813,0.03353113101460801,0.030023277837713355,0.0,3.73559515401374e-17,0.3210853615677141,0.00021825706521635193,0.0,0.006941089869682824,0.005087001565894379,0.005,0.0034951796,1.7583786e-06
4,279,0,0.0012284871025646847,0.0,0.0,0.00022089239652247906,0.0041410904,0.03168995071183767,0.030054057622434866,0.0,7.324575149306667e-19,0.3636399447367288,0.00021377845757872401,0.0,0.0013976174842142634,0.0008678365393388686,0.005,0.00394904,1.3035218e-08
4,280,0,0.42695885933038713,0.0,0.195,0.3798599987917502,0.09139279,0.08607365274577475,0.049873629565592326,0.6,5.914435478757766e-10,0.4143930263087731,0.005644750413869333,0.37,0.27330291272086576,0.3534132678188589,0.175,0.09810134,0.09114236
4,285,0,0.00799445599123267,0.0,0.01,0.0033000699228562854,0.0069932444,0.03290620229521423,0.030359235123812944,0.0,1.01665047386285e-17,0.3229349701841181,0.00019707809850733478,0.02,0.007071942579049884,0.005751800600419198,0.0,0.0055124387,3.747964e-07
4,293,0,0.01802832314396635,0.0,0.0,0.006523849962707344,0.008040509,0.031690015355261635,0.030473293210127348,0.0,8.998009871038726e-17,0.41238284144212584,0.00028970330408729705,0.005,0.008148170573339695,0.013300492197273462,0.0,0.008674141,1.7889517e-06
4,294,0,0.035433024184704495,0.0,0.01,0.016850794093310015,0.0036795805,0.03290720475194675,0.03000911102241323,0.0,1.937891352273759e-16,0.3391958824349222,0.00021825706521635193,0.015,0.016490849699713254,0.025707926147263443,0.005,0.003272387,0.00010625904
4,307,0,0.10471960976475776,0.0,0.02,0.035885937076700625,0.0072320583,0.034540102466090884,0.03080175438532643,0.0,7.939622785504126e-15,0.3225761495799168,0.0001798064253464643,0.045,0.041959401292275864,0.07535144883835149,0.02,0.006760629,0.0026414527
4,312,0,0.01933181161513518,0.0,0.18,0.013593660753166445,0.04847177,0.06185984668771184,0.035150025399297645,0.0,9.541472039288996e-13,0.39699006766222045,0.0011261503374987904,0.095,0.06534931088723284,0.014337150205358003,0.21,0.047449253,4.497351e-06
4,327,0,0.005296457168078439,0.0,0.0,0.0037698734909578802,0.0027111883,0.03169218910000811,0.029904378500033583,0.0,5.928849479146261e-17,0.3252200526633185,0.0001725692744767057,0.0,0.002944379734997819,0.00370312478546329,0.0,0.0026890272,7.939637e-06
4,332,0,0.0010727982913591523,0.0,0.0,0.0008316988846215148,0.0020607852,0.03168996327423019,0.029833421205493916,0.0,4.06203631114245e-18,0.3349020803270696,0.0001725692744767057,0.005,0.0009913205917785714,0.0007726774469025284,0.0,0.0021450073,3.3832663e-08
4,343,0,0.0011964428669360083,0.0,0.0,0.0008347061862366633,0.0035450293,0.03168995081828286,0.02999067717227689,0.0,1.481018295586997e-18,0.3011346084833142,0.00021825706521635193,0.0,0.0013940445937145262,0.0008376428955043758,0.0,0.003228273,4.922678e-08
4,350,0,0.008160894775417217,0.0,0.06,0.001068554230006712,0.00710705,0.03969422653884447,0.030372072534002606,0.0,1.4977634649189537e-17,0.3476326269480084,0.00022274343997825556,0.02,0.01908412479087684,0.00562801170776108,0.055,0.007312858,5.265032e-06
4,351,0,0.021345772508328108,0.0,0.115,0.007156894727759693,0.0058045047,0.04870682369031501,0.03023168783642496,0.0,3.383808424405236e-16,0.34309181163992253,0.0003000777521312536,0.05,0.037326792992405114,0.015652041320290452,0.1,0.0052164798,2.040023e-06
4,355,0,0.041980708828118905,0.0,0.015,0.007400186926602069,0.006487836,0.03353550238187928,0.030335814845196048,0.0,1.310834138906271e-16,0.37654769687999784,0.0001798064253464643,0.02,0.017717182971171093,0.030191489681211537,0.03,0.006648912,0.000105716
4,358,0,0.08255468535324886,0.0,0.115,0.06068820676034705,0.2692852,0.04902567658049251,0.07769728996594798,0.0,6.080994734775153e-16,0.4878050500082451,0.025838393831163795,0.095,0.1318820235349908,0.059062249607535984,0.125,0.19232443,0.005080068
4,369,0,0.19169564678598092,0.0,0.005,0.07573825363200565,0.0022470518,0.03296463127084176,0.03007301301079262,0.2,1.8479828745914438e-15,0.3362787447144284,0.00017201022186090297,0.06,0.06867023805487976,0.14412176597687573,0.0,0.002071758,0.002357344
4,371,0,0.0005359212858646917,0.0,0.01,0.00022993284360748692,0.00236751,0.03290616318321603,0.029865846703325483,0.0,7.354416430920891e-18,0.29321253836930644,0.0001725692744767057,0.0,0.0032833410310320063,0.0003871853902965546,0.0,0.0022215745,5.6352807e-09
4,372,0,0.011901436662577229,0.0,0.0,0.00323235210196072,0.0024856746,0.031698569562607505,0.029886306855985048,0.0,9.15193516954815e-17,0.3722552378804894,0.0001725692744767057,0.0,0.004404865834411626,0.008629333897057228,0.0,0.0027048513,2.9801306e-06
4,377,0,0.11511314469615458,0.0,0.005,0.02155670135628555,0.0030372129,0.03230109604060366,0.030002293844869552,0.2,1.5752254304685352e-16,0.37350931578922764,0.0001725692744767057,0.055,0.03617676473365777,0.08476686766709371,0.0,0.002992651,0.00022888763
4,391,0,0.0010902301445015123,0.0,0.0,0.0011892101510466205,0.0042943284,0.031689950376498334,0.03007037164182309,0.0,8.964323349321872e-19,0.3290361073392689,0.00021377845757872401,0.0,0.001643442171775026,0.0007775599604191625,0.005,0.0039672526,4.230295e-08
4,393,0,0.019618897222236403,0.0,0.07,0.005587862854392992,0.015527181,0.04120711878012291,0.031296998027628524,0.0,4.5042787051463234e-17,0.38136987712873605,0.001389922485487205,0.035,0.027683485350993096,0.01363117468851083,0.07,0.012065438,8.210661e-05
4,394,0,0.28854665868792545,0.0,0.085,0.17383513178321225,0.0062863682,0.04363183177610043,0.030335632170378615,0.4,1.5629719350097603e-15,0.4065011992562078,0.0003000777521312536,0.12,0.1384170396777022,0.22457296941072802,0.075,0.0059609814,0.0016481614
4,397,0,0.0261931314024696,0.0,0.005,0.003824178753083228,0.004512853,0.03229261152560618,0.03009396351455017,0.0,1.4378143494356395e-17,0.3486261933843167,0.00021377845757872401,0.005,0.0098825407861725,0.019049025251655635,0.005,0.0042849863,1.1236438e-06
4,398,0,0.005873725363069497,0.0,0.005,0.0034959768293716235,0.0034947114,0.03229257163505077,0.02998542323295614,0.0,2.403094360370832e-17,0.3308102827970117,0.00021825706521635193,0.005,0.004466103388100985,0.00411757207500043,0.005,0.003272387,6.0260145e-06
5,0,1,0.6595236718597072,1.0,0.405,0.7903031158524634,0.15762907,0.6981888407639439,0.5909993213228427,1.0,1.0,0.4658410569576421,0.03981900545170802,0.795,0.5031139650945847,0.5973654208102495,0.45,0.12788415,0.92139524
5,2,1,0.9999959413262623,1.0,0.995,0.9999999944381031,0.99901414,0.9802618982893397,0.9802805271304675,1.0,1.0,0.8405133997481603,0.9999520722081925,0.99,0.9985025187349451,0.9999948158220042,1.0,0.9982876,0.99998426
5,3,1,0.999999983966392,1.0,0.995,0.9999978076074814,0.99868435,0.9802618982893397,0.9802540861177015,1.0,1.0,0.8037416035126336,0.9999464269462961,1.0,0.9984205345624365,0.99999997892143,1.0,0.9975586,0.9999384
5,5,1,0.9998626279455091,1.0,0.94,0.9999998786389808,0.9945497,0.9752279091266727,0.9799195987095969,1.0,1.0,0.7774942395645646,0.9997091405806667,0.995,0.9836030495653958,0.9998259064130443,0.97,0.98509455,0.9999391
5,6,1,0.999980790361559,1.0,0.97,0.9999920722005766,0.9957787,0.9781117119789738,0.9800195467197486,1.0,1.0,0.7141275354997698,0.9997814992522198,0.98,0.9914378856024633,0.9999702931573866,0.98,0.99395615,0.9998094
5,9,1,0.9999996271969935,1.0,0.995,0.9974595232188926,0.99780554,0.9802616609756395,0.9801834466809292,1.0,1.0,0.6955127775109317,0.9999212896823179,1.0,0.9975661715522977,0.9999994923588079,1.0,0.99599767,0.99999166
5,16,1,0.9899341986369988,1.0,1.0,0.999999525231606,0.99874324,0.9806656730709999,0.9802552098102657,1.0,1.0,0.8137980561013942,0.9999521013376367,0.995,0.9971692399833789,0.9864356644137072,1.0,0.9978382,0.99936
5,17,1,0.9905021791052953,1.0,1.0,0.9999938861488072,0.998089,0.9806656130571162,0.9802051949629178,1.0,1.0,0.689093319028956,0.9999212896823179,1.0,0.9971462701844896,0.9879172282666469,0.995,0.9966456,0.9996563
5,18,1,0.9939859613992076,1.0,0.82,0.9948186150808026,0.95490277,0.9587447314675455,0.97400287705927,1.0,1.0,0.5203085687004007,0.9850707792482959,0.895,0.9409268361537703,0.9915689742925847,0.835,0.9420569,0.9978213
5,27,1,0.9999998033943178,1.0,1.0,0.9999978475818104,0.9987244,0.9806664082262573,0.9802572993131266,1.0,1.0,0.8033244904677074,0.9999520722081925,1.0,0.9996805129933225,0.9999997714831268,1.0,0.9976411,0.9999985
5,28,1,0.9867032428301482,1.0,1.0,0.9999876256593226,0.9976725,0.9806656843235828,0.9801672924622187,1.0,1.0,0.6443969259298167,0.9998448534094452,0.995,0.9960908416789092,0.9821363832633596,0.995,0.99614125,0.9995028
5,29,1,0.9998361208027843,1.0,0.995,0.9999987629298916,0.99883634,0.9802618982893397,0.9802650980144038,1.0,1.0,0.735027249314695,0.9999626526418953,0.99,0.9984178055631815,0.9997811134057429,0.99,0.99802643,0.9999949
5,33,1,0.999967076868681,1.0,1.0,0.999995006279911,0.9984207,0.9806659731376801,0.9802329245734531,1.0,1.0,0.7483434949538723,0.9999295835975135,1.0,0.9995956996201558,0.9999588816168744,1.0,0.9971962,0.99997646
5,35,1,0.9998690365302898,1.0,0.975,0.9999920801055753,0.99599105,0.978558896205303,0.9800367263389369,1.0,1.0,0.7545644103749654,0.9999099235162187,1.0,0.9927130419582293,0.9998371236956481,0.98,0.99357337,0.99995506
5,38,1,0.9999269829102657,1.0,1.0,0.9999959227203412,0.9980901,0.9806662581967974,0.9802063012246437,1.0,1.0,0.7006990939994453,0.9999295835975135,1.0,0.9995032484995172,0.9999162555740273,1.0,0.99640274,0.99996924
5,41,1,0.9756636457353673,1.0,0.905,0.999994024135281,0.9880433,0.9713939694492043,0.9793812628556641,1.0,3.0314689642291537e-10,0.6916802929714115,0.9984312990864141,0.97,0.9671752445321763,0.9647644030904672,0.92,0.9804848,0.9993421
5,43,1,0.9999998118962362,1.0,0.995,0.9999837730202608,0.9986745,0.98026187532362,0.980253289575299,1.0,1.0,0.785235857541592,0.9999464269462961,0.995,0.9984145242064955,0.9999997741662118,1.0,0.9975545,0.99999976
5,49,1,0.9999979881522901,1.0,1.0,0.9943574437517875,0.9990514,0.9806663032057553,0.9802835116888683,1.0,1.0,0.8387576905298468,0.9999520722081925,1.0,0.9983517059956193,0.9999970549439429,0.995,0.99827325,0.9999993
5,62,1,0.999572382339193,0.0,0.835,0.9999999059583419,0.9690043,0.9619274874367849,0.9777267899918913,1.0,1.0,0.6616731879526251,0.9611813263610458,0.995,0.9508941404280367,0.9994381479392361,0.865,0.955198,0.99993116
5,63,1,0.9999836766302269,1.0,1.0,0.9999996515412888,0.9987244,0.9806662957042696,0.9802571979505091,1.0,1.0,0.7893567710347681,0.9999464269462961,1.0,0.9996769322921694,0.9999784993990835,1.0,0.9975586,0.99999243
5,66,1,0.999367741254496,1.0,1.0,0.9999949127078275,0.9974847,0.9806660481536367,0.9801567160276644,1.0,1.0,0.6594433051872126,0.9998475108760171,1.0,0.9992118344882005,0.9992082617254023,1.0,0.9953792,0.9999478
5,67,1,0.9913539950192924,1.0,1.0,0.9999996869447801,0.9975193,0.9806661306708596,0.9801582475404885,1.0,1.0,0.6814372176561356,0.9998475108760171,0.995,0.9972182490632914,0.9887209530540649,1.0,0.9962064,0.9997023
5,74,1,0.9999998156894285,1.0,1.0,0.9999979395545209,0.9987702,0.9806661194185312,0.9802609709091131,1.0,1.0,0.8235397460670545,0.9999520722081925,1.0,0.9996919831520747,0.9999997783332427,1.0,0.9978023,0.9999977
5,91,1,0.99826686816553,1.0,0.76,0.9944180982001856,0.97484744,0.9484682887230228,0.9782414085536444,1.0,1.0,0.6930497589126786,0.9954584535978818,0.855,0.9318831005792372,0.997849908717165,0.825,0.958927,0.99994487
5,92,1,0.9999988480102783,1.0,1.0,0.9999999903127434,0.99868435,0.9806663819711842,0.9802540598343625,1.0,1.0,0.8037416035126336,0.9999520722081925,1.0,0.9996707962497235,0.9999986030961265,1.0,0.9976411,0.9999553
5,93,1,0.9999999983053955,1.0,1.0,0.9999821240230488,0.998713,0.9806664044755345,0.9802563860909513,1.0,1.0,0.8640031159995851,0.9999464269462961,1.0,0.9996737847096135,0.9999999980909406,1.0,0.99763644,0.9999998
5,99,1,0.9999963580311192,1.0,0.825,0.990032478838699,0.8235835,0.9603501646303348,0.9600402125102033,1.0,1.0,0.5760156479774755,0.997393201531075,0.96,0.9096530801414505,0.9999949562148678,0.85,0.75487703,0.99998826
5,100,1,0.9999297303173248,1.0,0.96,0.999998406070091,0.9929767,0.97718889968233,0.979790830859661,1.0,1.0,0.7671358957858693,0.9995076668991016,0.995,0.9882262153722217,0.9999102711644601,0.96,0.9868483,0.99998844
5,103,1,0.9999809309720352,1.0,0.995,0.9999958809217135,0.9990514,0.9802617911157568,0.980283504190312,1.0,1.0,0.8435608405856767,0.9999520722081925,1.0,0.9985070509930372,0.9999782570046739,1.0,0.99827325,0.99998134
5,108,1,0.9637065019687324,0.0,0.805,0.9946938059464908,0.9859206,0.956998899169114,0.979193056135245,0.6,1.2026181043076269e-11,0.6924844704340741,0.9905128732616211,0.93,0.9373302289897235,0.9460377445832907,0.855,0.97930694,0.9989115
5,122,1,0.9999902725094916,1.0,1.0,0.9999962602024987,0.9979079,0.9806663819711842,0.9801916956410667,1.0,1.0,0.6273265693374803,0.9999212896823179,1.0,0.9994736024200935,0.9999884855596474,1.0,0.9960479,0.9999907
5,124,1,0.9999377600847552,1.0,0.995,0.9999990887933957,0.99742234,0.98026187532362,0.9801524818380257,1.0,1.0,0.764039196265118,0.9999228564549634,1.0,0.9980897966025486,0.9999183860818127,0.995,0.9959144,0.9999979
5,131,1,0.9721694630373945,1.0,0.925,0.9951404469893392,0.9899823,0.9736498583739577,0.9795427214966304,0.8,3.4714401483014954e-08,0.7196886040440376,0.9998940467666252,0.895,0.9705730542459947,0.9584062044840118,0.945,0.9817676,0.99899393
5,132,1,0.9999931771265496,1.0,0.99,0.9999923602976112,0.9982135,0.9798490714989729,0.9802162782940673,1.0,1.0,0.647351567675941,0.9999295835975135,1.0,0.9970497667527382,0.9999912568379834,1.0,0.9965945,0.9999958
5,134,1,0.9999915520878446,1.0,1.0,0.999999953446681,0.99901414,0.9806664082262573,0.9802804071354361,1.0,1.0,0.8085928086647779,0.9999520722081925,0.99,0.9997514111774852,0.9999882094203301,1.0,0.9982876,0.99998415
5,137,1,0.9999833235410387,1.0,1.0,0.9999999967878107,0.99880743,0.9806663632175392,0.98026392083853,1.0,1.0,0.807594434431399,0.9999520722081925,1.0,0.9996976876490459,0.9999790377595479,1.0,0.9977216,0.9999797
5,149,1,0.9991363374690453,1.0,0.925,0.9999940550756361,0.9766028,0.9736496756603961,0.9784023307359182,1.0,1.0,0.6658896846528666,0.9966552565437868,0.995,0.9751832963211374,0.9988685204365444,0.955,0.9547037,0.999986
5,152,1,0.9960141075619732,1.0,0.855,0.999999884322641,0.99111474,0.9649034855419015,0.9796374488256182,1.0,6.915694607681664e-08,0.6772891815869482,0.9993487021112513,0.89,0.9605321818719867,0.9939843259774171,0.9,0.9828787,0.99972814
5,155,1,0.9992555439561327,1.0,0.985,0.9999987056450425,0.99829847,0.9794255871900678,0.9802228108392809,1.0,1.0,0.7397979130572379,0.9999295835975135,0.98,0.995638178951693,0.9990796076716637,1.0,0.9970919,0.9999732
5,163,1,0.9999830397764055,1.0,1.0,0.9999999653918433,0.9960855,0.9806664082262573,0.9800445073805844,1.0,1.0,0.764039196265118,0.9999228564549634,1.0,0.9990171324318174,0.9999760838867565,1.0,0.9949669,0.9999989
5,168,1,0.9999994372482801,1.0,1.0,0.999997426452317,0.99902153,0.9806664082262573,0.9802811193020549,1.0,1.0,0.8520444085662687,0.9999452995979813,1.0,0.9997545984629911,0.9999993612228332,1.0,0.9983051,0.999996
5,189,1,0.9999999896499449,1.0,1.0,0.9999950281414184,0.9988833,0.9806663557160762,0.9802700305980838,1.0,1.0,0.8640031159995851,0.9999520722081925,1.0,0.9997195811928741,0.9999999882315328,1.0,0.99779886,0.9999998
5,206,1,0.9987477990996708,1.0,0.955,0.9999997309189586,0.9919642,0.9767116309322924,0.9797073002700472,1.0,1.0,0.638671402066617,0.9998540055500064,0.985,0.9864279377548252,0.9984352083619754,0.97,0.9833757,0.9999017
5,207,1,0.9986342218727764,1.0,0.995,0.9999995579987492,0.997256,0.9802618064263037,0.9801390750960035,1.0,1.0,0.764039196265118,0.9999228564549634,1.0,0.9977224402100002,0.9981195820221563,0.995,0.9956937,0.9999919
5,216,1,0.9790713995489905,0.0,0.89,0.9999972811136911,0.9946873,0.9695797830352745,0.9799302785682282,1.0,8.891753685874889e-05,0.7296057218617986,0.9939695977673387,0.965,0.9659389998661404,0.9696699493856268,0.92,0.9936512,0.9992389
5,220,1,0.9939520069593782,1.0,0.995,0.9999998276420343,0.99714833,0.9802617911157568,0.9801302706890542,1.0,0.002692737260785752,0.7603653722919181,0.9999228564549634,1.0,0.9965250423953559,0.9914286395508581,0.995,0.99578995,0.999892
5,223,1,0.9999253395854046,1.0,0.985,0.9999990418673181,0.992266,0.9794278473525314,0.9797324686305744,1.0,1.0,0.6131732228637291,0.9998325374845236,1.0,0.9942975951924731,0.9999009283991975,0.99,0.9876716,0.9999877
5,239,1,0.9977350027737498,1.0,1.0,0.9999999421974252,0.9987588,0.9806663707189993,0.9802588754196615,1.0,1.0,0.8359974931989653,0.9999520722081925,0.99,0.9991234344620931,0.9969097745360671,1.0,0.99771714,0.99975806
5,242,1,0.999999999291318,1.0,0.995,0.9999941710991604,0.9987244,0.9802618982893397,0.9802572993131266,1.0,1.0,0.8089427110184381,0.9999464269462961,1.0,0.9984296428469102,0.999999999124862,1.0,0.9975586,0.99999887
5,246,1,0.9999999996379791,1.0,1.0,0.9933444240898539,0.9987702,0.9806664007248113,0.9802609709091131,1.0,1.0,0.8235397460670545,0.9999520722081925,1.0,0.9980286502730455,0.9999999996085327,1.0,0.9978023,0.9999997
5,256,0,0.011512530601131768,0.0,0.02,0.004796057356512836,0.005118047,0.028424479513700876,0.03024262836586573,0.0,5.991805026812285e-16,0.29603848054661375,0.00022294105207842433,0.015,0.01035665871121589,0.007847934186762294,0.05,0.005334945,4.1923566e-05
5,266,0,0.3407195518999467,0.0,0.09,0.2431719245148929,0.02839961,0.04093904548215344,0.033338280403995606,0.0,1.5127272951844009e-15,0.3411920407518549,0.0004861441574689622,0.105,0.17557277182669445,0.26138186125034757,0.08,0.02889136,0.07246523
5,273,0,0.5398549590201664,1.0,0.54,0.5417317600354898,0.27880284,0.837473880579417,0.09694781881142546,0.6,1.9900204561200222e-15,0.5213305525113052,0.18653634939618757,0.52,0.4750973902393589,0.4459986298111617,0.505,0.27985653,0.4216287
5,274,0,0.1699362090127122,0.0,0.13,0.05571315906221607,0.008348184,0.04539211388041466,0.03065990698805272,0.0,1.7606324976225638e-16,0.37110684695561985,0.00037900504648405876,0.17,0.09099938794533277,0.12352545979412771,0.11,0.008783018,0.0042126686
5,276,0,0.013010843796809883,0.0,0.27,0.009069352836608107,0.09473379,0.07765886821242286,0.04326211382635188,0.0,3.7847779946653554e-11,0.426571311466074,0.005894037765317477,0.08,0.09670349654914925,0.009661323854462752,0.255,0.08099912,0.0004485254
5,280,0,0.45684429124196735,0.0,0.245,0.4669381605380017,0.13324955,0.0946423189919446,0.0651529272899762,0.6,5.409562004534363e-10,0.3966755144697425,0.016315765567643775,0.39,0.32550800070944613,0.37995542013770633,0.185,0.113822885,0.10734385
5,286,0,0.015054245099281912,0.0,0.02,0.004139051858652561,0.0050297594,0.028420877775617748,0.03023215321685005,0.0,2.3041160115270696e-17,0.3194104501406616,0.0002250160433277161,0.025,0.011055764081931258,0.010672671975599282,0.005,0.0051235636,7.1996285e-05
5,287,0,0.06320201347526593,0.0,0.18,0.015466611772692785,0.02289919,0.05520198682175857,0.03249754422919763,0.2,2.8024038716357254e-16,0.41006888909843686,0.0004461106020566149,0.135,0.07039195380297388,0.043189082574515335,0.115,0.027071731,0.0052341716
5,289,0,0.00777882109968007,0.0,0.005,0.0008696183514836875,0.0023320585,0.02672052528813104,0.029905493589423106,0.0,2.6659080799388263e-18,0.2996422912036968,0.0002250160433277161,0.02,0.003995124488381234,0.005681327822369011,0.0,0.002546287,1.6198546e-05
5,301,0,0.0005776512181372442,0.0,0.0,0.00016612870574439953,0.0021180785,0.02617505601779874,0.029879588272703775,0.0,1.4328482348365027e-18,0.27829605897454723,0.0002250160433277161,0.0,0.0007154646124977752,0.00042355604853280674,0.0,0.0022130148,7.4528026e-07
5,311,0,0.004543047021949888,0.0,0.01,0.0011308162341768806,0.00762944,0.02727684804024023,0.03055024263194346,0.0,1.707169915655e-17,0.31743641774104603,0.0002473566880157404,0.0,0.005825825855545731,0.003250255102808693,0.005,0.007847742,3.1263928e-05
5,316,0,0.058070278310018895,0.0,0.015,0.01508536077682647,0.00522568,0.02788424213767076,0.030258281978764526,0.0,8.839115496362344e-17,0.3194825452039248,0.00016459981959648278,0.025,0.023345329731003155,0.0421904379062244,0.01,0.0043918486,0.0007506617
5,318,0,0.0009928145412977988,0.0,0.01,0.00018426745132586668,0.0038589786,0.02727367441420511,0.030089459001145624,0.0,3.4935582208207165e-18,0.34122616297404545,0.00026894973123903714,0.005,0.003759015154968316,0.0007002377542023968,0.005,0.004126997,1.8787404e-06
5,333,0,0.0038219799223013773,0.0,0.0,0.003959459107993814,0.0028485723,0.02617523637501465,0.02996774361318698,0.0,1.58451073997681e-17,0.3044499426976931,0.0003813864545939444,0.01,0.0026575028402111376,0.002907513623310447,0.005,0.0026820109,1.0821427e-05
5,334,0,0.03532846176672648,0.0,0.3,0.012293807429818214,0.15310866,0.0874566556301818,0.05446343282725605,0.0,2.90807854108324e-10,0.3914463899704902,0.0013374641750415923,0.085,0.12518273140073682,0.025537216004992595,0.29,0.13252816,0.0015031284
5,340,0,0.004602713679396982,0.0,0.005,0.0007688063674385127,0.0023556545,0.026720234544695808,0.02990847698613252,0.0,1.6348190843381703e-18,0.3235424575407795,0.00024616520914928596,0.01,0.0031817936344867826,0.00331050832397572,0.01,0.0024379105,1.4715513e-05
5,343,0,0.0012998539504051226,0.0,0.0,0.0006805005511102826,0.0038938054,0.02617548246788661,0.03009367962519367,0.0,1.851596884749127e-18,0.2846672816300648,0.00016514829876457205,0.0,0.0014685399841106875,0.000934135249107799,0.0,0.0033523983,3.913675e-06
5,345,0,0.004894485369835322,0.0,0.03,0.004577540711412085,0.009698377,0.029613855637283953,0.030804418823226477,0.0,1.0383157197065948e-17,0.40556594490798253,0.0005459387151351177,0.02,0.012292600768025536,0.0034076032517545694,0.015,0.010582205,4.5074838e-05
5,351,0,0.018269642266232317,0.0,0.065,0.008407664285833852,0.00426016,0.034189985354534956,0.030138338573329447,0.0,5.119981145915473e-16,0.35987100816275447,0.00034581736998593707,0.045,0.023984366645250162,0.012859998911876577,0.05,0.0046806894,0.00013403798
5,356,0,0.00024986494844798484,0.0,0.0,0.00018624138840743753,0.002209035,0.026174880189973812,0.029890514574862925,0.0,3.603163225553208e-19,0.25910531382676744,0.0002250160433277161,0.0,0.0006612853295153705,0.00018487946699078344,0.0,0.002360352,6.144593e-08
5,357,0,0.038237908680562316,0.0,0.025,0.017016369843493282,0.006846345,0.02930920098282002,0.030473176652577563,0.0,6.896934420853417e-16,0.39085643291522426,0.0003247877853549656,0.065,0.02177515588845673,0.025487092042732355,0.03,0.0071515627,0.0041507273
5,362,0,0.014283309312940959,0.0,0.005,0.004540196457899135,0.0053466856,0.026734207988488228,0.030270832347784257,0.0,1.0883287048487747e-16,0.3090812469997293,0.00020993679461962968,0.0,0.007292547854701143,0.009791108138689641,0.0,0.0059748245,8.41876e-05
5,366,0,0.009092956505436157,0.0,0.025,0.0027919474799368905,0.004860263,0.02901540730930891,0.030211100161228802,0.0,1.3100828283329166e-16,0.34848711826783446,0.00026894973123903714,0.01,0.010436291709383793,0.0061141068206899945,0.065,0.00506896,3.9139606e-05
5,367,0,0.00020937510870341468,0.0,0.0,0.00040084384044700866,0.002512264,0.026174898600028904,0.029926979669614804,0.0,4.936149620766051e-19,0.3295929160007206,0.0002517631108347672,0.0,0.0007806207536487232,0.00015357410431276135,0.0,0.0024113343,1.4337326e-07
5,368,0,0.003070814433740935,0.0,0.0,0.0012378380728249362,0.0020634986,0.026175339520544322,0.029873161885713703,0.0,7.547204723703342e-18,0.28882024968092834,0.0002250160433277161,0.0,0.001593037776505158,0.0022157289943816947,0.0,0.0023851662,3.5264547e-06
5,372,0,0.008907923648934097,0.0,0.0,0.0038838439439952293,0.002341568,0.02618227420327477,0.029907124933341092,0.0,5.3117225660021906e-17,0.3153089002786149,0.0002250160433277161,0.0,0.003783333899317315,0.006398086465993571,0.0,0.0026368003,0.000112846465
5,378,0,0.0027488820611051078,0.0,0.02,0.0006006306242432258,0.002267732,0.028419491747582633,0.029897664165167627,0.0,1.3529116820667054e-17,0.3782919538104635,0.00029673011790973475,0.005,0.006404311184370205,0.002001581437595036,0.025,0.0024878748,1.2420612e-05
5,390,0,0.01467928834663228,0.0,0.0,0.0025473695581415606,0.004241452,0.026190137465448477,0.030136207427914098,0.0,2.8578313164773254e-17,0.3351362486686471,0.00014968498499654323,0.01,0.005367027497872683,0.010196020658067345,0.005,0.004104246,0.00013760952
5,396,0,0.0005425462479181844,0.0,0.01,0.0002927535070505312,0.0020303647,0.02727347457180987,0.029869054044466367,0.0,6.934506039472985e-19,0.31310396214205,0.000358251819134766,0.005,0.0032164161145889344,0.00038966939284611256,0.0,0.0027107953,3.9875113e-07
5,399,0,0.0016572243037776611,0.0,0.01,0.0008003781955244771,0.005111408,0.027273637443887895,0.03024137430182674,0.0,4.1862543994050695e-18,0.3194139186843836,0.0002509270447050859,0.01,0.004392252613386986,0.0011776077292535408,0.005,0.005137205,2.129479e-06
5,7,1,0.99958869047552,0.0,0.92,0.9999985654210058,0.9919139,0.9735619687799242,0.9748861895872106,1.0,1.0,0.816347022060919,0.9998073483681734,0.935,0.9778752926442517,0.9994908018659258,0.93,0.98728824,0.9999985
5,12,1,0.9999976929025348,1.0,1.0,0.9999999650556619,0.9989945,0.9806823838298953,0.9755374828258064,1.0,1.0,0.8712268343115107,0.9999570076991224,1.0,0.9997480468013702,0.999997200854329,1.0,0.9982803,1.0
5,15,1,0.9999995199499965,1.0,1.0,0.999995187818634,0.998555,0.9806823838298953,0.9754975380072494,1.0,1.0,0.8326567298983464,0.999950687184355,1.0,0.9996374280913352,0.999999442921092,1.0,0.9975647,1.0
5,22,1,0.9999453520288272,1.0,0.985,0.9999972873589835,0.99795294,0.9795082835525555,0.9754427178574191,1.0,1.0,0.7093652020641188,0.9999301012126124,0.995,0.9957238943669111,0.9999373895741087,0.98,0.99686074,1.0
5,30,1,0.9953775041069802,1.0,1.0,0.9999972345844355,0.9973909,0.9806823838298953,0.975391418429847,1.0,1.0,0.6198714638708744,0.9999385664498389,1.0,0.9981914161439156,0.9943386272802137,1.0,0.99647707,0.99999845
5,53,1,0.9998713525574766,1.0,0.95,0.9999945253441058,0.97078687,0.9764904995456077,0.9728408977167002,1.0,1.0,0.6575946176220921,0.999801182938281,0.99,0.980163186856873,0.9998446292013204,0.94,0.944441,0.99999654
5,59,1,0.9999269051645382,1.0,1.0,0.9999997942979154,0.9985354,0.9806823838298953,0.9754957543394361,1.0,1.0,0.7309566234675947,0.9999474376276821,1.0,0.9996155235327582,0.9999022010575279,1.0,0.99763656,1.0
5,61,1,0.9999999114656454,0.0,0.895,0.991650617368393,0.99606174,0.9708529845652341,0.9752697394702633,1.0,1.0,0.7138734689351505,0.9984462228566992,0.95,0.9706780677849485,0.9999999162410617,0.94,0.9936832,1.0
5,64,1,0.998224021750936,1.0,1.0,0.9999999545867949,0.99736506,0.9806823308279372,0.975389074019061,1.0,0.007001284380420973,0.7541592404963922,0.9999571248032161,1.0,0.9988972584515363,0.9974628960338601,0.995,0.9949333,0.9999993
5,65,1,0.9792725544782681,1.0,0.9,0.9973541218956978,0.98690575,0.9714137613262206,0.9744153569853121,1.0,0.08303083602970285,0.6421709094432273,0.9998204003567093,0.88,0.965883107496621,0.9712154291495236,0.905,0.977773,0.9999641
5,75,1,0.9963775953236124,1.0,0.98,0.9999995485126841,0.99489,0.9791016014373249,0.9751619683905209,1.0,0.9691664317049313,0.7500607010212077,0.9999438440577214,0.955,0.9928167796076032,0.9947611757949509,0.975,0.98920476,0.99999636
5,81,1,0.9998449912815782,1.0,0.995,0.9999998161628327,0.9983699,0.9802985344343105,0.9754806938376878,1.0,1.0,0.706358561353712,0.9999474376276821,0.995,0.9983036700036122,0.9997863344679366,0.995,0.99744844,0.99999857
5,82,1,0.9674399523514209,1.0,0.975,0.9951844708124993,0.99608177,0.9786869571621742,0.9752715403452598,1.0,1.0,0.6041546821312087,0.9999295349851473,0.99,0.9834265481575801,0.9585724670308229,0.99,0.9940587,0.9999669
5,83,1,0.9958748682561395,1.0,0.97,0.9999987672000596,0.9917263,0.9782644003084124,0.974868688448314,1.0,1.0,0.6908595026683658,0.998931571634503,1.0,0.9893999786787318,0.994487629264966,0.975,0.98642504,0.99999255
5,97,1,0.9997331577423358,1.0,0.995,0.9999999705983582,0.998914,0.9802985267151804,0.9755301554604094,1.0,1.0,0.8073467589683566,0.9999570076991224,1.0,0.9984117829282215,0.9996479381555985,1.0,0.9982375,0.9999993
5,104,1,0.9896281048686605,1.0,1.0,0.9999929712921337,0.9977603,0.9806823346137961,0.9754251472991826,1.0,1.0,0.6364025621210659,0.9999385664498389,1.0,0.9968453430071785,0.9865180584780591,1.0,0.99668604,0.99999285
5,105,1,0.7641812566281969,1.0,0.74,0.9472929585276249,0.9149863,0.9462482329411971,0.9635930416762877,0.6,1.0,0.6165207431249996,0.9992524702361187,0.73,0.8416151318862989,0.7015530832535997,0.79,0.8726794,0.99382454
5,107,1,0.9999967851465577,1.0,0.995,0.9999976417965943,0.99895465,0.9802985344343105,0.9755338614856076,1.0,1.0,0.8396202352000028,0.9999570076991224,1.0,0.9984872701707703,0.9999960747425387,1.0,0.99825364,0.9999997
5,109,1,0.8076597010253536,1.0,1.0,0.8971817709187324,0.99719197,0.9804193409089956,0.9752848357432272,0.8,6.895607303047153e-05,0.6917002159648117,0.9999474376276821,0.98,0.925508359381018,0.7518519211176209,1.0,0.9956493,0.9852765
5,112,1,0.9987014822756298,1.0,0.99,0.999991250235348,0.9982895,0.9799072140566423,0.975473379977573,1.0,1.0,0.8091659367687228,0.9999500780705539,0.995,0.9967455645049647,0.9983207013696214,0.985,0.9972224,0.999998
5,114,1,0.9978962006332511,1.0,1.0,0.9999866772339089,0.99882776,0.9806823838298953,0.975522333592655,1.0,1.0,0.8275962012261224,0.9999570076991224,0.985,0.9991776583295906,0.9973253368775551,1.0,0.99803334,0.99999607
5,117,1,0.45767945080409195,1.0,0.77,0.5091452421780848,0.96665,0.4418004119034385,0.6140629558026078,0.4,1.0077746208530734e-14,0.6405490843736455,0.9956515091911775,0.385,0.6758686755343626,0.3720005883538985,0.74,0.9402853,0.05729343
5,119,1,0.9753150214663565,1.0,0.955,0.9999873127619783,0.9913311,0.9769437545391053,0.9748318202661393,1.0,3.10804456432918e-10,0.6357895639108327,0.9997485073182012,1.0,0.9804083586730505,0.9651606908880359,0.965,0.9854359,0.9999837
5,125,1,0.9918532838968744,1.0,0.99,0.9999964189155438,0.99727386,0.9799072140566423,0.9753807422795233,1.0,1.0,0.6240442896013374,0.9999385664498389,0.995,0.9947808912935816,0.9889994472834862,0.995,0.9962608,0.9999897
5,127,1,0.9999918812474587,1.0,1.0,0.9999966156753405,0.99893814,0.9806823838298953,0.9755323619137245,1.0,1.0,0.8441328882705224,0.9999570076991224,0.995,0.9997316600440314,0.9999906198515951,1.0,0.99830496,1.0
5,130,1,0.999999759299717,1.0,1.0,0.9971442896483589,0.9987148,0.9806823838298953,0.9755120682849117,1.0,1.0,0.8172617539190786,0.9999570076991224,1.0,0.9989647133993572,0.999999697579242,1.0,0.9978618,1.0
5,138,1,0.9911897004023618,1.0,0.98,0.9999979275817109,0.9968267,0.9790940803548043,0.9753398312118247,1.0,0.6705901484780115,0.6869103979197205,0.999950687184355,0.965,0.9920035840752189,0.9879966641856235,0.99,0.99521905,0.9999945
5,143,1,0.9999840921871946,1.0,0.995,0.9963845854595441,0.99810946,0.9802985344343105,0.9754569811759219,1.0,1.0,0.733075410256228,0.9999570076991224,1.0,0.9973695343809382,0.9999824639640681,1.0,0.9972607,0.9999999
5,150,1,0.5929101390277836,1.0,0.82,0.8907488019448404,0.96675783,0.9609460712868196,0.9724226660653674,1.0,1.0,0.6480244701284962,0.9764443236078209,0.755,0.817604193732574,0.5237611732417937,0.84,0.9510761,0.99289805
5,167,1,0.34577687876768637,1.0,0.485,0.8929640436702083,0.2788565,0.1841310768671306,0.7152807162575464,0.6,1.0,0.46230935809102786,0.008340258711427389,0.575,0.500649352129993,0.2740037077705916,0.475,0.24033889,0.9938849
5,180,1,0.9999951776169617,1.0,1.0,0.9999943959823245,0.99881494,0.9806823838298953,0.9755211691381518,1.0,1.0,0.8206505441721528,0.9999570076991224,1.0,0.9997011285129656,0.9999939811949922,1.0,0.9979888,1.0
5,190,1,0.9999925428570925,1.0,0.91,0.9970128101119863,0.9920289,0.9725090833411533,0.9748968992375279,1.0,1.0,0.7721922217203048,0.9998569421770664,0.99,0.9747585612523328,0.9999906126820295,0.905,0.98623925,0.99999994
5,192,1,0.9531143348028093,1.0,0.94,0.9918811782331416,0.96806765,0.9754863683982652,0.9725660850944223,1.0,1.6237678732816268e-09,0.620624272502483,0.9940106944221164,0.97,0.9632657897656405,0.9316254503092419,0.925,0.9364164,0.9997145
5,193,1,0.9999995448150956,1.0,0.98,0.9932184164518085,0.9979984,0.9791016014373249,0.9754468629825139,1.0,1.0,0.6756754700306137,0.9999301012126124,0.99,0.9928040944226755,0.9999994495962724,0.975,0.99698085,0.99999994
5,194,1,0.9998443051319743,1.0,0.975,0.999999980774815,0.99755484,0.9786870238566653,0.9754064039396939,1.0,1.0,0.7517847350348474,0.999903135220746,1.0,0.9930997811410421,0.999802058913806,0.99,0.9959753,0.9999998
5,195,1,0.999994798205045,1.0,0.995,0.9999966906597537,0.99846184,0.9802985344343105,0.9754885479062527,1.0,1.0,0.7802087351761569,0.9999474376276821,1.0,0.9983633328504312,0.9999935062955116,1.0,0.99734926,0.9999999
5,197,1,0.9999919518473168,1.0,0.995,0.9999988522286847,0.9983699,0.9802985344343105,0.9754806938376878,1.0,1.0,0.7026640500821821,0.9999474376276821,1.0,0.9983401691615098,0.9999894983494497,0.995,0.9974873,0.99999976
5,199,1,0.9998772730514375,1.0,0.995,0.9999999479008161,0.99729997,0.9802985344343105,0.9753831231057241,1.0,1.0,0.7914844481406221,0.9999674636240973,0.99,0.9980442975371433,0.9998305023426035,0.985,0.99491054,1.0
5,209,1,0.6063935390321004,1.0,0.84,0.6671409830514062,0.97154826,0.9573296270577984,0.9717313554768807,0.4,3.8595152326917716e-10,0.6272336223140673,0.9997052345362403,0.76,0.7712706953354442,0.5220811316811886,0.835,0.95086867,0.88725525
5,218,1,0.9300452196778947,1.0,0.98,0.9826880355040004,0.9933547,0.9789771046554139,0.9750197602834358,0.6,7.491200867317233e-12,0.7121620603098882,0.9998996773246087,0.95,0.9715219833339717,0.9005382655448174,0.985,0.98458695,0.9997409
5,222,1,0.9625121704549261,1.0,1.0,0.9939564727606139,0.9977603,0.9806823270420776,0.9754248706012443,1.0,1.0,0.6364025621210659,0.9999385664498389,1.0,0.988557234770865,0.9523219518289376,0.995,0.99668604,0.9999446
5,224,1,0.284624899939953,1.0,0.76,0.21627711977865963,0.94046116,0.422790911673718,0.565021875333808,0.2,4.8915667877032184e-14,0.5344579487549985,0.9928188208635187,0.485,0.5503407946177635,0.2192750490789991,0.74,0.91754997,0.02681229
5,230,1,0.9998736932260827,1.0,0.995,0.9999999593093792,0.998285,0.9802985344343105,0.9754729675601136,1.0,1.0,0.7802897937610223,0.9999701348915663,1.0,0.9982896620228349,0.999836034354665,1.0,0.99731797,0.9999997
5,231,1,0.9928876203309738,1.0,0.995,0.9999970306029673,0.99846184,0.9802985112769116,0.9754890585020111,1.0,1.0,0.7196495574846484,0.9999474376276821,0.995,0.9965866233677169,0.9905331755690238,1.0,0.99734926,0.99999315
5,234,1,0.9960101158612219,1.0,0.885,0.9952542293438683,0.9733001,0.9696955729248614,0.9730924212057852,1.0,1.0,0.6732596973407466,0.9999396139395,0.965,0.9623911111444885,0.9946573072733299,0.89,0.95139366,0.9999975
5,235,1,0.9999155671945109,1.0,0.99,0.9999999702351696,0.9987968,0.9799072140566423,0.9755195225614782,1.0,1.0,0.8175747788878004,0.9999570076991224,0.995,0.997178089517561,0.9998873036808771,0.98,0.99803334,1.0
5,241,1,0.9872214384398189,1.0,0.99,0.9959595263055744,0.99820423,0.9799070724086252,0.9754656042476788,1.0,0.42887147536676035,0.7799084329364494,0.999950687184355,0.925,0.9928462990019,0.9824524444214268,0.98,0.99687696,0.999976
5,243,1,0.9882468021500582,1.0,0.835,0.996315455705085,0.85673153,0.9632090143118468,0.9586912683635489,1.0,1.0,0.6354948530480168,0.9998924058405764,0.895,0.9190734479648386,0.9851273114778597,0.84,0.7747632,0.99995995
5,245,1,0.9999943134393957,1.0,1.0,0.9999990520634188,0.9983699,0.9806823838298953,0.9754806938376878,1.0,1.0,0.7115064582811126,0.9999474376276821,1.0,0.9995908095182131,0.9999923204336985,1.0,0.9974873,1.0
5,247,1,0.2639603110893083,1.0,0.715,0.3175983485911591,0.97264916,0.36361842050035653,0.6036193539496258,0.4,2.0652270931523576e-06,0.49531788884257677,0.9916921905390663,0.71,0.5673019541819347,0.2004690438923615,0.695,0.9537539,0.0029660258
5,251,0,0.0015147986303392143,0.0,0.0,0.0017471238444897138,0.0023886294,0.031100544829900125,0.03441722833650866,0.0,5.453415570919521e-18,0.33397488302935097,9.104114924588965e-05,0.005,0.0014126379596696719,0.0010945169478097049,0.005,0.0026045463,9.445185e-10
5,254,0,0.023768340820715307,0.0,0.04,0.010289241411027335,0.010076432,0.03632757745540653,0.035404724735554116,0.0,1.602709209961922e-16,0.3953336656995647,0.00014689864458785753,0.01,0.02103350344731969,0.016794978139531964,0.035,0.009713406,5.139048e-05
5,258,0,0.0827668984152896,0.0,0.01,0.02543098192869744,0.0037297336,0.03238391203188103,0.03470403805939263,0.0,2.0721939392090406e-16,0.37084535392863965,9.104114924588965e-05,0.05,0.03048190349561311,0.05883241568665774,0.03,0.0038716742,0.0005307625
5,259,0,0.037175916912387114,0.0,0.055,0.029340832731025432,0.009686263,0.03851382546677948,0.03539112805221321,0.0,6.793834895958441e-17,0.4009407326818451,0.0003022688665418325,0.01,0.03280075323038481,0.026513963466181952,0.03,0.012236496,0.0015315105
5,263,0,0.05176229912209339,0.0,0.03,0.02194137955141534,0.0107195005,0.034971586912082846,0.03551991571110809,0.0,5.748189566584522e-17,0.4382083834540178,0.0003249900780823139,0.015,0.028605794788897774,0.037345836303097776,0.035,0.01395075,0.0007513986
5,268,0,0.14374518059126104,0.0,0.225,0.08079935390004656,0.14432773,0.07367128053835853,0.05843516006997265,0.0,4.514195748720947e-08,0.4452161118358055,0.002779068633959841,0.235,0.1484680661079305,0.10979666513201179,0.235,0.10471522,0.001473663
5,272,0,0.008558768558901269,0.0,0.03,0.0041883514967373265,0.01309916,0.03494226497809577,0.03580039781429592,0.0,3.201712298495495e-17,0.36487574468301787,0.0001099356465716362,0.005,0.013961570025255988,0.005917965579427957,0.035,0.01552711,2.9234714e-05
5,278,0,0.014659943417256523,0.0,0.0,0.015853292042364887,0.0057053254,0.03110580346911151,0.03484129962586505,0.0,1.1323762975572165e-17,0.4071934402074032,0.00011820109517810299,0.005,0.009054640214553888,0.01055051531963785,0.0,0.0073796622,9.1865724e-05
5,279,0,0.001183214985059137,0.0,0.0,0.0006060807440776991,0.0037297336,0.031100565973449193,0.034587225978755354,0.0,4.849432406277405e-19,0.3255348591727344,9.104114924588965e-05,0.0,0.00137975734190056,0.0008392515053871483,0.0,0.0038564368,4.5423583e-08
5,291,0,0.005700873600195704,0.0,0.005,0.0017503824809787386,0.0024692817,0.03171146244134312,0.0344277049064057,0.0,3.471940634691712e-18,0.36070663724796415,9.104114924588965e-05,0.0,0.0037301344367888147,0.004025215903477864,0.0,0.0027604785,2.1561982e-06
5,296,0,0.005979297384045911,0.0,0.0,0.004439445031572802,0.0024692817,0.03110176564582629,0.034427810539713416,0.0,1.6017359123369293e-18,0.35379424905873774,9.104114924588965e-05,0.005,0.0032220060203998822,0.004300945523508278,0.0,0.0027604785,1.8622743e-05
5,302,0,0.07189617309056216,0.0,0.085,0.016503746514223316,0.010918573,0.043233464072502,0.035536683441289275,0.2,1.3533894506800835e-16,0.41257163454897783,0.00028818389114864697,0.06,0.046079623037459265,0.05290901101499069,0.07,0.013419464,0.00017788685
5,310,0,0.09731193580816892,0.0,0.035,0.0653699030916669,0.004286948,0.03593055536714635,0.03484813611995134,0.0,5.367188014797048e-16,0.42102512032852285,9.104114924588965e-05,0.035,0.05049219675641131,0.07065202408748657,0.015,0.0046308367,0.004427205
5,314,0,0.005907550870162762,0.0,0.02,0.0016360311355307852,0.004094621,0.033612578238134565,0.03463385461019372,0.0,2.316552250006643e-17,0.358413508725652,9.104114924588965e-05,0.0,0.007909550793070106,0.004265548608750835,0.015,0.004725309,3.0819203e-07
5,323,0,0.008295256068319528,0.0,0.015,0.0022578754081887956,0.004574279,0.03296681474262903,0.0346953584054581,0.0,1.5526062689313342e-17,0.34392596753873966,9.104114924588965e-05,0.01,0.0075318525779288865,0.0059054169946112225,0.025,0.0054129064,1.9070205e-07
5,326,0,0.018198376410354527,0.0,0.0,0.00491119531548907,0.002830035,0.031104351788530212,0.03447607200432274,0.0,8.456638828577542e-18,0.3979898119383127,9.104114924588965e-05,0.025,0.006484901694759291,0.013130947524670655,0.0,0.0032160317,4.3904143e-05
5,331,0,0.017264814024760287,0.0,0.005,0.004196104692634991,0.0042858715,0.03171236524985964,0.034660677530857074,0.0,9.328242553051806e-17,0.34277761490702513,9.104114924588965e-05,0.015,0.0076866975585771135,0.012397956316404241,0.005,0.0050029373,4.409671e-06
5,346,0,0.024182909175104027,0.0,0.17,0.03356092097959677,0.08786259,0.059716419314450264,0.047027525154572515,0.0,2.5344833298068275e-09,0.4211927184621218,0.004748736896062269,0.055,0.07890160465497864,0.018068681249730236,0.13,0.0734416,0.00014948007
5,355,0,0.03291191893468527,0.0,0.035,0.010354422328285647,0.0059089204,0.03562819667730099,0.03487063200273758,0.0,1.0211937888605171e-16,0.3806086972080953,9.104114924588965e-05,0.015,0.021043815423154474,0.023961395771081216,0.02,0.006189953,0.00010614409
5,359,0,0.006785001911286127,0.0,0.01,0.007502509941689074,0.004094621,0.0323329771659623,0.034633761157075366,0.0,8.782763644735769e-17,0.3188689080238738,9.104114924588965e-05,0.0,0.0070955332548905195,0.005059871432582137,0.0,0.004653484,1.3152832e-07
5,361,0,0.05929798958945246,0.0,0.015,0.03259955835984405,0.0052348175,0.033060546861763046,0.03505717628913681,0.0,2.1295154365382995e-16,0.37354086235569467,9.104114924588965e-05,0.02,0.028033091364476154,0.04167894236319434,0.01,0.005212378,0.0008410808
5,369,0,0.14925649050712358,0.0,0.01,0.08008238959386703,0.0025003965,0.032381074559366105,0.03451846016836349,0.2,1.710924032356963e-15,0.3596613374709052,9.104114924588965e-05,0.035,0.060459819138924356,0.11137601754707908,0.0,0.0027579174,0.0002153449
5,373,0,0.0181395337525214,0.0,0.01,0.0037554355953235505,0.0025003965,0.03233370800939519,0.03443255376927356,0.0,4.7153128261770914e-17,0.3694051822226459,9.104114924588965e-05,0.0,0.008598841450637934,0.012895264493698768,0.015,0.0027579174,2.868928e-06
5,374,0,0.0005906200724319352,0.0,0.0,0.00203748792668067,0.0057053254,0.03110054821054576,0.0348391213844245,0.0,5.455181289897117e-19,0.3200567259046791,0.00011820109517810299,0.0,0.0020833583494266864,0.00042279231574968515,0.005,0.007267785,2.5562723e-09
5,375,0,0.03989289235138485,0.0,0.0,0.01361940574926075,0.0023886294,0.031111042021099117,0.034428269956231945,0.0,2.2960739411005168e-17,0.34778051665673937,9.104114924588965e-05,0.01,0.01397523186612384,0.028563138879520184,0.0,0.0026045463,7.997337e-05
5,376,0,0.0011582296245792594,0.0,0.0,0.0005063705693902867,0.0035625834,0.031100543866628454,0.03456598985271402,0.0,4.555613720468545e-18,0.33397488302935097,9.104114924588965e-05,0.0,0.0013067958873006547,0.0008284070072139812,0.0,0.0036388224,7.4927337e-10
5,384,0,0.0293834055310598,0.0,0.04,0.04012838050638598,0.006635201,0.03632852927650866,0.034959770668261184,0.0,8.087957476729763e-16,0.3969280483449252,9.104114924588965e-05,0.04,0.029036746800258934,0.02144542358904892,0.025,0.0065300306,6.310337e-06
5,394,0,0.27885866203842,0.0,0.08,0.19472424552495782,0.005350438,0.042724913484398,0.03576809183171456,0.2,1.7166553621193908e-15,0.44081769554483646,9.104114924588965e-05,0.115,0.13973333637749885,0.21408608716756533,0.05,0.006255107,0.023411624
5,397,0,0.03354748033191231,0.0,0.01,0.010422545217857395,0.0053006047,0.03235013083592924,0.03481437269777519,0.0,1.1227849078564055e-17,0.371337559183431,9.104114924588965e-05,0.015,0.014817657572016196,0.02375643295731358,0.01,0.005599597,0.00035149348
5,398,0,0.0056911043994116615,0.0,0.0,0.004332895149014856,0.0041730157,0.03110224090371273,0.034643794917981016,0.0,1.670796328198767e-17,0.3396946275782554,8.467475348753262e-05,0.005,0.003549253814598235,0.004047695908821465,0.0,0.0043417513,1.2636326e-05
5,8,1,0.9999892214688086,1.0,1.0,0.9999999646007275,0.9990902,0.9841560492876578,0.9806211416153309,1.0,1.0,0.8253884287779014,0.9999065817103,1.0,0.9997698451929211,0.9999860934009188,1.0,0.99865687,0.9999995
5,10,1,0.9999985417935585,1.0,1.0,0.9999967016623968,0.99910516,0.984156059310473,0.9806221787644831,1.0,1.0,0.8232607367813379,0.9999065817103,1.0,0.9997750997309857,0.9999983235521716,1.0,0.9986951,1.0
5,11,1,0.9999997354894172,1.0,1.0,0.9999986997564969,0.99877733,0.984156059310473,0.9805984074335632,1.0,1.0,0.8206756601242197,0.9999065817103,1.0,0.9996939412919091,0.9999996823625245,1.0,0.998085,0.9999998
5,21,1,1.0,1.0,0.995,0.9905311227340621,0.9983254,0.9838462420229183,0.9805656006333608,1.0,1.0,0.6814022932105076,0.999893086868415,1.0,0.9959641325597743,1.0,1.0,0.9973763,1.0
5,23,1,0.9803327084267347,1.0,0.995,0.9999841609645282,0.99570316,0.9838461058145634,0.9803679208248439,1.0,2.9728899833701238e-05,0.6447570016276157,0.9996293560310048,0.99,0.9927550075385124,0.9726882724503001,0.995,0.9935133,0.99875873
5,34,1,0.9966447568513898,1.0,1.0,0.9999965084070439,0.9987392,0.9841560426057775,0.9805952228588133,1.0,1.0,0.7177802734543827,0.999885593203192,1.0,0.998845112051875,0.9958081899372495,1.0,0.9980813,0.9999355
5,46,1,0.7727894204198746,1.0,0.93,0.8720342555017274,0.9941618,0.9792202256190661,0.979170995036475,1.0,2.557120932952719e-13,0.6849052740237113,0.9999337441388538,0.85,0.8922463651426243,0.7046530132504507,0.925,0.989617,0.9937892
5,48,1,0.999997739384902,1.0,0.92,0.9961388707013058,0.97983354,0.9784186983116903,0.9791739571639382,1.0,1.0,0.6950059931260065,0.987434500335918,1.0,0.9739925383467092,0.999996435009092,0.935,0.97001946,1.0
5,56,1,0.9999999194891829,1.0,1.0,0.9964086213155233,0.9987686,0.984156059310473,0.9805977915498818,1.0,1.0,0.7993113368003432,0.9999065817103,1.0,0.9987942921120728,0.9999999140224015,1.0,0.99806076,1.0
5,69,1,0.4106958620544437,1.0,0.725,0.9856718906182698,0.92929745,0.9546245935786042,0.9747393642092448,1.0,1.0,0.523882913926276,0.9984781005720763,0.68,0.7626662999693259,0.3550418657593443,0.76,0.88948333,0.99901986
5,70,1,0.9757307314834361,1.0,0.84,0.996083007085297,0.9650271,0.9706656671480838,0.9779877360151731,1.0,1.0,0.5881078675513876,0.9990195395392888,0.95,0.9442102081140156,0.970279895295273,0.885,0.8926012,0.999986
5,72,1,0.9999990212512728,1.0,1.0,0.9999996777205402,0.9990902,0.984156059310473,0.9806211416153309,1.0,1.0,0.8414167924208736,0.9999196707256431,1.0,0.9997722234184904,0.9999988392936768,0.99,0.99865687,1.0
5,77,1,0.9999155558498042,1.0,1.0,0.9999999559970612,0.99885595,0.984156059310473,0.9806038754870119,1.0,1.0,0.8092494788574096,0.9999065817103,1.0,0.9996928650737615,0.9998903970409441,1.0,0.9981487,0.99999636
5,78,1,0.9974660001830529,1.0,0.995,0.999998888239465,0.9972308,0.9838461909449177,0.9804854647158556,1.0,1.0,0.6704861157696617,0.9998883981412865,1.0,0.9974239290577245,0.9966654513377761,0.995,0.99494153,0.9999369
5,80,1,0.9999358643196649,1.0,0.99,0.9999998936702058,0.996414,0.9835304678559238,0.9804256958901905,1.0,1.0,0.7208110759322803,0.9998325419356958,1.0,0.9965874409365622,0.9999139148993702,1.0,0.99434185,0.9999985
5,88,1,0.9999972596457465,1.0,1.0,0.999996773644388,0.9988674,0.984156059310473,0.9806049771810229,1.0,1.0,0.775241605767766,0.9998855904616051,1.0,0.9997153564575281,0.9999965346314366,1.0,0.998387,1.0
5,96,1,0.999130464741167,1.0,1.0,0.9999999907998547,0.998879,0.984156059310473,0.9806055297888301,1.0,1.0,0.8013616895699408,0.9999265814005935,1.0,0.9995023677466828,0.9988046494470095,0.995,0.9982551,0.999932
5,101,1,0.9994875802462281,1.0,0.995,0.9999999607721967,0.99872833,0.9838461568928288,0.9805946863512292,1.0,1.0,0.7987732106793222,0.9999065839489222,1.0,0.9983039689805354,0.9993082518936736,0.995,0.99817216,0.9999904
5,102,1,0.8574786043035526,1.0,0.77,0.9565200259519608,0.9122227,0.9617079768010697,0.9729790224031634,1.0,5.129385556718221e-10,0.5780092480400808,0.999739863941129,0.825,0.8740553284213078,0.8132374512593008,0.735,0.8720253,0.9983456
5,106,1,0.9999924035525134,1.0,0.995,0.999999436304531,0.9983096,0.9838462420229183,0.9805644518966058,1.0,1.0,0.6772128008116775,0.999893086868415,1.0,0.9983253630328036,0.9999896702471556,1.0,0.99733067,0.99999917
5,110,1,0.9443477697787488,1.0,0.98,0.993344960633353,0.9953218,0.9828772012100704,0.9802663691889836,0.6,8.614761379559347e-10,0.7217644369814228,0.9999497486646224,0.955,0.9782536351644039,0.918443498878424,0.985,0.99275804,0.99880195
5,111,1,0.9999999338741398,1.0,1.0,0.9999992432560775,0.99875987,0.984156059310473,0.9805971553689079,1.0,1.0,0.8023785478604727,0.9999065817103,1.0,0.9996897607227551,0.9999999218352716,1.0,0.9980381,1.0
5,113,1,0.9796053689629918,1.0,0.985,0.9999932454575297,0.9952459,0.9832085873661617,0.9803356141915187,0.8,1.0,0.648115112407156,0.9996293560310048,0.985,0.9899611220871479,0.9723039719653341,1.0,0.9929188,0.9895862
5,116,1,0.9998284297004648,1.0,0.945,0.9999978567982096,0.9863777,0.9804015659783353,0.9796774004440791,1.0,1.0,0.7467331374253335,0.999155944129239,0.995,0.9828010006407819,0.9997786564621401,0.97,0.97038245,0.9999998
5,120,1,0.8651021254947328,1.0,0.955,0.9901939450176745,0.99429375,0.9786860313388607,0.9801997838242302,1.0,1.0,0.6125558547077481,0.9996029988175177,0.91,0.9511474549612088,0.8274669648855406,0.965,0.99131596,0.9583229
5,121,1,0.9806783251263135,1.0,0.83,0.9965944087199288,0.9012728,0.9695238762927096,0.9720941790518292,1.0,1.0,0.6330996196602288,0.998316520281426,0.96,0.9271363768972295,0.9753700699294023,0.87,0.8211778,0.9994526
5,123,1,0.9947042116130829,1.0,0.905,0.999981808463021,0.9713327,0.9771361540757103,0.9785018290067373,1.0,1.0,0.6722409937269206,0.9993663120990096,0.935,0.9677546872347166,0.9929585438026312,0.915,0.9622909,0.99992204
5,129,1,0.9651094597510649,1.0,0.97,0.9940064354609179,0.9980343,0.9822053085333345,0.980543374947321,1.0,1.0,0.6718356265192995,0.999893086868415,0.96,0.9817875484079839,0.9521529288293057,0.97,0.99694,0.99976504
5,139,1,0.9998550370037265,1.0,1.0,0.9999999841428524,0.99877733,0.9841560492876578,0.980598108381947,1.0,1.0,0.7993113368003432,0.9999024847482755,1.0,0.9996580877670753,0.9998103254324843,1.0,0.998085,0.9999906
5,141,1,0.9999986313780178,1.0,0.995,0.999999958903405,0.99885595,0.9838462420229183,0.980604146548334,1.0,1.0,0.8001193882121022,0.9999065817103,1.0,0.998463634682401,0.9999982552800672,1.0,0.9981487,0.99999946
5,144,1,0.9999848671128497,1.0,1.0,0.9999995697470119,0.9985133,0.9841560292420087,0.9805792350489752,1.0,1.0,0.804001098793995,0.9999065839489222,0.995,0.9996244295513073,0.999979594160303,1.0,0.9975248,0.9999959
5,146,1,0.9998843033786995,1.0,0.945,0.9999942193180037,0.98447,0.9804015659783353,0.9795319465360632,1.0,1.0,0.7341693607249599,0.9985484990193516,0.995,0.9823371331251188,0.9998527558518623,0.95,0.97849107,0.99995214
5,147,1,0.9999999609059751,1.0,0.995,0.9999960821266353,0.99877733,0.9838462420229183,0.9805984273701769,1.0,1.0,0.8172032977706056,0.999915953396882,1.0,0.9984433432385832,0.9999999457367225,1.0,0.998085,1.0
5,156,1,0.9955246792645887,1.0,1.0,0.9999992128925955,0.9986046,0.984155788692274,0.9805856786638484,1.0,1.0,0.7433594059235051,0.999885593203192,1.0,0.9985321219545868,0.9940449521133944,1.0,0.99790466,0.99996656
5,157,1,0.9962808243087872,1.0,0.98,0.9999984060760526,0.99726653,0.9828806048589003,0.9804884364075324,1.0,1.0,0.6600437195965725,0.9996584658329932,0.985,0.99338644034386,0.9951664965631686,0.995,0.99610835,0.9999452
5,160,1,0.9986273531268568,1.0,0.96,0.9999846607807373,0.99719125,0.9815044045539478,0.9804829355690884,1.0,1.0,0.6763213861292914,0.9998386837254517,0.97,0.9889508160579609,0.9981589240111803,0.97,0.99519795,0.99998647
5,165,1,0.8453332825321291,1.0,0.925,0.9777510870164648,0.9608952,0.9785373786614362,0.9760859309214033,0.6,1.0,0.5139233634117379,0.9879447822080403,0.84,0.9272448875627008,0.799991475534683,0.93,0.944441,0.9130774
5,169,1,0.9999706331051438,1.0,1.0,0.9999999290559609,0.9974107,0.984156059310473,0.9804989160611952,1.0,1.0,0.7476010708186043,0.9998743560194293,1.0,0.9993453191968542,0.999962239184036,1.0,0.99623185,0.9999999
5,173,1,0.993978725513386,1.0,0.88,0.9955030117827356,0.98275626,0.9748313798562772,0.9794002385441002,1.0,1.0,0.6799241800683009,0.9999174663675522,0.945,0.9630594985883278,0.9917429428402683,0.89,0.97709787,0.99998003
5,178,1,0.9994885394500644,1.0,0.995,0.999989837962036,0.9969452,0.9838462045657334,0.9804649430404138,1.0,1.0,0.7227183062661496,0.9998757188542867,0.995,0.9978558949406793,0.9993500385329365,1.0,0.9961628,0.999941
5,187,1,0.9995972307552655,1.0,0.98,0.9999999605572285,0.99632734,0.9828806048589003,0.9804185832591084,1.0,1.0,0.7836016746394859,0.9998536397299497,1.0,0.9939811329788422,0.9994178681568713,0.98,0.993828,0.99999464
5,204,1,0.9999999800719086,1.0,1.0,0.999996164513567,0.9979534,0.984156059310473,0.980538529118705,1.0,1.0,0.7876838252751599,0.9998590444995777,1.0,0.9994873898756169,0.9999999788338421,1.0,0.9962327,1.0
5,205,1,0.9771067721375699,1.0,1.0,0.994555983147876,0.998367,0.9841559256724245,0.9805656188430929,1.0,1.0,0.6830017816797613,0.9998655468080658,0.99,0.9925074417081337,0.9690901890235087,1.0,0.9980008,0.9999083
5,212,1,0.9999998918643777,1.0,0.995,0.9967650689986354,0.9987802,0.9838462420229183,0.9805986311043596,1.0,1.0,0.8023785478604727,0.9999065817103,1.0,0.9976362879519212,0.9999998882496448,1.0,0.9980939,1.0
5,213,1,0.9999989845585513,1.0,1.0,0.9999999888411838,0.9988368,0.9841560559695353,0.9806026700543653,1.0,1.0,0.8179281906593096,0.9999065817103,1.0,0.9997089471892359,0.9999987941154189,1.0,0.9980944,0.99999887
5,229,1,0.9999998283559636,1.0,0.99,0.9942090948238639,0.9985814,0.9835304678559238,0.9805842095609196,1.0,1.0,0.7698297373535853,0.9999557034627653,1.0,0.9956975831585433,0.9999997715536322,0.995,0.99765563,1.0
5,232,1,0.997569705021572,1.0,1.0,0.9999941088186869,0.9986046,0.9841559256724245,0.9805857784108203,1.0,1.0,0.7478364522102072,0.999885593203192,1.0,0.9990421023753556,0.9967250710447024,1.0,0.99790466,0.999928
5,236,1,0.9991725889643418,1.0,1.0,0.9999998632512294,0.9983706,0.9841560459467179,0.9805688501470713,1.0,1.0,0.6849926507037062,0.999893086868415,1.0,0.9993857600103366,0.9988689090491841,1.0,0.9974516,0.9999916
5,248,1,0.9999902840583332,1.0,1.0,0.9999915455791699,0.9988261,0.984156059310473,0.9806019709787399,1.0,1.0,0.7734381889042874,0.9998855904616051,1.0,0.999701979039663,0.9999885495723495,1.0,0.998395,1.0
5,249,1,0.9999999999985096,1.0,1.0,0.9914662372938616,0.99875987,0.984156059310473,0.9805971713192093,1.0,1.0,0.8046979943020792,0.9999065817103,1.0,0.9975565257632937,0.9999999999984848,1.0,0.9980381,1.0
5,252,0,0.004235216715726754,0.0,0.01,0.0018767651917827098,0.0023209797,0.033491172934145316,0.032418124815568675,0.0,1.9777043814116196e-17,0.29729853260324335,0.00024284054112066333,0.01,0.004608240407338415,0.0030183715855471526,0.01,0.002373683,3.1096868e-05
5,260,0,0.055723450846469354,0.0,0.005,0.02172628603718806,0.0021293133,0.03288526950244349,0.03244316708418665,0.0,9.480135186855812e-17,0.3549688865409603,0.00024284054112066333,0.015,0.021144762546703774,0.039858516634032184,0.005,0.0023627563,0.0007777679
5,261,0,0.019082140144848356,0.0,0.02,0.004365202363837792,0.0091886,0.03479002761620701,0.03325380944564308,0.0,4.655553060855297e-17,0.4187752299511978,0.0009889596493595572,0.01,0.013158985598299047,0.013759196751648389,0.015,0.009899097,0.00012837417
5,262,0,0.05345309682991888,0.0,0.015,0.013880418447330591,0.008028701,0.03417567631461257,0.03316880427756967,0.0,1.838295256014398e-16,0.3703872955208205,0.0002603153031297842,0.025,0.02259055405625275,0.03702570712909948,0.025,0.0076586595,0.0006782766
5,267,0,0.022765766586997388,0.0,0.005,0.010227077322398331,0.0021939208,0.03286656309139041,0.03242354964735123,0.0,6.435440172540457e-17,0.34834992470616327,0.00024284054112066333,0.015,0.010046691172342248,0.015724470174239707,0.0,0.0023325246,0.00077812525
5,285,0,0.012961190970646366,0.0,0.015,0.006926158989236586,0.009565654,0.03413445565777018,0.03329992180084232,0.0,2.4909745396635643e-17,0.3536081200626564,0.0002603153031297842,0.035,0.01111325104265731,0.009095529120998628,0.01,0.0076586595,0.00012585995
5,294,0,0.047329747837961095,0.0,0.02,0.025929828180504495,0.004311059,0.03479976384514709,0.032671667533077535,0.0,3.288070674878463e-16,0.33389376927896314,0.0001822069709135184,0.005,0.024392658788602313,0.03343072542940526,0.02,0.0044436855,0.00022670376
5,299,0,0.01896929194168009,0.0,0.02,0.029434570394409436,0.00302614,0.034800046847426526,0.03251355115344877,0.0,1.148696288332741e-15,0.33033996359514595,0.00024284054112066333,0.015,0.017857500564632395,0.013638644422731926,0.01,0.0026027074,0.00010869816
5,303,0,0.0040033204267888875,0.0,0.045,0.0026164522007477587,0.00781255,0.03824861714206622,0.033082431098679616,0.0,2.220740271429463e-18,0.39060753783171204,0.0002705716203359465,0.01,0.014858080729738918,0.0028535215546835802,0.02,0.009877398,1.9407256e-05
5,307,0,0.0678613253448239,0.0,0.015,0.07352935340394637,0.0066234604,0.05357236339592979,0.03390577867148974,0.0,3.0858103320973353e-15,0.36182964541179025,0.00034693220238088786,0.04,0.040753534798580834,0.04883822769512048,0.02,0.006440921,0.015763456
5,313,0,0.01278013902568532,0.0,0.0,0.0026939680216406035,0.0029086412,0.032240559800044664,0.032489951031950064,0.0,2.3802757322173338e-17,0.3780275368127114,0.00034693220238088786,0.01,0.004595687071738529,0.00913308748141557,0.0,0.0030514202,5.546766e-05
5,321,0,0.08574154835189139,0.0,0.005,0.04156516776333449,0.0021665753,0.03330227290122048,0.034145898585836026,0.0,7.778083635722212e-16,0.3549688865409603,0.00024284054112066333,0.045,0.03361832285044082,0.06133121675284173,0.0,0.002424665,0.01610807
5,322,0,0.0581831895944862,0.0,0.17,0.04767270837315368,0.06061114,0.06108595485275611,0.0402069229365248,0.0,3.5106018881125827e-10,0.44104153521883377,0.0023517173568760597,0.16,0.08411675948764466,0.04430530345938971,0.185,0.0544606,0.00061929954
5,328,0,0.038699299532912554,0.0,0.325,0.051529878252413265,0.28552696,0.1071579729024281,0.09008978487775444,0.0,1.0191746141847474e-16,0.41568115770768255,0.03012747127952208,0.13,0.1751890347183766,0.027296837484897283,0.32,0.18834847,0.00036206504
5,338,0,0.00584802018959918,0.0,0.01,0.009967922744686742,0.0030882354,0.033491202592740216,0.03251075679204782,0.0,1.420329499583829e-16,0.33733439686330696,0.00024284054112066333,0.01,0.007226044580931793,0.004371049573496988,0.01,0.0026014822,2.4248713e-05
5,352,0,0.02962150589289983,0.0,0.0,0.006356249814629936,0.0020100493,0.03224188513299477,0.03239766660162601,0.0,6.727531857029969e-17,0.35512746253644917,0.00018938643453358288,0.0,0.009496951251483853,0.021527325520500948,0.0,0.00238345,0.00016172393
5,353,0,0.06462189457137431,0.0,0.01,0.09243849657179884,0.004193814,0.033988098002928194,0.032849380631343524,0.0,1.0233302012462263e-15,0.3536087257006351,0.00024284054112066333,0.06,0.04281355128721897,0.04829042129099537,0.005,0.0036546288,0.0018160443
5,354,0,0.0034182157020753385,0.0,0.0,0.002542377459616295,0.00434398,0.03224023484087859,0.03266174497776345,0.0,1.7949306697025306e-17,0.35342515072888364,0.00034693220238088786,0.0,0.0025761432884160197,0.002414220798136615,0.0,0.0042377785,4.6296303e-05
5,358,0,0.11145700337156896,1.0,0.165,0.08132738112276644,0.371741,0.061178892971098346,0.12664689614608188,0.0,1.8336066667974788e-15,0.46826258318457425,0.02694333797178415,0.095,0.18238134533298783,0.08001600145520847,0.14,0.2819139,0.05443735
5,363,0,0.0012101021427455999,0.0,0.04,0.0006638465812907127,0.007281001,0.037531096771303146,0.033016941876528136,0.0,6.902700300942935e-18,0.38150232960716673,0.00024284054112066333,0.005,0.012288737478905642,0.0008628397994678617,0.02,0.007469847,1.1601823e-06
5,365,0,0.07751380982345632,0.0,0.295,0.1497966595478739,0.14006269,0.09885709502774115,0.05389470449229225,0.0,1.8383926684969614e-15,0.39677836811961237,0.015500056577738494,0.095,0.1655932897881298,0.05467365369464244,0.305,0.11670147,0.00106248
5,371,0,0.0004255963618164725,0.0,0.0,0.0007774081131030147,0.0022617027,0.03224000889413395,0.032410828939828405,0.0,8.337912856224414e-18,0.3013318030404811,0.00024284054112066333,0.005,0.0008661767861759785,0.0003150870170411629,0.0,0.0023484118,3.1128238e-07
5,377,0,0.0935561520956952,0.0,0.005,0.02744590561696201,0.0032973206,0.0328992527260658,0.03287270761192853,0.0,1.6483807799228698e-16,0.37311185588886825,0.00034693220238088786,0.06,0.03232484456993216,0.0683464862080556,0.005,0.0033256758,0.0038425256
5,379,0,0.002492035844902976,0.0,0.0,0.001182981582659409,0.0061408356,0.032240092719193626,0.03287832767023665,0.0,1.5869185263969257e-17,0.3591161555645952,0.00024284054112066333,0.0,0.002453963252693094,0.0017640171566240365,0.0,0.0058776685,1.09598295e-05
5,380,0,0.03969573292786029,0.0,0.0,0.009620176660939428,0.006772785,0.03224707347417342,0.03313818733094964,0.0,1.9064681608268088e-16,0.4204855313163833,0.0002705716203359465,0.035,0.014022173642669084,0.02814144283594773,0.005,0.007929572,0.00088623626
5,383,0,0.024947863635216335,0.0,0.02,0.007845325108214875,0.0030179266,0.03479151252529691,0.032504560399141715,0.0,1.7107522561497632e-16,0.3674292989543842,0.00024284054112066333,0.015,0.013952778833021432,0.01778649694752356,0.005,0.0024630527,0.0004167203
5,385,0,0.007379483938448415,0.0,0.0,0.0014304578713856065,0.0027878813,0.03224017297235744,0.03247471321185743,0.0,7.944300325486345e-18,0.35158247513152824,0.00034693220238088786,0.005,0.002899455776956175,0.005326100313723971,0.0,0.0030125782,3.7289552e-05
5,386,0,0.0003413834238904161,0.0,0.0,0.0017430930037532026,0.002346194,0.032240008416476174,0.03242094187477396,0.0,1.584197492036168e-18,0.3121890776756188,0.00024284054112066333,0.0,0.0011076676360105777,0.0002471351558238658,0.0,0.0022640927,7.6642675e-07
5,391,0,0.0013210507318354157,0.0,0.0,0.0024256938593882563,0.0043978826,0.032240020465074785,0.03266749404956081,0.0,1.53232493095818e-18,0.33723999630833323,0.0002705716203359465,0.0,0.0020361568013771065,0.0009269534347668262,0.0,0.003915796,2.3258837e-05
5,393,0,0.01862593802016013,0.0,0.095,0.009237473172098384,0.016928915,0.046192573420486084,0.03422668423916855,0.0,8.023246948543396e-17,0.3936846759402015,0.0010767763123751435,0.025,0.034948081531663816,0.012996423549024177,0.1,0.014302107,0.0001560786
5,1,1,0.9936106709593564,1.0,0.96,0.99999554197054,0.9801313,0.9809033250944401,0.9787222914339304,1.0,1.0,0.6274781585749237,0.99972201507815,0.955,0.9834343852589558,0.9914856732471813,0.96,0.95768106,1.0
5,24,1,0.9999963501003541,1.0,1.0,0.9999999350003399,0.99885154,0.9835770238626674,0.9801052017513261,1.0,1.0,0.8082141250673704,0.9999305523534202,1.0,0.9997119557012905,0.9999954566870254,1.0,0.99830747,1.0
5,25,1,0.9667576960413254,1.0,0.885,0.9940556513152715,0.9564393,0.9746923744507582,0.9768372027503379,1.0,1.0,0.5516669514416966,0.9920732091124852,0.895,0.9505631659073331,0.9535645274261964,0.9,0.9187667,0.99996334
5,26,1,0.99769143233383,1.0,0.99,0.9999996301183647,0.9929363,0.9829451954989639,0.9796782766476437,1.0,1.0,0.7271474290733432,0.999888730442774,0.985,0.9951568439011269,0.9969020629810367,0.975,0.98781604,0.99999547
5,32,1,0.999987655380911,1.0,1.0,0.9999999975895802,0.99900705,0.9835770238626674,0.9801163056045428,1.0,1.0,0.8333490999598396,0.9999305523534202,1.0,0.9997486747982944,0.9999843000794796,1.0,0.9984181,0.99999976
5,37,1,0.9999205872763185,1.0,0.995,0.9999997256838359,0.99423665,0.9832640825839822,0.9797729034271145,1.0,1.0,0.6637135756659424,0.999750697980533,0.995,0.9972892402607219,0.9998906944732162,0.995,0.98909086,0.99999994
5,42,1,0.9998995636862867,1.0,0.96,0.9999999779380437,0.9896041,0.980903375278178,0.9794338695533104,1.0,1.0,0.717715799552421,0.9998324295122133,0.995,0.9873759142776188,0.9998668239874601,0.975,0.9824279,0.99999976
5,50,1,0.9994008893473129,1.0,0.99,0.999999404012899,0.9933862,0.9829452666083809,0.9797110765320309,1.0,1.0,0.6523573271917833,0.999750697980533,0.995,0.9956966255928225,0.9991940961726076,0.99,0.98818517,0.99999946
5,51,1,0.999983476432715,1.0,0.995,0.9999999786090178,0.9988813,0.9832640825839822,0.980107325955349,1.0,1.0,0.8082141250673704,0.9999305523534202,1.0,0.9984661838659858,0.9999791662819736,1.0,0.99835193,1.0
5,54,1,0.9999912738323296,1.0,0.995,0.9999999902773968,0.9971143,0.9832640825839822,0.9799807432062856,1.0,1.0,0.7456027872595284,0.9998326244282256,1.0,0.9980263912093926,0.9999895340207688,1.0,0.99549294,0.99999976
5,55,1,0.9999990568021168,1.0,1.0,0.9999996758941954,0.9990613,0.9835770238626674,0.9801200950267348,1.0,1.0,0.8361696997663521,0.9999305523534202,1.0,0.9997650047864362,0.9999988606905419,1.0,0.9984754,1.0
5,60,1,0.9896616080757343,1.0,1.0,0.9999939889959761,0.9985262,0.9835768327291077,0.980081948629603,1.0,1.0,0.688070288335211,0.9998724623983399,1.0,0.9970454531562485,0.9865086273254758,1.0,0.99773204,0.99999857
5,76,1,0.9999999699872963,1.0,0.99,0.9999962773789568,0.9989429,0.9829452815787474,0.9801117182605302,1.0,1.0,0.8256785012001121,0.9999305523534202,1.0,0.9972347897477905,0.9999999658852623,0.99,0.9982488,1.0
5,79,1,0.9981061817418612,1.0,0.975,0.9999993112123702,0.99257046,0.9819525748065514,0.9796514429983155,1.0,1.0,0.7420070211062889,0.9998175180576779,0.975,0.9914189881992284,0.9976480723620359,0.97,0.99069655,0.99998474
5,84,1,0.9999999989292934,1.0,1.0,0.9973987925858864,0.99900705,0.9835770238626674,0.9801163056045428,1.0,1.0,0.8159157620870654,0.9999305523534202,1.0,0.9991014594344666,0.9999999987389889,0.995,0.9984181,1.0
5,89,1,0.41472440973405666,1.0,0.805,0.2443026476250136,0.97153395,0.40534359741334064,0.5383585834486232,0.6,2.6768955291675685e-15,0.5815728343762117,0.9941127748896145,0.56,0.6088902528756486,0.33150343731247683,0.77,0.95343703,0.0041779205
5,126,1,0.9981971280108489,1.0,0.975,0.9999994735563492,0.99734443,0.9819526420658367,0.9799972697310136,1.0,1.0,0.7397726748053485,0.9999477055992717,0.99,0.99263525895713,0.9976841359266279,0.99,0.9955805,0.9999969
5,135,1,0.9608476603286361,1.0,0.905,0.9930838097841435,0.95693,0.9765182713947875,0.9768027649409781,0.8,1.0,0.6003528423209988,0.9997998338616746,0.91,0.9539653629553266,0.9476356190312308,0.92,0.91417783,0.9999925
5,136,1,0.9978819833311231,1.0,0.985,0.9999992277842618,0.98669237,0.9826204960372178,0.9792179222673643,1.0,1.0,0.6483464370038652,0.999750697980533,0.99,0.9923933950249018,0.9971715862265932,0.985,0.97398245,0.9999995
5,148,1,0.9999855603330765,1.0,1.0,0.9944383825171136,0.9984505,0.9835769264930141,0.9800765394745393,1.0,1.0,0.7133781752415097,0.999885826693342,1.0,0.9982186151261523,0.9999828932060905,1.0,0.99777645,1.0
5,153,1,0.9999999991644142,1.0,1.0,0.9957565898185918,0.99885154,0.9835770238626674,0.9801051931037311,1.0,1.0,0.8525651191930751,0.9999305523534202,1.0,0.9986520316718684,0.9999999990440123,1.0,0.99830747,0.9999995
5,154,1,0.9999999999970499,1.0,1.0,0.9963257879978037,0.9964616,0.9835770238626674,0.9799337836589052,1.0,1.0,0.8337603065087345,0.9998522354345981,1.0,0.9981968395644406,0.9999999999968838,1.0,0.9939626,1.0
5,158,1,0.9999317975331292,1.0,1.0,0.9999999105160708,0.9980872,0.9835770238626674,0.9800505172728736,1.0,1.0,0.7068339110440065,0.9999305523534202,1.0,0.9995047338484282,0.9999137743197215,1.0,0.9973068,0.99999976
5,159,1,0.9999770407782128,1.0,0.995,0.9999994886957825,0.99875057,0.9832640752363375,0.9800978850595455,1.0,1.0,0.8278191924429068,0.9999320357944151,0.99,0.9984317742275534,0.999969540382513,0.995,0.9980896,0.9999999
5,161,1,0.9998299494353075,1.0,0.96,0.9999966795298842,0.99162066,0.9809033460043466,0.9795817127604697,1.0,1.0,0.7846441955657016,0.9994601325929925,0.99,0.9878618221983444,0.9997999079550038,0.98,0.9895784,0.9999957
5,164,1,0.33894292287387734,1.0,0.68,0.3512802624899674,0.88783646,0.2929157232699055,0.4430142209087471,0.0,1.661499447238115e-14,0.46033888577117515,0.9981480135389253,0.66,0.5645149104156681,0.27160884136892827,0.735,0.82125694,0.000121227975
5,166,1,0.9066941482293075,1.0,0.99,0.9541744320091587,0.9959311,0.982944053965813,0.9798630871758567,0.6,0.649455117654346,0.6382374956506552,0.9998724623983399,0.915,0.9616999172907186,0.8744610161311018,0.985,0.9940772,0.99982435
5,171,1,0.9999990215378897,1.0,0.995,0.9999992280673974,0.9984829,0.9832640825839822,0.9800788542349341,1.0,1.0,0.6920866516604746,0.9999305523534202,1.0,0.9983702831454547,0.9999986779661209,1.0,0.9974827,1.0
5,174,1,0.9658643828483026,1.0,0.96,0.9951266257213776,0.9880421,0.9809032498185909,0.9793181428622412,1.0,1.0,0.6247505672007568,0.999750697980533,0.955,0.9772582811837103,0.9547043731081312,0.96,0.9772728,0.9999971
5,175,1,0.9999502848636517,1.0,0.94,0.9999945138361542,0.99650276,0.9794108033067505,0.9799367107213731,1.0,1.0,0.7276005080832877,0.9999376425810246,0.97,0.9841118889430637,0.9999352068697779,0.94,0.99490273,1.0
5,177,1,0.9956026630355609,1.0,0.975,0.9999937963679539,0.9949734,0.9819525075470201,0.979826247471768,1.0,1.0,0.7218909977302941,0.9997824160193123,0.965,0.9913924701250791,0.9944327754725918,0.965,0.9921266,0.9999983
5,179,1,0.9993830822339362,1.0,1.0,0.9999999768527876,0.9990613,0.9835770238626674,0.9801201598360118,1.0,1.0,0.8011484960635679,0.9999305523534202,1.0,0.9996110863840391,0.9992002573170352,1.0,0.9984754,1.0
5,182,1,0.6875029099061116,0.0,0.435,0.7767102366335247,0.26694953,0.1575085308550899,0.19097409727002995,0.6,3.7745262999681544e-14,0.4636932803736206,0.2070887387771196,0.385,0.5415406702389588,0.602247583276636,0.5,0.19597319,0.42823425
5,184,1,0.9999980806099785,1.0,1.0,0.999999737664996,0.99880743,0.98357701665012,0.9801020512199885,1.0,1.0,0.8184688581626142,0.9999305523534202,1.0,0.9997013121355771,0.999997710846213,1.0,0.99830747,0.9999999
5,188,1,0.8023172272016719,1.0,0.955,0.8748968373301272,0.98599315,0.9805227024381279,0.9791247684299343,0.6,4.897666980630129e-06,0.615770380340357,0.999750697980533,0.895,0.9045518028570403,0.7450559647207265,0.955,0.97249854,0.99968755
5,191,1,0.9999998250592357,1.0,1.0,0.9999999741142436,0.99885154,0.9835770238626674,0.9801052017513261,1.0,1.0,0.8101199742575736,0.9999305523534202,1.0,0.9997128342194868,0.9999997857265943,1.0,0.99830747,1.0
5,196,1,0.9999999995451796,1.0,1.0,0.9999861559613272,0.99885154,0.9835770238626674,0.9801052017513261,1.0,1.0,0.8438690678219777,0.9999305523534202,1.0,0.9997094233027437,0.9999999994690334,1.0,0.99830747,1.0
5,198,1,0.9999961594905942,1.0,0.995,0.9942822456473939,0.9985221,0.9832640825839822,0.980081658876961,1.0,1.0,0.7215639703570025,0.9999305523534202,1.0,0.9969501269926955,0.9999950743020758,0.995,0.99754876,1.0
5,200,1,0.9864310429125723,1.0,0.96,0.9999846583036965,0.99259675,0.9809033585502798,0.9796535169389489,1.0,1.0,0.6342743578404929,0.9998522354345981,0.98,0.9847531116768241,0.9815600473777221,0.98,0.9851827,0.9999994
5,201,1,0.9997489376197914,1.0,1.0,0.9999999495840175,0.998264,0.98357701665012,0.9800631913599946,1.0,1.0,0.6859233405786955,0.9999305523534202,1.0,0.9995032254811814,0.999665436157646,1.0,0.9973775,0.99999994
5,203,1,0.999641187039701,1.0,0.995,0.999999926770581,0.99360013,0.9832640752363375,0.9797266459868641,1.0,1.0,0.6637135756659424,0.999750697980533,1.0,0.9970603109728646,0.999522429595825,0.995,0.988374,0.9999999
5,208,1,0.9797717191436496,1.0,0.965,0.996425861207121,0.99760914,0.9812582422091264,0.9800161891719661,1.0,1.0,0.718627189395601,0.9999305523534202,0.97,0.984701679709885,0.9732649889747804,0.98,0.99619544,0.9999986
5,210,1,0.9999999976916527,1.0,1.0,0.9999979369970742,0.99900705,0.9835770238626674,0.9801163056045428,1.0,1.0,0.8258474258219588,0.9999305523534202,1.0,0.9997512452278534,0.9999999972718661,1.0,0.9984181,1.0
5,211,1,0.9703290236006393,1.0,0.98,0.999986028614231,0.99691135,0.9822687022255775,0.9799505799145638,1.0,2.9677681486674915e-07,0.7154964499669828,0.999785072430575,0.985,0.9868065997818136,0.9586922326783922,0.995,0.9943663,0.9999986
5,215,1,0.999579560702366,1.0,1.0,0.9999999497011052,0.9989827,0.98357701665012,0.9801145479560547,1.0,1.0,0.7889887552470188,0.9999305184315238,1.0,0.9996405594827724,0.9994708632190937,0.995,0.9984067,1.0
5,219,1,0.9999834072660755,1.0,0.99,0.9999999925210094,0.9979323,0.9829452815787474,0.9800394418274014,1.0,1.0,0.7631366576123594,0.9999477055992717,1.0,0.9969789286649566,0.9999780504135504,1.0,0.9966294,0.9999999
5,226,1,0.9999999986952353,1.0,1.0,0.9999952154631082,0.99657625,0.9835770238626674,0.9799420418684793,1.0,1.0,0.8337603065087345,0.9998522354345981,1.0,0.9991428659394501,0.999999998448212,1.0,0.9939626,1.0
5,228,1,0.9767524303683462,1.0,1.0,0.9962275821074854,0.9985563,0.9835762989860748,0.9800840099411006,1.0,1.0,0.6920970766429547,0.9998724623983399,1.0,0.9928840820936817,0.9695005467456083,1.0,0.99777645,0.9999946
5,237,1,0.9998119248609427,1.0,1.0,0.9999999258687158,0.99904436,0.9835770130438451,0.9801189473407047,1.0,1.0,0.8258544616176573,0.9999338203428861,1.0,0.9997140523649937,0.9997687733851002,1.0,0.9985607,0.99999386
5,244,1,0.9999907528504576,1.0,1.0,0.9999999730838435,0.99885154,0.9835770238626674,0.9801052017513261,1.0,1.0,0.8184688581626142,0.9999305523534202,1.0,0.9997105659096922,0.9999887748802647,1.0,0.99830747,0.9999999
5,253,0,0.0033300742065434565,0.0,0.015,0.003286534403874161,0.0122994315,0.031241058279007115,0.03116790231264917,0.0,7.875288376502126e-18,0.3593866928219757,0.00044954628844073863,0.01,0.008479010024583879,0.002344282138050646,0.005,0.013461904,6.90506e-08
5,255,0,0.004178922768236062,0.0,0.005,0.0033478362878366415,0.004434384,0.030099916241349983,0.0303096115287881,0.0,1.2847929280506106e-17,0.32891370111587526,0.0001239385408122314,0.005,0.0042402857490060905,0.0029127723465484584,0.005,0.004928449,2.0920908e-07
5,264,0,0.23430260981189271,0.0,0.035,0.13554399184047677,0.0038634334,0.03374164644616329,0.030801490568431077,0.0,5.155184937692014e-16,0.34238799657142677,9.121583540472124e-05,0.065,0.10217750875708102,0.1775168901375106,0.03,0.0037295048,0.0006706776
5,270,0,0.01574462773699559,0.0,0.0,0.0026458592362500945,0.0023546943,0.02954467065396678,0.030087721823331772,0.0,2.0655534570345354e-17,0.3150369244192551,9.935513471205396e-05,0.015,0.005186295317695723,0.010944690283656265,0.0,0.0021521142,3.3895583e-06
5,271,0,0.042297684696631435,0.0,0.015,0.0156390665646707,0.0037367214,0.031241656255663018,0.030241231535784202,0.0,3.2646948498262194e-16,0.3210112729007556,9.575319139795401e-05,0.025,0.01916836815326122,0.029208743352986722,0.02,0.0041188975,1.2277898e-05
5,277,0,0.009545259585956062,0.0,0.015,0.0022031978834606124,0.006998664,0.031241266612324386,0.0305884051643312,0.0,5.599329596437627e-17,0.36442045358102904,0.0003604013486192651,0.02,0.008436780309397235,0.006715640059735234,0.01,0.0063251713,1.5649223e-06
5,281,0,0.001115889766498091,0.0,0.0,0.0008942532381841134,0.0044253226,0.029544592841943523,0.030308582604338666,0.0,1.0651875433160375e-17,0.3176617136396009,0.0001239385408122314,0.0,0.0016088664104110355,0.0007951333043813555,0.0,0.005030803,3.65595e-08
5,293,0,0.017251121381509082,0.0,0.02,0.009801839327662105,0.0054368507,0.03182726151252098,0.030418266112639068,0.0,9.835847636513766e-17,0.3622183494493234,0.0001239385408122314,0.015,0.013122452855218623,0.012518792178217907,0.02,0.0054095318,4.009018e-06
5,300,0,0.009884256470531535,0.0,0.0,0.002454203960320007,0.0018813494,0.029544593544654288,0.030035943505088775,0.0,1.140401938079196e-17,0.3194556076089921,9.575319139795401e-05,0.015,0.003554952449252447,0.007137788226928399,0.0,0.0020170903,4.614477e-07
5,304,0,0.18902611811888406,1.0,0.185,0.1107608113256309,0.024822872,0.05846773012381752,0.03324769272613949,0.0,1.8576723224237196e-15,0.36035079193055775,0.032243890072527676,0.075,0.12740245039414447,0.13654352196109512,0.15,0.018790992,0.0028707674
5,305,0,0.014093378772070125,0.0,0.015,0.004111097626332136,0.0069790496,0.03124105995407225,0.030584795525349113,0.0,3.557555371719237e-17,0.3793568495895624,0.0003604013486192651,0.005,0.010045881511872959,0.010238643169759221,0.005,0.008164226,2.4696902e-07
5,308,0,0.06276250441332214,0.0,0.02,0.016840238641447635,0.0074168635,0.03182792162822444,0.030651386119734704,0.0,4.2569371336587093e-16,0.35437861349144284,0.0003604013486192651,0.015,0.02675490162871588,0.04413007787832885,0.005,0.006630322,6.199709e-05
5,309,0,0.0021472811429969134,0.0,0.0,0.0014764349461431163,0.0093418695,0.02954459288946624,0.03084235930490938,0.0,4.953646071856386e-18,0.3999237385821063,0.00044954628844073863,0.005,0.003241396398099922,0.001580430446947695,0.0,0.012622429,3.7792038e-08
5,317,0,0.0752592535808165,0.0,0.01,0.009219868954838012,0.006921836,0.03066646205230728,0.030584775275285296,0.0,8.763261226495845e-17,0.4193285536036145,0.0005196872763562654,0.03,0.025350239677669754,0.055155960533205074,0.005,0.010379587,2.7134049e-05
5,320,0,0.001342724347777515,0.0,0.0,0.004516147500753277,0.0044253226,0.029544592857447538,0.03030857713079675,0.0,4.2066359866144875e-17,0.33498599302251225,0.0001239385408122314,0.005,0.0025710486213731823,0.0009910410425564824,0.0,0.005030803,9.6605895e-08
5,325,0,0.02347551245886385,0.0,0.0,0.017669556989185518,0.004464841,0.02954460724147163,0.030314124633785047,0.0,1.3729793985040336e-16,0.3416975810005104,0.00020910719957944083,0.005,0.011402477607539669,0.017163295237229856,0.005,0.0047302027,2.3822904e-05
5,327,0,0.002156905442325812,0.0,0.005,0.003974329064809046,0.002386553,0.030099916355666625,0.030089878088147216,0.0,6.438473236649267e-17,0.2883927981048979,9.575319139795401e-05,0.01,0.003379446871826128,0.0015011754125547245,0.005,0.002273013,1.680196e-07
5,329,0,0.006193195764672426,0.0,0.01,0.001124510735532403,0.0020540142,0.030665375738957643,0.030054643912475046,0.0,3.9200907199180415e-17,0.3127581607105874,9.575319139795401e-05,0.005,0.004842930185847588,0.004283351547675924,0.0,0.0021289294,1.4073887e-06
5,330,0,0.6088981971146653,1.0,0.475,0.5975933926938529,0.61747444,0.16169650244347084,0.25253353843297777,0.4,1.0791188255090942e-14,0.48837545806799715,0.4084026092328625,0.23,0.5747415066421168,0.5196420019396635,0.445,0.50631016,0.013545598
5,336,0,0.027740311146882066,0.0,0.045,0.005011621434127171,0.0076636695,0.034921129467799523,0.030659555301665312,0.0,6.137121084278818e-17,0.40191342816031955,0.0003604013486192651,0.025,0.02135390052782788,0.01999386637760665,0.025,0.008905721,1.8587555e-06
5,337,0,0.003319926096301803,0.0,0.0,0.0010936824862435527,0.002354776,0.029544592967445545,0.030086516269301422,0.0,3.6413703452978556e-18,0.3029146209355241,9.575319139795401e-05,0.005,0.0016920961509096213,0.002338864793516666,0.0,0.002264666,2.169244e-07
5,339,0,0.27925236168593465,0.0,0.025,0.08041297259790073,0.007375144,0.032473386086552945,0.030806152701784176,0.4,2.4854734958726587e-15,0.36374277937258626,0.0003604013486192651,0.105,0.09801011955446917,0.21428467039101404,0.015,0.0073376005,0.0009381554
5,342,0,0.006922568170957686,0.0,0.01,0.0036224702886379387,0.0053956723,0.03066534764994508,0.03041325348565345,0.0,1.584496553064033e-17,0.34995548465855125,0.0003604013486192651,0.005,0.006485177685915575,0.005062142903377135,0.005,0.006596736,8.435626e-07
5,344,0,0.03226860849660554,0.0,0.025,0.010068811076227369,0.0031070109,0.032424960011500775,0.030170199205573667,0.0,1.3023811984901552e-15,0.32994432857993167,9.575319139795401e-05,0.01,0.0176111076063446,0.02310636863155016,0.03,0.0034983682,3.0888914e-05
5,360,0,0.0025172128189016687,0.0,0.005,0.0024484457030566277,0.005569534,0.03009991624393485,0.030432050301784013,0.0,8.70413223592577e-18,0.3199673765518586,0.0003604013486192651,0.0,0.003883798108140157,0.001775562492606898,0.0,0.0052962396,2.1447813e-07
5,364,0,0.03403335137577657,0.0,0.025,0.009716909524336714,0.0073916037,0.03242431833315913,0.030635373810100047,0.0,3.0265670680525377e-16,0.35063049672309077,0.0003604013486192651,0.015,0.019035466140919253,0.023640928515360454,0.035,0.008698366,2.5825115e-05
5,370,0,0.014638381891544032,0.0,0.0,0.002187627292286158,0.006614158,0.029544597714630055,0.030545284377562643,0.0,1.9737494963998258e-17,0.37924742048759597,0.00044954628844073863,0.025,0.005860041778461677,0.010645387291804188,0.005,0.0100432,1.118818e-06
5,382,0,0.0005553462221286936,0.0,0.02,0.0032503161490749473,0.007819554,0.03182722254940982,0.030676117852028794,0.0,1.5977541509544576e-18,0.3298499303666182,0.0003604013486192651,0.0,0.007906304052095945,0.00039736784275475886,0.0,0.006839008,3.6771102e-09
5,389,0,0.0009652201625527976,0.0,0.0,0.0005924822534264483,0.0023564098,0.029544592827008727,0.030086650464024065,0.0,3.0326136911717228e-18,0.2871208896628265,9.121583540472124e-05,0.0,0.0009785280524247238,0.0006913408050349672,0.0,0.0022181724,1.2966654e-08
5,395,0,0.019810597701636335,0.0,0.0,0.006131859407823149,0.0024104088,0.029544618563565637,0.030092792289270726,0.0,3.484710008473982e-16,0.3160000500735296,9.575319139795401e-05,0.005,0.007088216479344479,0.014452877830528949,0.0,0.0022181724,4.0237687e-06
5,4,1,0.9991231269636687,1.0,0.995,0.9999999348085463,0.99881697,0.9848435657680953,0.9811289865942683,1.0,0.9999999999999982,0.8096479574522966,0.9999805473435331,0.98,0.9982350071956783,0.9987993254577037,1.0,0.99798006,0.9999989
5,13,1,0.9986613803273279,1.0,1.0,0.9999996960521488,0.99848586,0.9851315756767124,0.9811080556949103,1.0,1.0,0.7009630985631395,0.999962995504926,1.0,0.9992867348970619,0.9982021567138554,1.0,0.99725866,0.9999728
5,14,1,0.99999999970413,1.0,1.0,0.9999966469520212,0.9989089,0.9851323937151448,0.9811347927216352,1.0,1.0,0.8047171951654828,0.9999732816077371,1.0,0.9997263810072232,0.9999999996203135,1.0,0.99816847,1.0
5,19,1,0.9997482370704838,1.0,1.0,0.9999997292648932,0.9989241,0.9851323516826298,0.9811357527100455,1.0,1.0,0.8403998520256728,0.9999722626806019,0.99,0.9996680107231342,0.9996704698102582,0.995,0.99815327,0.9999996
5,20,1,0.9999998224839806,1.0,1.0,0.9999970323968227,0.9989089,0.9851323937151448,0.9811347927216352,1.0,1.0,0.8117085616203924,0.9999732816077371,1.0,0.9997264330633863,0.9999997791033419,1.0,0.99816847,0.9999999
5,31,1,0.999770826683599,1.0,1.0,0.999999953958564,0.9973604,0.9851323937151448,0.9810367391090195,1.0,1.0,0.7576394524810687,0.9999723043960085,0.99,0.9992827972370713,0.9996799868155376,0.995,0.99516785,0.99999946
5,36,1,0.9996210117374296,1.0,0.99,0.9999999438258004,0.99883896,0.9845490671034544,0.9811303718218752,1.0,1.0,0.8065165073786807,0.9999751471573223,1.0,0.9971149791719125,0.9994781369079432,1.0,0.998041,0.9999955
5,39,1,0.999991199152614,1.0,0.995,0.9999999565671248,0.9960085,0.9848433482892279,0.9809506022135513,1.0,1.0,0.7120330561301295,0.9999719921606379,1.0,0.9977499177694276,0.9999890980151566,1.0,0.9931115,0.99999964
5,40,1,0.9999841502258595,1.0,1.0,0.9999999799661543,0.99900913,0.9851322255843827,0.981141089328374,1.0,1.0,0.8376951644894067,0.9999732816077371,1.0,0.999748315644317,0.9999795045356097,1.0,0.9982767,0.99999994
5,44,1,0.9999997854542005,1.0,1.0,0.9999995481985839,0.9989089,0.985132384015344,0.9811347927216352,1.0,1.0,0.8117085616203924,0.9999732816077371,1.0,0.9997270527563815,0.9999997357648466,1.0,0.99816847,0.9999992
5,45,1,0.999969507859335,1.0,1.0,0.9999999838807038,0.9986455,0.9851323516826298,0.9811181490755875,1.0,1.0,0.7163325762549155,0.9999653710520177,1.0,0.9996537440468796,0.9999596176663849,1.0,0.9975503,0.99999976
5,47,1,0.99532335289028,1.0,0.9,0.999986633755277,0.97384554,0.9781784538076035,0.9794843370640823,1.0,1.0,0.6430233768642176,0.9997019978151097,0.945,0.9672888820306901,0.9937016328399922,0.865,0.95079106,0.99999726
5,52,1,0.991060320092069,1.0,0.97,0.9999941932797926,0.9961462,0.983314834303713,0.980959485059185,0.8,1.7075064950834063e-10,0.7379655675085951,0.9999537487901377,0.93,0.989300178864816,0.9874354989894448,0.975,0.9937158,0.99996537
5,57,1,0.9960929251593642,1.0,1.0,0.9999964831640047,0.9980677,0.9851305183044458,0.9810815090519521,1.0,1.0,0.6595278565331903,0.9999093488657221,1.0,0.9985392713360989,0.9950240252874765,1.0,0.99680316,0.9999956
5,58,1,0.9999374548763683,1.0,1.0,0.9999976133739377,0.9987698,0.9851323064167136,0.9811258947845469,1.0,1.0,0.7647548027544184,0.9999653710520177,1.0,0.9996762219966966,0.9999244014726688,1.0,0.9975586,0.9999999
5,68,1,0.9994886472619504,1.0,1.0,0.999999984462517,0.9986847,0.9851322643839554,0.9811206239296565,1.0,1.0,0.7813766321485515,0.9999732816077371,1.0,0.9995433340070522,0.9993232299337174,1.0,0.99774987,0.9999952
5,71,1,0.9999929561946329,1.0,1.0,0.9999982350907788,0.9978818,0.985132384015344,0.9810698127325083,1.0,1.0,0.7952392118279927,0.999971448709561,1.0,0.9994682552560072,0.9999906602730306,0.995,0.996126,0.9999974
5,73,1,0.9999999469684785,1.0,1.0,0.9999956565266963,0.99885404,0.9851323937151448,0.9811313288357525,1.0,1.0,0.8201161306702641,0.9999732816077371,1.0,0.9997124111486808,0.9999999311815154,1.0,0.9981432,1.0
5,85,1,0.9982897106786353,1.0,1.0,0.9999999258839654,0.9986847,0.9851323225831277,0.9811206282677616,1.0,0.999999999999952,0.7813766321485515,0.9999732816077371,1.0,0.9992435852165855,0.9976228332827736,1.0,0.99774987,0.9999907
5,86,1,0.8292126022018158,1.0,0.995,0.931165510379413,0.9961506,0.9847922513392491,0.9809553125885322,0.4,1.7187497694566602e-10,0.6313512294795016,0.9998969377275032,0.885,0.9378821813530861,0.7715348865487461,0.995,0.99428046,0.98612326
5,87,1,0.9999726542121549,1.0,0.995,0.9999998540917476,0.99692935,0.9848436514407447,0.9810093455285261,1.0,1.0,0.8376951644894067,0.9999732816077371,0.985,0.9979754639547522,0.9999649501847301,0.995,0.99549246,1.0
5,90,1,0.9999882360711777,1.0,0.975,0.9999996592976248,0.9919092,0.9836323884813875,0.9806875336669209,1.0,1.0,0.6810621946460083,0.9999699871269315,1.0,0.9917242753205866,0.999984975350429,0.985,0.98492277,1.0
5,94,1,0.9972496663084727,1.0,0.98,0.9999995444206603,0.99647623,0.9839434012401285,0.9809805090640936,1.0,1.6203404362379355e-08,0.732900801184542,0.9999460932545714,0.98,0.9934313609336641,0.9961124326187084,0.99,0.9943357,0.99998677
5,95,1,0.998595028184586,1.0,0.965,0.999999269437667,0.9925056,0.9829904985566287,0.9807260504773379,1.0,1.0,0.7052269595592913,0.9995109245181117,1.0,0.9890249769028548,0.9980300596188632,0.98,0.9893882,0.9999954
5,98,1,0.9999994087977333,1.0,1.0,0.9952717340888142,0.99857736,0.9851323937151448,0.9811138417562485,1.0,1.0,0.7275695271055036,0.9999653710520177,1.0,0.9984621248062622,0.9999991580849652,0.995,0.99748874,1.0
5,115,1,0.9850339743387261,1.0,0.955,0.9999951688963126,0.9896713,0.9823205260293951,0.9805423737233103,1.0,5.880204104326831e-13,0.7006637174461898,0.999917815486434,0.91,0.9824251082889613,0.9794569846670953,0.95,0.9804632,0.9999636
5,118,1,0.9996959556625687,1.0,1.0,0.9999999451892841,0.99837166,0.9851323452160786,0.9811008310447641,1.0,1.0,0.7582421082243435,0.999978029773366,1.0,0.9995168903903084,0.9995885272762713,1.0,0.99746007,0.9999998
5,128,1,0.9999999998229572,1.0,0.995,0.9922316249930574,0.99874496,0.9848436613260199,0.9811244368603931,1.0,1.0,0.8047171951654828,0.9999732816077371,1.0,0.996494147353906,0.9999999998514799,0.995,0.99799997,1.0
5,133,1,0.9982769757102616,0.0,0.89,0.9939373098254491,0.9968641,0.9773346639058251,0.9809049730002853,1.0,1.0,0.7847832335473651,0.9948750477272859,0.95,0.969769591491197,0.9979065020794965,0.91,0.99521023,1.0
5,140,1,0.9993645219814868,1.0,0.88,0.9999985443475777,0.98621875,0.9764531701346603,0.9803163327598715,1.0,1.0,0.5644277418146597,0.9996482967815353,0.925,0.9663954542014754,0.9992013329534044,0.88,0.9788473,1.0
5,142,1,0.9388347717344214,1.0,1.0,0.9957942527936321,0.9955812,0.9850964293582384,0.9809198419642077,1.0,1.0,0.5729065338806619,0.9998893270877313,0.955,0.9825525585469075,0.9200150554384142,1.0,0.9937004,0.9996082
5,145,1,0.9999999986117618,1.0,0.995,0.9929155321644045,0.9986858,0.9848436613260199,0.9811206743926637,1.0,1.0,0.8117085616203924,0.9999732816077371,1.0,0.9966503269908784,0.9999999985678569,0.995,0.9978975,1.0
5,151,1,0.998287212245332,1.0,0.995,0.9999991539153152,0.9975311,0.9848435525876452,0.9810475732878926,1.0,1.0,0.7272531504084406,0.9999653710520177,1.0,0.9977043705423514,0.9976435457449376,0.99,0.99518245,0.99999774
5,162,1,0.9898167636283028,1.0,0.965,0.9999966883548631,0.99606234,0.982990886109634,0.9809539552691929,0.6,1.4628373733554027e-06,0.6261885177599815,0.9999550514849755,0.9,0.9877189475838424,0.9849784107840491,0.975,0.9940177,0.9996379
5,170,1,0.9999979408735967,1.0,0.99,0.9999953504377123,0.9987361,0.984549409629241,0.9811238278906453,1.0,1.0,0.792751021448989,0.999971448709561,1.0,0.9971823437047117,0.9999974648575852,0.995,0.9979705,1.0
5,172,1,0.9999277960113758,1.0,0.98,0.9999996640244434,0.99517304,0.983943697685328,0.9808965599286227,1.0,1.0,0.7259393710058085,0.999971448709561,0.97,0.9937751242719934,0.9999011918394696,0.99,0.9923201,0.9999986
5,176,1,0.9999996679827879,1.0,1.0,0.9999997776238883,0.9982703,0.9851323937151448,0.9810944148233216,1.0,1.0,0.7221105266473367,0.999971448709561,0.99,0.9995674297038236,0.9999995052863511,1.0,0.99704844,1.0
5,181,1,0.995445209349981,1.0,0.945,0.994993409780091,0.9942971,0.9816353102741971,0.9808412772451242,0.8,1.0,0.6086633464890091,0.999965824989193,0.915,0.9824339265806519,0.9927244872752677,0.955,0.99223703,0.99999726
5,183,1,0.9435370910032237,1.0,1.0,0.9969003483306869,0.99457633,0.9850989376601408,0.9808526585230674,1.0,1.0,0.6415173385684815,0.9998706836432668,0.92,0.9837534435718047,0.9255263531346483,0.995,0.9920563,0.99932075
5,185,1,0.8423171991948966,1.0,0.88,0.9263362387092956,0.98350173,0.9764045423824308,0.9801219059364042,0.6,1.0520709772312642e-11,0.6557020758244783,0.9995989848416631,0.86,0.9080387925633969,0.7858903507745655,0.84,0.9686779,0.9888869
5,186,1,0.9889393976013908,1.0,0.78,0.9999942259268813,0.81862426,0.9655845624315178,0.9656489954352163,1.0,1.0,0.45234283413232124,0.20083352442447636,0.885,0.8968894703924135,0.9850925400781116,0.76,0.7859613,0.99999106
5,202,1,0.9948842745403581,1.0,0.99,0.9999996472122314,0.9969002,0.9845492450834724,0.9810074968337404,1.0,0.999809090557576,0.6241907138849073,0.9999577221622394,0.945,0.9954460306491002,0.9928282157623821,1.0,0.9952982,0.9999974
5,214,1,0.519580021931419,1.0,0.75,0.6956802942513365,0.84853846,0.7190693925995244,0.9451591360015249,0.2,5.920582280373588e-18,0.5448646336853131,0.9991394517318106,0.635,0.703449693632519,0.43912294484138786,0.785,0.76776177,0.66892654
5,217,1,0.9979042209918916,1.0,1.0,0.9999992879888547,0.9973604,0.9851323322829679,0.9810365169003352,1.0,0.08488319463741888,0.7576394524810687,0.9999732816077371,0.96,0.9988159793217171,0.9970583470549484,0.995,0.99516785,0.9999976
5,221,1,0.9798997221493516,1.0,0.985,0.9943888702084385,0.9983479,0.9842461105855584,0.9810993131681931,1.0,1.0,0.7220416029637629,0.9999109095858867,1.0,0.9894091177034765,0.972991407835871,0.99,0.9969842,0.9999398
5,225,1,0.999999996517208,1.0,1.0,0.9958593215044095,0.9988174,0.9851323937151448,0.9811290129554856,1.0,1.0,0.8031119783947506,0.999971448709561,1.0,0.9986691755661572,0.9999999959296331,1.0,0.99800366,1.0
5,227,1,0.9988275337893342,1.0,0.995,0.9999995681996411,0.9975877,0.9848433416989113,0.9810511531978673,1.0,1.0,0.8026424742655253,0.9999537487901377,1.0,0.9978536957014064,0.9984169925331822,1.0,0.9959144,0.9999957
5,233,1,0.9834911751896287,1.0,0.91,0.9961171578111055,0.9954764,0.9790014969225147,0.980916629691829,1.0,0.999999999999865,0.7529310524785879,0.9999668508914799,0.925,0.9712711894236988,0.9769674481773173,0.925,0.99254227,0.99999607
5,238,1,0.9999327192042249,1.0,1.0,0.9999811258590326,0.9986455,0.9851323646157237,0.9811180275926344,1.0,1.0,0.7163325762549155,0.9999653710520177,1.0,0.9996398323776842,0.9999167583091363,1.0,0.9975503,1.0
5,240,1,0.9990614606573321,1.0,1.0,0.9999993028776348,0.99886024,0.9851320574517478,0.9811317117655192,1.0,1.0,0.8376951644894067,0.9999732816077371,0.99,0.999480250879393,0.9987850496362706,0.995,0.99811816,0.99999505
5,250,0,0.06496853268044488,0.0,0.12,0.10890967223716702,0.054300882,0.05070131743464203,0.03920388518262403,0.0,1.2557794250789606e-18,0.4042302141434837,0.00044245531550489865,0.055,0.08704477170996423,0.04347186982003263,0.155,0.052295703,0.027418364
5,257,0,0.06743619001845863,0.0,0.02,0.03831294363617917,0.0035074912,0.03432641411955967,0.03309967200995517,0.0,3.255087131816805e-20,0.28520447462995646,0.00011204542280565782,0.02,0.032314156213950035,0.047818517181412036,0.025,0.0037540437,0.00031525618
5,265,0,0.06966257254933866,0.0,0.0,0.040349004990371105,0.001734303,0.03183873119355173,0.032913732082729415,0.0,3.467345441281134e-19,0.3450837285575542,0.00012031934403409507,0.005,0.027936470125244327,0.050159231323528855,0.0,0.0019478628,0.0006174102
5,269,0,0.007940651196069194,0.0,0.0,0.0025415055952717294,0.013425166,0.03181579020400823,0.03419858731759552,0.0,4.0380000825786555e-21,0.40248566835549665,0.0002818987177284581,0.01,0.005976830644670033,0.00552317196484305,0.0,0.012482409,1.5812044e-05
5,275,0,0.036409050178339335,0.0,0.1,0.02533198394958941,0.044569273,0.046316428965480425,0.03788823182089525,0.0,3.8524057070628375e-20,0.4621194803112903,0.000475116546313946,0.08,0.05157757666897226,0.02647038419351824,0.12,0.039586846,3.4167206e-05
5,282,0,0.132732779404274,0.0,0.005,0.06761524857977452,0.0033686755,0.03244482747925341,0.03308391788752612,0.0,1.0105981680893046e-19,0.3286155370330758,0.00011204542280565782,0.04,0.05217917586499716,0.09838046857278411,0.015,0.003907356,0.00043416017
5,283,0,0.020156530043004058,0.0,0.38,0.026176686065074124,0.16217473,0.12661361132874396,0.055560887659360104,0.0,5.628067078377418e-13,0.4579768158710076,0.002954862146566759,0.205,0.1471269869002686,0.014410062706235295,0.465,0.12137836,0.0004278829
5,284,0,0.0005861548114027711,0.0,0.0,0.001016828768525466,0.0054934463,0.03181570805017649,0.03331572019184609,0.0,1.3701212792722695e-22,0.3059078013040679,0.000261139090725599,0.005,0.0017741074582920864,0.0004160866882778073,0.0,0.0058237873,2.3858158e-07
5,288,0,0.02929340382237362,0.0,0.025,0.04938235971436182,0.011388982,0.03498187928865501,0.033974079137352294,0.0,1.0,0.32792910210037746,0.0004098768034572654,0.305,0.028766186312895035,0.020449672749671945,0.03,0.011670626,7.518967e-05
5,290,0,0.012390974045650888,0.0,0.0,0.0023033283349330916,0.0028988558,0.03181585142434411,0.0330317761888121,0.0,4.45750273276277e-21,0.33746756027914493,0.0001489928371409097,0.005,0.004398289553480173,0.00885304736810046,0.0,0.003400115,1.0580554e-05
5,292,0,0.02818521636581123,0.0,0.005,0.021498606863546998,0.0026312908,0.032428879069724005,0.033005733446821166,0.0,4.75224642615808e-20,0.3514010251585843,0.00012031934403409507,0.005,0.014328778511282215,0.019876226808404368,0.01,0.0030006345,0.0001365195
5,295,0,0.012263200486659404,0.0,0.13,0.014728508683781796,0.0710962,0.051772242558039736,0.04132935112901387,0.0,1.569699888899478e-14,0.3961694550729904,0.0026677974119224935,0.14,0.057021976485277306,0.008914172605568342,0.14,0.06426141,8.9997426e-05
5,297,0,0.005560819189332293,0.0,0.0,0.0024154248881095345,0.003310814,0.03181593315182875,0.03307669767896576,0.0,1.0,0.34735415263401465,0.0001489928371409097,0.26,0.0028217645279088955,0.004070360557934386,0.0,0.0040278574,1.3455717e-06
5,298,0,0.28158652442610604,0.0,0.02,0.2913029711259269,0.011388982,0.06080695852189763,0.03502787723463837,0.4,6.943628590244081e-19,0.358658290472746,0.0004098768034572654,0.13,0.15106961931671942,0.2161261430375423,0.02,0.011703136,0.08953365
5,306,0,0.020332025938334,0.0,0.0,0.01617238242191791,0.0062328386,0.03181601711534764,0.03339711063749832,0.0,5.29129703623839e-21,0.3953253485736798,0.0002747825196185447,0.005,0.010684311743075433,0.014839793713329339,0.0,0.006378331,2.1765016e-05
5,312,0,0.022209849467565657,0.0,0.35,0.024226827610777563,0.12603152,0.11419955321826036,0.04942970113474555,0.0,2.3611854081331407e-13,0.4009635822604881,0.002752203611202269,0.195,0.13061704876520652,0.016248533275872334,0.43,0.10323278,0.00017044395
5,315,0,0.10896309369307046,0.0,0.545,0.1271392702757043,0.2009036,0.21913090873773644,0.06381386920816637,0.0,6.540655146202665e-12,0.47145555091861807,0.011707729879557469,0.285,0.24550148961566018,0.07873190115746734,0.53,0.19406883,0.010987728
5,319,0,0.532693878169731,1.0,0.65,0.6426929570890522,0.8105865,0.9429986398299401,0.9622797584566745,0.6,4.030109214793289e-18,0.4940833111256164,0.5833915184393104,0.46,0.6589933368368898,0.43770388810277466,0.61,0.73845774,0.98478764
5,324,0,0.2763160723610705,1.0,0.425,0.25148968114124737,0.6414658,0.3000853768806765,0.39433285000373697,0.2,7.987034949448329e-18,0.4787977270530489,0.5545180974716574,0.24,0.3985678841553799,0.2108419728136285,0.445,0.536067,0.25439417
5,332,0,0.00106725180817863,0.0,0.0,0.0019065963142873687,0.001734303,0.03181571143468268,0.03290505409983197,0.0,1.851598173487585e-21,0.31510441235481734,0.00011230816906115429,0.0,0.0011770377709333824,0.00075397068557055,0.005,0.0019945693,4.5057735e-07
5,335,0,0.06198585625550193,0.0,0.005,0.03799982075909567,0.0026312908,0.03244435600065064,0.03300609398960102,0.0,7.874707882153497e-20,0.3345816523979322,0.00012031934403409507,0.025,0.026904241957592057,0.04436390132872635,0.015,0.0030006345,0.00020140875
5,341,0,0.022781422415125135,0.0,0.015,0.009325389739046746,0.0032105641,0.03367527491989347,0.03306668825939712,0.0,7.961222064554679e-20,0.33205551659619564,0.00012031934403409507,0.005,0.012579344074531897,0.01638353814460025,0.005,0.0039897496,4.9082533e-05
5,347,0,0.0003376563989845273,0.0,0.0,0.0006244342387090812,0.0034084886,0.0318157086623405,0.03308734133397751,0.0,2.4275003399720853e-22,0.3300079231100721,0.0001489928371409097,0.0,0.0010926448055939885,0.0002453007926877476,0.0,0.0042893155,4.962593e-08
5,348,0,0.016585672942643435,0.0,0.0,0.014001801804358279,0.0065326174,0.03181594343928685,0.033430658950916244,0.0,3.537276760829566e-20,0.3466615771968549,0.0001489928371409097,0.0,0.009280023031495409,0.011755722019977016,0.0,0.0057224412,4.129651e-05
5,349,0,0.0016404745441598845,0.0,0.0,0.0012226203644587455,0.0018498466,0.03181571137132893,0.03291760371701631,0.0,3.1077287967198497e-21,0.29926168410584136,0.00012031934403409507,0.0,0.001178235368445814,0.0011546465987568254,0.005,0.0019414722,6.9729595e-07
5,350,0,0.009827419060786253,0.0,0.07,0.005098718626768618,0.014085216,0.04140787079950384,0.03427359978235247,0.0,8.007898337002157e-21,0.3827666452807845,0.0001489928371409097,0.02,0.02475283853381647,0.006768018494045611,0.07,0.012116973,2.1946955e-05
5,381,0,0.0005877327015372699,0.0,0.0,0.0006844322224219147,0.001734303,0.03181570809559875,0.03290505210537092,0.0,2.8529221124664752e-22,0.28780869147667015,0.00012031934403409507,0.0,0.0007516169713066788,0.0004284837855988879,0.0,0.0019945693,1.140669e-07
5,387,0,0.003437123744685867,0.0,0.01,0.0022225723462207664,0.012287122,0.03304098084989804,0.034070483569874764,0.0,2.828770507428256e-21,0.36909711369253945,0.00013874741827418977,0.015,0.00698670457208896,0.002362761950771382,0.005,0.010996507,2.1244668e-06
5,388,0,0.00695571185164505,0.0,0.055,0.009242757950654256,0.013174008,0.03914111555293992,0.034170353195194965,0.0,5.88824373468767e-21,0.37659038242052495,0.0002818987177284581,0.015,0.0210931193622597,0.004840928397240789,0.055,0.012573667,2.7023063e-05
5,392,0,0.022097701968225643,0.0,0.005,0.007129554347980212,0.005599008,0.03242314752632389,0.03332747288201437,0.0,1.6122748517778492e-20,0.3569838576863199,0.000261139090725599,0.005,0.009956566064497083,0.016259449720400592,0.005,0.0059359013,3.166353e-05
6,3,1,0.9999999891886681,1.0,0.995,0.9999996380847888,0.99908066,0.9850149552032219,0.9822351939058713,1.0,1.0,0.820179111325918,0.9999754789600703,1.0,0.9985200713081103,0.9999999865528448,0.995,0.9985166,1.0
6,6,1,0.9999936287374079,1.0,0.97,0.9999985070422571,0.9977975,0.9835417244099446,0.9821525654728932,1.0,1.0,0.6904534059972681,0.999972634401173,0.965,0.9919474062364813,0.999991201055308,0.98,0.99630713,1.0
6,19,1,0.9996535516000287,1.0,0.995,0.999999853758987,0.9991001,0.9850149486770227,0.98223643860741,1.0,1.0,0.8658456418349127,0.9999758694476547,0.99,0.9984383736080492,0.9995401371942967,0.99,0.99856585,0.99999976
6,24,1,0.9999963855899054,1.0,1.0,0.9999999803991358,0.99908066,0.985293625196444,0.9822351939058713,1.0,1.0,0.8104754739637067,0.9999754789600703,1.0,0.9997692559870064,0.9999953181233527,1.0,0.9985166,1.0
6,31,1,0.9998005543390641,1.0,0.995,0.9999999956135441,0.9921611,0.9850149552032219,0.9817851243060703,1.0,1.0,0.7406785534139878,0.9999429844428102,0.995,0.9967404112737432,0.9997259366084101,0.995,0.98712313,1.0
6,44,1,0.9999998399452076,1.0,1.0,0.9999999247427374,0.9991001,0.985293625196444,0.9822364276423304,1.0,1.0,0.8296368602216027,0.9999754789600703,1.0,0.9997749634402815,0.9999998052666248,1.0,0.9984744,0.99999976
6,46,1,0.7708491411703674,1.0,0.88,0.8677778957370565,0.98323476,0.9769466685561052,0.9811411908590318,0.6,4.1951402291345486e-17,0.6641041260952365,0.9998934285098285,0.8,0.8754654500132177,0.7044046209862691,0.875,0.96641624,0.9981507
6,47,1,0.996624592869437,1.0,0.835,0.9999990244822615,0.9455973,0.9727708358797419,0.9784519464755127,1.0,1.0,0.6777657225810906,0.999706027210914,0.93,0.9443052270861089,0.9954953689912908,0.86,0.9389302,0.9999975
6,54,1,0.9999906311742416,1.0,1.0,0.999999993520949,0.99649256,0.9852936059764966,0.982068149133883,1.0,1.0,0.7684770247783173,0.9999020900517425,1.0,0.9991207973433457,0.9999885233902467,0.995,0.9933749,0.99999887
6,65,1,0.9705213851745376,1.0,0.85,0.9999812849158491,0.9741029,0.9742447171872997,0.9805562108109398,1.0,1.8921134709907872e-07,0.6932887667573885,0.9998233824522784,0.88,0.9486513961059325,0.9597865446042361,0.87,0.9692132,0.9999912
6,77,1,0.9999035898824797,1.0,1.0,0.9999999927087886,0.9991001,0.9852936155864733,0.9822364422624351,1.0,1.0,0.8386469448446033,0.9999754789600703,1.0,0.9997509179161124,0.999875660435082,1.0,0.9984268,0.99999976
6,78,1,0.9968230125237693,1.0,0.995,0.9999993929219425,0.99335444,0.9850149388877185,0.9818633399592288,1.0,1.0,0.6548126877331278,0.9999459006034715,1.0,0.9962942112952811,0.9958084084424739,0.975,0.9890871,0.9999995
6,96,1,0.9994184376963935,1.0,1.0,0.9999999964182383,0.99894625,0.985293625196444,0.9822265564423187,1.0,1.0,0.8217736448071244,0.9999758694476547,0.995,0.9995911708999119,0.9992071261063579,1.0,0.99810886,0.99999976
6,97,1,0.9998547260120049,1.0,1.0,0.9999999891245953,0.99908066,0.9852936091798229,0.9822351939058713,1.0,1.0,0.820179111325918,0.9999754789600703,1.0,0.9997338432738961,0.9998052064831455,1.0,0.9985166,0.99999964
6,100,1,0.9999069534455175,1.0,0.98,0.9999997101776489,0.99309665,0.9841473762362695,0.9818466162748227,1.0,1.0,0.7561981307213388,0.9997109701054948,0.99,0.9932508283174813,0.9998780053758235,0.995,0.98799604,1.0
6,107,1,0.9999941620879311,1.0,1.0,0.9999990052053982,0.9990476,0.985293625196444,0.9822330684380943,1.0,1.0,0.8376953064458528,0.9999754789600703,1.0,0.9997601861686158,0.9999926450755207,1.0,0.99826944,1.0
6,109,1,0.8818831517943913,1.0,1.0,0.9691296168889586,0.9979511,0.9852928179373435,0.9821604981008586,1.0,3.133279492841914e-10,0.6793609484406707,0.9999754789600703,0.985,0.9622409647547989,0.841617566363847,1.0,0.9960581,0.9999829
6,115,1,0.9853045136554182,1.0,0.93,0.9999958761966813,0.9909326,0.9808833791832938,0.9817040113287505,1.0,6.976862849684093e-13,0.6955469828653309,0.9997835092442833,0.935,0.9765582434152495,0.9796720448995855,0.945,0.9840776,0.9999976
6,117,1,0.5564230181555221,1.0,0.87,0.6309632031582766,0.980583,0.9711041403011954,0.9797477292220934,0.4,4.238059867433286e-18,0.545814398042932,0.9995359851697299,0.54,0.7594923083544582,0.4648700869434651,0.87,0.97200453,0.99528325
6,118,1,0.9997531455675761,1.0,1.0,0.9999999943208185,0.99874866,0.985293625196444,0.9822138513090549,1.0,1.0,0.7930489587924716,0.9999760941240747,1.0,0.999625449993995,0.9996663320939931,1.0,0.99773884,0.99999994
6,122,1,0.9999893739340716,1.0,1.0,0.9999985268753323,0.9987801,0.985293625196444,0.9822158460811775,1.0,1.0,0.705457020743623,0.9999754789600703,1.0,0.9996919931361965,0.9999871107282289,1.0,0.99815804,1.0
6,126,1,0.9975167671464518,1.0,0.985,0.9999993552183988,0.9981585,0.9844409603511961,0.9821758440944975,1.0,1.0,0.7635117368786826,0.999972634401173,0.995,0.9951686592161286,0.9968459457216864,0.995,0.9971982,0.99999636
6,130,1,0.9999994622770483,1.0,1.0,0.9999929786341333,0.99894625,0.985293625196444,0.9822265564423187,1.0,1.0,0.7642143548997413,0.9999754789600703,1.0,0.9997346725990494,0.9999993284192843,1.0,0.99798834,1.0
6,135,1,0.9591961628489375,1.0,0.915,0.9932371442893423,0.92441094,0.9797814194775469,0.9767442739695941,0.6,1.0,0.5869084317846262,0.9999761244093873,0.84,0.9479610615887234,0.9449875602102082,0.915,0.89362246,0.9999931
6,147,1,0.9999999735126419,1.0,1.0,0.9999994491665906,0.99908066,0.985293625196444,0.9822351939058713,1.0,1.0,0.8292458411119037,0.9999741571427153,1.0,0.9997700201595542,0.9999999649620889,1.0,0.9985378,1.0
6,148,1,0.9999947126260955,1.0,0.995,0.996757092964631,0.9987809,0.9850149552032219,0.9822132173768446,1.0,1.0,0.7721647319007902,0.9999719943668031,1.0,0.9976331779477838,0.9999932685212767,1.0,0.9982192,1.0
6,168,1,0.9999993856160667,1.0,1.0,0.9999994022172898,0.9991001,0.985293625196444,0.9822364422624351,1.0,1.0,0.8729664546941999,0.9999758694476547,1.0,0.9997747192266344,0.9999992749276544,1.0,0.99856585,1.0
6,171,1,0.9999994388159611,1.0,1.0,0.9999998644875969,0.9988059,0.985293625196444,0.982217531540696,1.0,1.0,0.7172416225495101,0.9999754789600703,1.0,0.999701295962532,0.9999992344323673,1.0,0.99804664,1.0
6,173,1,0.9927196955842269,1.0,0.925,0.9999894836659126,0.9563959,0.9805226608818917,0.9792714912213788,1.0,1.0,0.6733206962171332,0.9999754450227738,0.92,0.9685262758353697,0.9899679317002862,0.94,0.9457959,0.9999991
6,174,1,0.9567963465488608,1.0,0.98,0.9999890970370059,0.9857706,0.98414724862351,0.9813547686363103,1.0,1.0,0.605286903230256,0.9999459006034715,0.98,0.9806390066846594,0.9447962827811696,0.99,0.97403675,0.9999388
6,182,1,0.7113559383504416,1.0,0.475,0.8081062727551341,0.30871648,0.8997915644661495,0.8106173739146805,0.6,1.3105243728138791e-17,0.4504999248137138,0.8213531940453965,0.46,0.575794671767292,0.6267385463128675,0.455,0.2904517,0.9994043
6,183,1,0.9473050830187946,1.0,0.975,0.9966882214140281,0.9977991,0.9838472964612948,0.9821507634986398,0.8,1.0,0.7113422990761293,0.9999682125617643,0.925,0.9791981007311229,0.9309565914589467,0.985,0.99630713,0.9998396
6,186,1,0.9905246022243347,1.0,0.905,0.9999993690491463,0.9914288,0.9790126090776676,0.9817368206310795,1.0,1.0,0.5809998180853723,0.9984363986523659,0.91,0.9717381909375338,0.98741154579444,0.89,0.98496604,1.0
6,190,1,0.9999978243056852,1.0,0.925,0.9999934335597919,0.9972493,0.9805227959849335,0.9821171397237064,1.0,1.0,0.746233412376746,0.9999248224930769,0.99,0.9805601407784345,0.9999971574196768,0.945,0.9947925,1.0
6,199,1,0.9998895373045772,1.0,0.995,0.9999999461309101,0.9895634,0.9850149552032219,0.9816132889799528,1.0,1.0,0.7233333091225084,0.9999396250197173,1.0,0.9961132222373127,0.9998460580756265,0.985,0.98109734,0.99999964
6,201,1,0.9997909161687103,1.0,1.0,0.9999999812785701,0.9988059,0.985293625196444,0.9822174839756451,1.0,1.0,0.7400690803603029,0.9999754789600703,1.0,0.9996491944984626,0.9997237039070284,1.0,0.99815804,0.9999998
6,204,1,0.9999999841071783,1.0,0.995,0.9999997741013007,0.9938087,0.9850149421508206,0.9818932934535416,1.0,1.0,0.78943908822862,0.9999389990074068,1.0,0.9972021112354312,0.9999999814749488,0.995,0.98982036,1.0
6,205,1,0.9790025570627239,1.0,1.0,0.9959992432197832,0.9987809,0.9852933593183071,0.9822151532636139,1.0,1.0,0.7721647319007902,0.9999719943668031,1.0,0.993445676620729,0.9716844315209442,1.0,0.9982192,0.99999726
6,206,1,0.9990176704910322,1.0,0.975,0.9999998664876152,0.99479324,0.9838453394949654,0.9819576047704539,1.0,1.0,0.7415724466817488,0.9997549356363599,0.995,0.9922026933085732,0.9987817505812215,0.975,0.9898056,0.9999961
6,210,1,0.9999999969475781,1.0,1.0,0.9999992430752935,0.9991001,0.985293625196444,0.9822364422624351,1.0,1.0,0.8282438830093131,0.9999754789600703,1.0,0.9997748322740132,0.9999999964250885,1.0,0.9984268,1.0
6,215,1,0.999614126980475,1.0,1.0,0.9999999900699648,0.9989242,0.985293625196444,0.9822251388150728,1.0,1.0,0.8013856153556118,0.9999715167424091,1.0,0.9996345782042222,0.9994953170220813,1.0,0.9980439,0.99999964
6,219,1,0.9999736237449445,1.0,1.0,0.9999999889974459,0.9981585,0.985293625196444,0.9821758514290302,1.0,1.0,0.783189291525728,0.999972634401173,1.0,0.9995330318105137,0.999964797231662,1.0,0.9971982,0.99999976
6,220,1,0.9910278099473944,1.0,0.995,0.9999996787843555,0.9978441,0.9850149552032219,0.9821555551701556,1.0,1.6867201656011138e-07,0.7210695670239816,0.999972634401173,1.0,0.9959678971825561,0.9876458765344281,0.995,0.99630713,0.9999982
6,223,1,0.9999243961506772,1.0,0.955,0.9999998804033297,0.9922875,0.9825903583394877,0.9817934466566347,1.0,1.0,0.7015052755126076,0.9999076468415817,0.995,0.986802948286985,0.9999037900552024,0.965,0.9854565,0.9999998
6,225,1,0.9999999960072063,1.0,1.0,0.9999896247743739,0.99908066,0.985293625196444,0.9822351939058713,1.0,1.0,0.8303890516690114,0.9999754789600703,1.0,0.9997675696851411,0.9999999956052128,0.995,0.9985166,0.9999999
6,229,1,0.9999997048009505,1.0,1.0,0.9999924869447703,0.9989235,0.985293625196444,0.9822250928361141,1.0,1.0,0.7654840737496805,0.9999754789600703,0.995,0.999728918064108,0.9999996342771539,1.0,0.9980439,1.0
6,232,1,0.9972559515884788,1.0,1.0,0.9999986719365596,0.9989242,0.985293186334808,0.9822240050139779,1.0,1.0,0.8026709658671023,0.9999715167424091,1.0,0.9990447048228718,0.9963362265740675,1.0,0.9980439,0.99999315
6,235,1,0.9999393147845135,1.0,0.975,0.9999999966785895,0.99894625,0.9838473421327693,0.9822265564423187,1.0,1.0,0.8013856153556118,0.9999754789600703,0.995,0.9934713902370298,0.9999203099994661,0.985,0.9980439,0.9999998
6,240,1,0.9989597418026789,1.0,1.0,0.9999995807363076,0.9991001,0.9852936059764966,0.9822364130222143,1.0,1.0,0.8493553135863546,0.9999754789600703,0.995,0.999514852903042,0.9986396119464693,1.0,0.9985166,0.99999934
6,249,1,0.9999999999960274,1.0,1.0,0.996743435259482,0.9991001,0.985293625196444,0.9822364422624351,1.0,1.0,0.8282438830093131,0.9999754789600703,1.0,0.9989608810821726,0.9999999999959062,1.0,0.9984268,1.0
6,250,0,0.06088036417188465,0.0,0.135,0.07729758431308659,0.026651617,0.05729963316404308,0.043890587326562175,0.0,7.766901130222246e-19,0.4100064488317728,0.0002856334868991886,0.05,0.07495739140613727,0.04178538305802594,0.14,0.02749594,3.397055e-05
6,253,0,0.005387519173936726,0.0,0.015,0.0058567714617619865,0.019756319,0.03704006876268924,0.042789418746935405,0.0,2.1730550676580093e-21,0.36634914945781133,0.00015372818559826996,0.005,0.011500152409253934,0.003706886946079557,0.01,0.020460716,6.638668e-09
6,254,0,0.05440803274352673,0.0,0.03,0.027114000240970892,0.025499014,0.039141752618956416,0.043671370799216576,0.0,8.387120823925501e-20,0.36847210621339,0.00013064322673253347,0.035,0.034255261792094135,0.038072120732280626,0.04,0.0240484,2.4182687e-05
6,257,0,0.07728958696123525,0.0,0.015,0.037476398358790984,0.010853244,0.03705264821464874,0.0415017766092384,0.0,3.722092081590876e-20,0.2891301650317499,0.00013064322673253347,0.015,0.035154807327939706,0.05521646557470295,0.0,0.009898279,4.6699366e-05
6,258,0,0.10702904217181361,0.0,0.0,0.0291698683918769,0.0023539225,0.03506112771323024,0.0402501587345502,0.0,9.591237252388388e-20,0.2694117248437527,5.5915432335825434e-05,0.03,0.034638208256911,0.07625826067167264,0.0,0.0023789995,6.876201e-05
6,259,0,0.04572493157214704,0.0,0.03,0.02189331689504165,0.019747473,0.03914498255487472,0.042789270236320724,0.0,3.6179518114020373e-20,0.38077054706592856,0.0002856334868991886,0.03,0.029341430441673005,0.03322011793664856,0.03,0.019905923,2.6001624e-06
6,272,0,0.018090193384326703,0.0,0.03,0.00643152155945323,0.019756319,0.0391347436027625,0.04278954240961193,0.0,2.2329782322669016e-20,0.36634914945781133,0.00015372818559826996,0.0,0.018569508486274238,0.01249590059189021,0.055,0.020460716,8.590388e-08
6,284,0,0.0008163226949782838,0.0,0.0,0.0009333143146171442,0.0050221244,0.035054195606452114,0.04062161550254004,0.0,1.4316345363033258e-22,0.2671436099255944,7.131969520418509e-05,0.0,0.001692940349229821,0.0005782026293841769,0.0,0.0051587275,2.9254665e-11
6,288,0,0.02763689362843128,0.0,0.07,0.03891412308748566,0.018541766,0.045286827808595935,0.042608244331442786,0.0,1.0,0.36424603247066706,0.0002856334868991886,0.35,0.03877319576162918,0.0197110639453092,0.035,0.019315384,8.0442334e-07
6,296,0,0.005038853274925471,0.0,0.0,0.0017990450213971026,0.0021087644,0.03505419817199834,0.04020563352332064,0.0,8.133604021485436e-22,0.24770234114156917,5.5915432335825434e-05,0.0,0.002236665666340825,0.003644725035918148,0.0,0.0020395352,1.7843074e-09
6,297,0,0.004235513661081704,0.0,0.0,0.002011614488299256,0.0031734686,0.035054196984298965,0.04035717669016928,0.0,1.0,0.33209309171325424,7.023424695134485e-05,0.315,0.0023551491959667896,0.003039547816162115,0.0,0.003273446,9.461936e-10
6,299,0,0.018781984989575774,0.0,0.02,0.020399413779648823,0.002350021,0.037725688125435065,0.0402399864068336,0.0,7.294056981547357e-19,0.2754141614754663,5.5915432335825434e-05,0.01,0.015382854922520596,0.013532023492709943,0.0,0.0024903954,1.972766e-07
6,302,0,0.05938288418983131,0.0,0.095,0.011464314429816241,0.0062187077,0.04958873432645358,0.040794088464018156,0.0,4.1033656455923006e-20,0.3348508064808128,0.0001601761678936075,0.055,0.043016476568568184,0.043285700096771594,0.08,0.00652262,1.0055206e-06
6,310,0,0.11288042608242148,0.0,0.025,0.08899445903379094,0.0024759679,0.03843050167970414,0.04036926862439133,0.0,2.0123855192304628e-19,0.3344828940944425,5.5915432335825434e-05,0.035,0.05733771324494676,0.0807238740587357,0.02,0.0023876068,0.0002153642
6,313,0,0.01439120239383015,0.0,0.0,0.0046827426097183905,0.0023067796,0.03505424959832058,0.04023385722250389,0.0,5.508627501525154e-21,0.325854260827934,5.5915432335825434e-05,0.01,0.005345181154316732,0.010319563934433782,0.0,0.0022082408,8.2186084e-08
6,315,0,0.0965147624582565,0.0,0.435,0.06510676269241243,0.11110746,0.16026952139984382,0.05890819372827471,0.0,1.0090901726907097e-14,0.47668878754920063,0.0017701140124468395,0.255,0.17693224657628245,0.0702583556315312,0.42,0.1145883,1.7445353e-05
6,319,0,0.4996858854752868,1.0,0.715,0.5168609931670933,0.9513812,0.9567786867322075,0.9787943155856903,0.4,3.7536263034432614e-18,0.5513674511205089,0.9890315229347456,0.485,0.6707320212887078,0.40630244974609153,0.71,0.92535657,0.9976873
6,328,0,0.049043563855864225,1.0,0.305,0.049982205955935485,0.19071777,0.10406582374393054,0.07740323810995015,0.0,3.8138126922388687e-20,0.3786383651411232,0.40855857503659404,0.1,0.1486858853652901,0.03446760298904546,0.33,0.17058267,1.8352917e-05
6,330,0,0.635629982676734,1.0,0.615,0.6723695669591598,0.95590776,0.9360245060318608,0.9787043242733288,0.4,2.827523409753382e-18,0.5105149885432171,0.9890315229347456,0.31,0.7197268279216307,0.5456227565059167,0.63,0.93187964,0.99556375
6,338,0,0.005284949072429626,0.0,0.01,0.006928978328220341,0.0023711652,0.036366343355630076,0.040242928238129604,0.0,3.7877657691101874e-20,0.27285364047708166,5.5915432335825434e-05,0.005,0.006146273150895135,0.00388751341484523,0.005,0.0025205032,1.7988857e-08
6,346,0,0.032053479342467224,0.0,0.14,0.028237521720576454,0.04493853,0.058325067774664396,0.04675253958803442,0.0,8.365873837430427e-15,0.39261978074139553,0.0002399765433652075,0.07,0.061307382958992025,0.023908889187577383,0.08,0.038613703,8.7969113e-07
6,350,0,0.007306470235294514,0.0,0.055,0.0030543707231892375,0.0036758028,0.042877811013213925,0.04042888386244781,0.0,5.676058950879503e-21,0.3558551412324607,8.489002499116732e-05,0.005,0.017259160950532242,0.005073692232212982,0.02,0.003995983,9.397372e-09
6,356,0,0.0003402854715916944,0.0,0.0,0.00047470824657990836,0.0021087644,0.035054195429509945,0.040205625707786394,0.0,8.988954827877685e-23,0.23256418349456223,5.5915432335825434e-05,0.0,0.0007309395218030826,0.00024216018028261035,0.0,0.0020395352,1.357373e-12
6,365,0,0.0888095421833204,1.0,0.325,0.17452950146102397,0.53820896,0.11140712304840199,0.2318425668874313,0.0,5.958643121796076e-19,0.36494111546319563,0.9189652396331927,0.075,0.28163700128279023,0.0631651640306022,0.345,0.45771605,0.0028191358
6,378,0,0.003773163712665764,0.0,0.025,0.0011783502244732877,0.0021087644,0.038423529446662164,0.040205627857944244,0.0,4.58399274585534e-21,0.29747901838344454,5.5915432335825434e-05,0.01,0.008015069576544945,0.002698339623030908,0.01,0.0020395352,1.154717e-09
6,380,0,0.04282995385724476,0.0,0.0,0.00797754148433894,0.009431477,0.035055992293648856,0.04125939794103849,0.0,2.448662181436564e-20,0.4125207179357959,0.00015138871334894244,0.035,0.015059743011589997,0.03078961582019825,0.005,0.008579797,4.4834374e-06
6,385,0,0.00838918035641714,0.0,0.0,0.001282323329524258,0.002286208,0.03505419940219732,0.0402308510739659,0.0,3.003812555064821e-21,0.28964612255895694,5.5915432335825434e-05,0.005,0.002989427945242599,0.006006492201190678,0.0,0.0022254812,5.8306893e-09
6,391,0,0.0016276169137006333,0.0,0.005,0.00245989370673911,0.004302165,0.03570446473699697,0.040518436077133325,0.0,4.59702725707417e-22,0.3156122033884006,6.149806239733246e-05,0.0,0.003347418906448954,0.0011278272558938047,0.0,0.004051891,2.3006057e-10
6,395,0,0.01399804400908272,0.0,0.0,0.004284624024427477,0.0021277424,0.0350542014542639,0.040208336087208196,0.0,6.824672944511984e-20,0.2503541949168079,5.5915432335825434e-05,0.0,0.005102602607078788,0.010240464731991824,0.0,0.0020642036,2.4514058e-08
6,397,0,0.03773771898411043,0.0,0.005,0.0072418593038906815,0.010398383,0.03570554035300014,0.041400608195425896,0.0,5.2519430850918194e-21,0.35072568454502884,0.00013064322673253347,0.01,0.015094490385080945,0.026919366477762663,0.005,0.010366165,1.6643521e-06
6,0,1,0.5987906737873848,1.0,0.52,0.8219684007600695,0.22368483,0.8696594071037818,0.7105450216447515,1.0,1.0,0.4548553942782336,0.07711250811300457,0.83,0.5411109767502955,0.5366012292214912,0.545,0.18056537,0.9692871
6,1,1,0.9835329930976885,1.0,0.91,0.9958934126535857,0.9740656,0.9752075566498466,0.9761880246129777,1.0,1.0,0.639184687622794,0.9998652258572923,0.925,0.9658730018942471,0.9794137306751621,0.93,0.95604,0.9999328
6,9,1,0.9999994991173378,1.0,0.995,0.9958019324967912,0.99698454,0.9820365316223466,0.9783052650990499,1.0,1.0,0.6734347178278942,0.9998912021475327,1.0,0.9969464932575742,0.999999313053779,1.0,0.99485815,0.99999976
6,11,1,0.9999995536432676,1.0,1.0,0.9999985770307112,0.99826604,0.982374910961393,0.9784059779638811,1.0,1.0,0.8037404682095652,0.9999660416369853,1.0,0.9995660429882045,0.9999994714939526,1.0,0.99710196,1.0
6,14,1,0.9999999994758828,1.0,1.0,0.9999952835650378,0.9982488,0.982374910961393,0.9784046272319838,1.0,1.0,0.7928750816791599,0.9999660416369853,1.0,0.9995610246443549,0.9999999993428306,1.0,0.9971558,1.0
6,15,1,0.9999996704714833,1.0,1.0,0.9999929442832122,0.99820936,0.982374910961393,0.9784015328565034,1.0,1.0,0.7692647447404518,0.9999660416369853,1.0,0.9995504930040883,0.9999996440552098,1.0,0.99726886,1.0
6,16,1,0.9817287280382905,1.0,1.0,0.9973446188835637,0.9986021,0.9823739136021548,0.978429857819292,1.0,1.0,0.771629546428015,0.9999626170168499,1.0,0.9944188597969843,0.9758920641026083,1.0,0.9976857,0.99994314
6,21,1,0.9999999999999925,1.0,0.995,0.9895664447132924,0.9969169,0.9820365316223466,0.9782999356520482,1.0,1.0,0.6169232629047053,0.9999080637255354,1.0,0.9953708337144083,0.9999999999999878,1.0,0.9948108,1.0
6,25,1,0.9470133004222726,1.0,0.915,0.9943976177392797,0.9753303,0.9756712397247969,0.9765241819212503,1.0,1.0,0.5523654391027334,0.9993363024069256,0.935,0.9579353028350277,0.9299614063064715,0.92,0.96238637,0.9996141
6,28,1,0.9780295771840026,1.0,0.995,0.9958730423442548,0.99696463,0.9820318885708574,0.9782664873216594,1.0,1.0,0.6436495536698909,0.9997287670382445,0.98,0.9914668132482677,0.9708433194056107,0.99,0.99482477,0.9998203
6,37,1,0.9997843922160983,1.0,0.99,0.9999992814307533,0.9971413,0.9816917692047613,0.9783174854221219,1.0,1.0,0.6098266979930467,0.9999080637255354,1.0,0.9967312438196948,0.9997233635860612,1.0,0.9952533,0.9999985
6,49,1,0.999998023111737,1.0,1.0,0.994524404032555,0.99899715,0.9823749035462872,0.978463230843705,1.0,1.0,0.807400526290887,0.9999660416369853,1.0,0.9983798947489866,0.9999971761144418,1.0,0.9982663,0.9999999
6,59,1,0.9999372122144573,1.0,1.0,0.9999996660902298,0.9982988,0.982374910961393,0.978408548332685,1.0,1.0,0.6515633732592195,0.9999080637255354,1.0,0.9995589255345382,0.9999197514397982,1.0,0.99692684,0.99999917
6,62,1,0.9990100079035182,0.0,0.86,0.999999500056684,0.95867294,0.9700707880343431,0.9750730561678033,1.0,1.0,0.647910935894164,0.9864224575659596,0.99,0.9544206121728127,0.998752127732957,0.89,0.93472767,0.9999993
6,63,1,0.9999760253752319,1.0,1.0,0.9999990942751391,0.9981516,0.982374910961393,0.9783968974005628,1.0,1.0,0.7588007291209481,0.9999568231617519,1.0,0.9995316800028103,0.9999675634652568,1.0,0.9971234,1.0
6,68,1,0.9995306855578984,1.0,1.0,0.9999999840636846,0.99891424,0.9823748961311783,0.9784567000153294,1.0,1.0,0.7842649460502364,0.9999649913794586,1.0,0.9996112278530886,0.9993862564508658,1.0,0.9982216,0.9999983
6,81,1,0.9999158871800246,1.0,0.995,0.9999997270126318,0.9968172,0.9820365316223466,0.978291953473258,1.0,1.0,0.6399771336727808,0.9999080637255354,1.0,0.9979331964415739,0.9998861754597046,0.995,0.994619,0.9999994
6,98,1,0.9999995666165691,1.0,0.995,0.9935185150306438,0.9969375,0.9820365316223466,0.9783015420562803,1.0,1.0,0.6169232629047053,0.9999080637255354,1.0,0.9963638987496634,0.9999994530044926,0.995,0.9946867,0.9999995
6,105,1,0.8186351538795728,1.0,0.785,0.9590581823602826,0.9556839,0.9603605420970592,0.9747530529480654,1.0,1.0,0.6126573008690185,0.9994722291602314,0.72,0.8795943058111769,0.7708277622252276,0.805,0.9299474,0.99972373
6,110,1,0.9458638734691549,1.0,0.98,0.9871662508602062,0.9964709,0.9809817988290037,0.9782632148429483,0.8,1.156880558706579e-09,0.7079386929045226,0.9999419831524391,0.895,0.9773752631303749,0.9227948494748512,0.985,0.99513644,0.99996763
6,114,1,0.9994098419170392,1.0,0.995,0.9999917213622586,0.99891424,0.9820363616371687,0.9784565539155828,1.0,1.0,0.8048262500912896,0.9999649913794586,0.99,0.9983289512675173,0.9992407110798395,0.995,0.9982216,0.9999975
6,127,1,0.9999804634663774,1.0,1.0,0.9999936275530468,0.9983438,0.9823748590555879,0.9784120762607802,1.0,1.0,0.7902139640198207,0.9999660416369853,1.0,0.9995794790899237,0.9999764314740069,1.0,0.9972951,0.99999887
6,131,1,0.9785692273987775,1.0,0.91,0.9940671461548057,0.99214727,0.9751695949987808,0.9778447705469411,1.0,8.795889112320898e-08,0.7071052226724712,0.9999341763084507,0.955,0.96869591010459,0.9679513852067825,0.935,0.9849761,0.9996022
6,133,1,0.9983781670957255,0.0,0.885,0.9904766477867342,0.99199206,0.9727569978904849,0.9779078860574315,1.0,1.0,0.7699740565184859,0.9825172556541372,0.94,0.9664617178130603,0.9982328095727211,0.875,0.992492,0.9995613
6,136,1,0.9968284921444682,1.0,0.965,0.9999963573117812,0.9937279,0.9798682399229779,0.9780469266812581,1.0,1.0,0.5724374444716763,0.9999080637255354,0.995,0.9888881929739561,0.9960352570332573,0.97,0.9906392,0.9999797
6,139,1,0.9997032607873015,1.0,1.0,0.999999979496359,0.99829274,0.9823748924236227,0.9784079893063101,1.0,1.0,0.7830956059231559,0.9999660416369853,1.0,0.9994989961108398,0.9996199156203003,1.0,0.9971956,0.9999967
6,141,1,0.9999977108783223,1.0,0.995,0.9999999728530706,0.99896145,0.9820365316223466,0.9784604292678649,1.0,1.0,0.7878469004902565,0.9999660416369853,1.0,0.9984897831002066,0.9999971286681957,1.0,0.9982083,0.9999998
6,142,1,0.9571824184068475,1.0,0.97,0.9896246436568936,0.9938869,0.9802348300164487,0.9780054425301083,1.0,1.0,0.5347069206286045,0.9996106218951314,0.96,0.9776734875227331,0.945535868057722,0.97,0.9901883,0.99935204
6,145,1,0.9999999994334638,1.0,1.0,0.9913237754691534,0.9981818,0.982374910961393,0.9783993730807743,1.0,1.0,0.7957808405092398,0.9999660416369853,1.0,0.9973763987045972,0.9999999994625166,1.0,0.9970607,1.0
6,150,1,0.658299019039943,1.0,0.835,0.9412478673588532,0.96369153,0.9656239319885236,0.9657281071035352,1.0,1.0,0.6317370624511384,0.9950469239460692,0.745,0.8495596047526608,0.5976588756818257,0.85,0.9413166,0.93839145
6,157,1,0.9876956251950548,1.0,0.98,0.9999929298046832,0.99427634,0.9809826776934839,0.9780895041108016,1.0,1.0,0.6301315661301377,0.9996887689151951,0.975,0.9904912249439729,0.9847976286444948,0.985,0.99094594,0.9999649
6,158,1,0.9998312223544819,1.0,0.99,0.9999996929820328,0.99708885,0.9816917769019143,0.9783127261612257,1.0,1.0,0.6854028640827834,0.9999080637255354,1.0,0.9967299412202599,0.9997922278623762,1.0,0.99520075,0.99999726
6,165,1,0.9190557859713644,1.0,0.9,0.976229824518619,0.972652,0.9742434750609884,0.9762245109856219,0.8,1.0,0.5655338448563214,0.9899824248500394,0.89,0.9419844071400512,0.8922105037049293,0.91,0.9499036,0.9993835
6,169,1,0.9999870490542973,1.0,1.0,0.9999999780662959,0.99772507,0.9823748961311783,0.97836349145932,1.0,1.0,0.7797408149280413,0.9999505654418431,1.0,0.9994280241608627,0.9999830352618705,1.0,0.99613166,0.99999726
6,170,1,0.9999950442889509,1.0,0.995,0.9999952588771085,0.99829274,0.9820365316223466,0.9784080442146087,1.0,1.0,0.8196293595268238,0.9999532928417113,1.0,0.9983207618314395,0.9999939087882438,0.995,0.9971956,0.9999989
6,172,1,0.9999504034093454,1.0,0.96,0.9999994986849662,0.99628603,0.9794827666071269,0.9782501440449051,1.0,1.0,0.7426646929255357,0.9999568231617519,0.965,0.9890589841695893,0.9999309782654979,1.0,0.9942174,0.9999841
6,176,1,0.9999996204432116,1.0,1.0,0.9999992895283697,0.99810934,0.982374910961393,0.9783936874666994,1.0,1.0,0.7668008048255931,0.9999568231617519,1.0,0.9995270626598265,0.9999994720825489,1.0,0.99706846,0.99999994
6,178,1,0.9994197976128437,1.0,0.985,0.9972153195236861,0.997552,0.9813405313713255,0.9783060141736015,1.0,1.0,0.6749498524348504,0.9998896270210215,1.0,0.9947967736927399,0.9992749431621359,0.99,0.995372,0.99999267
6,179,1,0.9993475065147304,1.0,1.0,0.9999999410654766,0.99888927,0.9823749035462872,0.9784547507255038,1.0,1.0,0.7757358482033394,0.9999649913794586,1.0,0.9995591787562044,0.9991423925607791,1.0,0.9981875,0.99999195
6,188,1,0.746245365415854,1.0,0.97,0.8242359024205299,0.9960783,0.9802306352703724,0.9781506049488117,1.0,0.9996086999191137,0.5875341522466874,0.9998693844998092,0.915,0.8841398950583468,0.6866638523857916,0.975,0.99419385,0.9987607
6,189,1,0.9999999799359249,1.0,1.0,0.999995612687794,0.99896145,0.982374910961393,0.978460438397521,1.0,1.0,0.8412424025295631,0.9999660416369853,1.0,0.9997392603232882,0.999999977228963,1.0,0.9982663,1.0
6,200,1,0.9637580807306112,1.0,0.97,0.9946405446059238,0.9964839,0.9802466336894143,0.9782572941118527,1.0,1.0,0.6322806264000134,0.9999080637255354,0.98,0.9812206368353087,0.9546029291553693,0.97,0.99394906,0.9995003
6,214,1,0.5725756287194816,1.0,0.685,0.7319731075650466,0.88084847,0.3241049049165358,0.9298792234960164,0.0,2.3406378324447456e-14,0.5753404366460835,0.9987418727032534,0.705,0.7175993009086337,0.4927024310396661,0.76,0.80158526,0.06362111
6,224,1,0.37257566155620303,1.0,0.855,0.32225908253282565,0.9763059,0.5412115169207737,0.7185918606426674,0.4,2.7551302984820865e-13,0.5697500365323274,0.9887060937151536,0.585,0.6315351615233177,0.29091038200878044,0.83,0.9582414,0.2746746
6,228,1,0.9628627081159702,1.0,1.0,0.9947687936061749,0.99760807,0.9823746551384719,0.97835249478905,1.0,1.0,0.6233309685578743,0.9996887689151951,1.0,0.9888098918318271,0.9521464376466808,1.0,0.9957228,0.99984825
6,239,1,0.9947331988086859,1.0,1.0,0.9999982000515594,0.99885297,0.9823748516404607,0.9784515589339914,1.0,1.0,0.7757358482033394,0.9999649913794586,0.99,0.998396091769047,0.9930057248038413,1.0,0.9981787,0.9999303
6,243,1,0.9692525797239443,1.0,0.81,0.9871304274120889,0.7245622,0.9639076926282621,0.9425513877190261,1.0,1.0,0.5673253722103583,0.6503018297771664,0.87,0.872736308715504,0.9616718817666893,0.805,0.6610825,0.9991104
6,245,1,0.9999971118731261,1.0,0.995,0.9999985949955774,0.9970304,0.9820365316223466,0.9783088752481178,1.0,1.0,0.6114659617170597,0.9999080637255354,1.0,0.998006521064176,0.9999962240177467,1.0,0.99497813,0.99999994
6,247,1,0.30581157644449186,1.0,0.76,0.43701328261816014,0.96676385,0.9256319170603308,0.8922113954343376,0.6,0.05165697924615784,0.493768982233692,0.9797767528948803,0.655,0.6173971782723615,0.24030303463944544,0.77,0.94496495,0.24296522
6,248,1,0.9999978404865856,1.0,1.0,0.9999959321882689,0.99870527,0.982374910961393,0.9784403685471756,1.0,1.0,0.8017717310284525,0.999963738502598,1.0,0.9996747601452609,0.9999973220165732,1.0,0.99775463,0.99999875
6,264,0,0.1547882425948646,0.0,0.08,0.11914392168433181,0.011848872,0.04173814750395646,0.029897999910399407,0.0,4.3537988367804564e-16,0.4148779080735826,0.00023722467961970336,0.11,0.09144525896883848,0.11704537846561515,0.055,0.010680237,0.00013700279
6,265,0,0.053702187459230735,0.0,0.0,0.024249540995324767,0.0025211785,0.03145257972136469,0.029218292393097926,0.0,1.4273421888233293e-16,0.32694651056578067,0.00023722467961970336,0.01,0.020118226726713387,0.03950615928929454,0.005,0.0027574454,0.006008765
6,273,0,0.44550379677569796,1.0,0.505,0.3801773002482459,0.35409063,0.6691563005504201,0.720797843297269,0.4,2.2834194105530913e-15,0.5190660495472813,0.18035426228879248,0.495,0.421192932008023,0.3600680348014577,0.445,0.3095035,0.8389613
6,275,0,0.0357331254973781,0.0,0.09,0.031726706568833904,0.023948098,0.04328949532300317,0.031181233083593076,0.0,1.0404156962386843e-16,0.38656779178945966,0.0002478537949616133,0.07,0.045351982416936235,0.02640473311209468,0.06,0.020774126,1.1165442e-05
6,276,0,0.010129663425032654,0.0,0.21,0.014209913689591335,0.091860436,0.06717448105816645,0.039765032543860615,0.0,3.879357488602745e-11,0.41644585614543855,0.003955581926098143,0.065,0.08155000325442409,0.0074731394564240715,0.195,0.08330075,6.2694576e-06
6,280,0,0.3026013983207939,0.0,0.23,0.16727981869908404,0.0423168,0.10663693059725678,0.37325461827107503,0.4,0.0011775678736808141,0.38588193452577185,0.006853908521265178,0.39,0.18554950471647633,0.2441056727415946,0.25,0.03173087,0.24728318
6,283,0,0.017072586423082053,0.0,0.295,0.013082156384805749,0.11873012,0.0910830976688542,0.043796950320273545,0.0,2.211150924149339e-11,0.43054225298535953,0.00306176061923263,0.115,0.11097121579218477,0.012134103663069103,0.305,0.11196788,0.00087544974
6,291,0,0.004541575190535442,0.0,0.0,0.001238204268666469,0.0029800297,0.03094509942035215,0.028913335484176687,0.0,3.1873707647766537e-18,0.3909893607815462,0.00023722467961970336,0.0,0.002189952283827866,0.0032957110323822278,0.0,0.0030118364,9.3566666e-07
6,295,0,0.0077532596615944496,0.0,0.185,0.02105014082637912,0.044633936,0.061366155256894026,0.033599437014546964,0.0,1.4079142680341497e-05,0.39743060395127994,0.003491411917757386,0.195,0.06460933415623364,0.005882512932866205,0.185,0.03173087,1.3509952e-05
6,300,0,0.012304599530905402,0.0,0.01,0.003759434977065547,0.002910419,0.03212979082331967,0.02890849669818101,0.0,4.770055115646864e-18,0.3677678318373186,0.00023722467961970336,0.01,0.007243613352390861,0.008685116928876354,0.0,0.002931244,8.0272775e-06
6,305,0,0.014805384438873906,0.0,0.0,0.005754034295767862,0.004658797,0.03094770635132746,0.02909004623059519,0.0,2.25078286170443e-17,0.4117904640610517,0.00023722467961970336,0.01,0.006304553889789158,0.010471799145921903,0.0,0.0043294625,3.951419e-05
6,311,0,0.003025771252014879,0.0,0.005,0.0017155643903408388,0.004557083,0.031531092773224814,0.029078282752968376,0.0,3.865159005298184e-18,0.28570075871696976,0.0002000012239422216,0.0,0.0035746046343863103,0.0021919377590362043,0.0,0.004916003,3.1141715e-07
6,314,0,0.0044983226013668165,0.0,0.0,0.0011054359526644852,0.004268577,0.030946673900052027,0.029047967709498256,0.0,1.4047217668345346e-17,0.3235579105470184,0.00023722467961970336,0.0,0.002468083852683467,0.0032392854885458654,0.0,0.0045422334,2.527428e-06
6,317,0,0.07163573640874953,0.0,0.005,0.012850759354772975,0.0061641852,0.031556984974718684,0.0292657950434838,0.2,7.830615880364926e-17,0.3654576449383291,0.00023892607162001226,0.09,0.023912670250165493,0.05213125925509167,0.0,0.006747888,0.00032558292
6,318,0,0.0008939621557380542,0.0,0.0,0.0004744089157931793,0.0054305657,0.030944741064029068,0.02916969949984286,0.0,1.5323239796859078e-18,0.38430773937641133,0.00026133533817103053,0.0,0.0016997341882099353,0.0006354726904053764,0.0,0.0056461687,3.3768128e-08
6,320,0,0.00206935491810161,0.0,0.005,0.007956610012853587,0.0041580857,0.031532194725393245,0.029036709039299887,0.0,3.732949334066116e-18,0.28586400796845035,0.00023892607162001226,0.01,0.0047960126521819895,0.0015279914561696114,0.005,0.005185911,1.5061266e-06
6,322,0,0.04439983338535988,0.0,0.145,0.0583831971365438,0.044463906,0.05302015466587616,0.033579936569618066,0.0,0.0005143170282516475,0.4481186854742668,0.003820837323432964,0.15,0.07306173423976556,0.03426693980997686,0.13,0.032971654,3.0414156e-05
6,325,0,0.022369291227067302,0.0,0.005,0.021111838569968983,0.0049517816,0.03153486292467869,0.02914186225699478,0.0,4.374194568776375e-17,0.3479601792026979,0.00026320960797555665,0.015,0.013358227847574858,0.016440524873893265,0.0,0.0056630704,2.3110564e-05
6,342,0,0.008342376948729406,0.0,0.015,0.00704630997178598,0.004588407,0.032735279025567304,0.029081666877361183,0.0,5.7653897071763754e-18,0.4042492486958144,0.00023722467961970336,0.01,0.008744273479794881,0.00597200144156287,0.0,0.0040731,2.5430277e-06
6,345,0,0.003328561254590149,0.0,0.02,0.005203407772395726,0.010946885,0.033353548226924455,0.02975524192998957,0.0,3.7231910436670566e-18,0.3566595927098099,0.0002478537949616133,0.02,0.00986971344457644,0.0023209967366747196,0.015,0.012115193,2.4176856e-07
6,347,0,0.00019113170053612025,0.0,0.0,0.0006239451953994717,0.0028249156,0.030944723357848435,0.02889708744121444,0.0,2.759589367186097e-19,0.3255447431575985,0.00023722467961970336,0.0,0.0009099981172341249,0.0001401318540568996,0.0,0.002931244,3.6796008e-09
6,352,0,0.027505794307539643,0.0,0.0,0.00702962487346827,0.0026147522,0.030948065968627727,0.028877795095775264,0.0,3.756241048492069e-17,0.32159131980766387,0.0002000012239422216,0.015,0.009287542834416969,0.020133340663548875,0.0,0.0027574454,2.6978722e-05
6,353,0,0.06324657879338098,0.0,0.005,0.0913047250566,0.0045358795,0.031600386582365386,0.029089252506437565,0.0,4.463502596844844e-16,0.3421869195129499,0.00023722467961970336,0.035,0.041021795831028565,0.0481758457088314,0.005,0.0048402203,0.00013446377
6,362,0,0.010254699937349676,0.0,0.0,0.003750242399405148,0.0049957763,0.0309606645693874,0.029127620583234298,0.0,4.5451266344253444e-17,0.28683886843355527,0.0002000012239422216,0.005,0.004750179669280059,0.007210456026693575,0.0,0.005095371,1.6334963e-05
6,373,0,0.019833703974364295,0.0,0.0,0.003218460872274273,0.0026591013,0.030960672772377032,0.02888789042638708,0.0,4.0582961916156754e-17,0.36674046369910346,0.00026133533817103053,0.015,0.006427816529660108,0.013994120844899902,0.0,0.0027574454,8.079085e-05
6,379,0,0.0017336641272698368,0.0,0.0,0.001400666483960698,0.004747128,0.030944746338798026,0.029097960196701692,0.0,4.9016381379745604e-18,0.3664289360964897,0.00026133533817103053,0.0,0.0019703646813337013,0.0012667150902366533,0.005,0.0040731,4.754027e-08
6,382,0,0.000419835637259894,0.0,0.0,0.0046581795499761715,0.009896555,0.030944721358568277,0.02964275085535372,0.0,3.6593831403673204e-19,0.38531963479648373,0.00023722467961970336,0.005,0.0037436425428470956,0.00030370561060618024,0.0,0.010128308,3.6841163e-09
6,386,0,0.00022383282506585467,0.0,0.0,0.0020443055701324163,0.0027688055,0.030944721140004055,0.028891244769787966,0.0,3.1775211290310327e-19,0.3151935741460681,0.00026133533817103053,0.0,0.0012592359696385973,0.0001665450233887815,0.0,0.0027574454,2.4654898e-09
6,389,0,0.000754942722759393,0.0,0.0,0.0006930098306178985,0.0030190283,0.03094474441059351,0.028917312269357003,0.0,1.214302111540254e-18,0.3386415157126581,0.00023722467961970336,0.0,0.001116745224159395,0.0005526369023015652,0.0,0.0030118364,4.038609e-08
6,392,0,0.02154321428970212,0.0,0.005,0.008470448963296195,0.0042273663,0.03153781296878963,0.02906620668107565,0.0,1.5561994311492336e-17,0.28108172524465225,0.00023892607162001226,0.005,0.009810257387858859,0.016286195624598522,0.0,0.005185911,3.8168208e-05
6,12,1,0.99999816513682,1.0,1.0,0.9999998485777519,0.99896884,0.982979419110044,0.9823363914505727,1.0,1.0,0.8593553604463846,0.9999506139466996,1.0,0.9997417133399894,0.9999976702421719,1.0,0.9983803,1.0
6,22,1,0.9999880961986285,1.0,0.98,0.999996833328939,0.99821657,0.9814773917662001,0.9822816316156481,1.0,1.0,0.7302646400901811,0.9999474759034995,0.99,0.9945503747378107,0.9999858846917259,0.97,0.9972791,1.0
6,26,1,0.9982902915506884,1.0,0.99,0.999998079629145,0.9970891,0.9822439875321601,0.9821977249826299,1.0,1.0,0.7826871628700003,0.9999673186455353,0.99,0.9963443647857344,0.9975586751357955,0.99,0.9940439,0.9999993
6,32,1,0.9999876753351816,1.0,1.0,0.9999999835525766,0.999014,0.982979419110044,0.9823409488852735,1.0,1.0,0.8274926807216746,0.9999506139466996,1.0,0.9997504197134709,0.9999830397761822,1.0,0.99844295,1.0
6,33,1,0.9998357682370835,1.0,1.0,0.9999827873063555,0.9985727,0.982979419110044,0.9823075442058088,1.0,1.0,0.7763293301828138,0.9999474759034995,1.0,0.9995978156799119,0.9997849643600608,1.0,0.9976782,0.99997216
6,34,1,0.9975203337366673,1.0,1.0,0.9999995014724611,0.99856085,0.9829794159277595,0.9823033414523208,1.0,1.0,0.7535482585493076,0.9999506139466996,1.0,0.9990201702652567,0.9969371765315944,1.0,0.9978399,0.9999964
6,35,1,0.9992916785817567,1.0,0.98,0.9968619056755993,0.99758995,0.9814773917662001,0.9822345372912535,1.0,1.0,0.7843422833919278,0.9999395307741633,0.995,0.9934358825126269,0.9991112539457678,0.985,0.9959382,0.9999892
6,38,1,0.9997760390029543,1.0,1.0,0.9999837167124943,0.99854636,0.9829794159277595,0.9823031930375827,1.0,1.0,0.7617573668252811,0.9999474759034995,1.0,0.9995765294096666,0.9997373819095757,1.0,0.9976215,0.9999767
6,40,1,0.9999904367375365,1.0,1.0,0.9999999825658535,0.999014,0.982979419110044,0.9823407757929262,1.0,1.0,0.856250876178142,0.9999506139466996,1.0,0.9997511098173789,0.9999874934338163,1.0,0.99848,1.0
6,42,1,0.9999241186626467,1.0,0.94,0.9999996842120358,0.9833807,0.9780731150080828,0.9811442196341414,1.0,1.0,0.7268067587039226,0.9998270357893008,0.995,0.9808261195476349,0.999887997507068,0.945,0.9705174,1.0
6,45,1,0.999979662464398,1.0,1.0,0.9999999856795312,0.9985727,0.982979419110044,0.9823028914667309,1.0,1.0,0.7617573668252811,0.9999474759034995,1.0,0.9996380888300345,0.9999734260103755,1.0,0.9976215,1.0
6,48,1,0.9999988894327342,0.0,0.92,0.9942784150095594,0.9828524,0.9761486232934329,0.9811024257007582,1.0,1.0,0.7092632937025871,0.9994283507023706,1.0,0.9742824259478766,0.9999982394476736,0.93,0.9660563,1.0
6,58,1,0.9998403821877438,1.0,1.0,0.999982121489846,0.9985416,0.9829793904694625,0.9822929690714134,1.0,1.0,0.7465108554201629,0.9999474759034995,1.0,0.9995910243073064,0.9998157950506945,0.995,0.9976782,0.99999255
6,69,1,0.5570976798595861,1.0,0.725,0.9658592796112024,0.88567835,0.946143069376899,0.9716378323382867,1.0,1.0,0.48133846645287426,0.9996007357231463,0.65,0.7834088275990585,0.5084891121122164,0.81,0.81208,0.99996006
6,70,1,0.9881234801162119,1.0,0.855,0.9932719116912145,0.95180106,0.968688037878536,0.9784785338699339,1.0,1.0,0.6093086214087228,0.9996348567061113,0.94,0.9470491133594189,0.9856679569560196,0.9,0.8977493,0.99999464
6,73,1,0.9999998866002544,1.0,1.0,0.9969401153430281,0.998979,0.982979419110044,0.9823383012077871,1.0,1.0,0.8521539338427815,0.9999506139466996,1.0,0.99897974359457,0.9999998539932073,1.0,0.99840266,0.9999999
6,75,1,0.9986628693303092,1.0,0.93,0.9999999478359255,0.99346364,0.9771306306265364,0.9819247596902022,1.0,0.015364895160272557,0.7606502367771766,0.9995632465274336,0.99,0.980531613152719,0.9979556933568791,0.92,0.991277,1.0
6,80,1,0.9999582374693846,1.0,0.99,0.9999999537917822,0.99759454,0.9822439941667623,0.9822354821430498,1.0,1.0,0.7729878910160624,0.99995165792894,0.995,0.9968881816529916,0.9999428289241138,0.985,0.99566394,1.0
6,84,1,0.9999999985661325,1.0,1.0,0.9949981241516028,0.99899083,0.982979419110044,0.98233919040636,1.0,1.0,0.8381946686875305,0.9999506139466996,1.0,0.9984972391192608,0.9999999984051555,1.0,0.9983407,1.0
6,87,1,0.9999835336371576,1.0,0.995,0.999999690709422,0.99794954,0.9826155263095665,0.982261935041993,1.0,1.0,0.8363257418546453,0.9999431434707725,1.0,0.9982331912404153,0.9999780453457298,0.99,0.9969416,1.0
6,91,1,0.9899854873032319,1.0,0.78,0.989480958702038,0.98092157,0.9572649051275316,0.9809443830459115,1.0,1.0,0.6915837393798213,0.9987225002510066,0.84,0.9350970031229071,0.9881113836852908,0.785,0.9736825,0.999999
6,106,1,0.9999906030695822,1.0,1.0,0.9999997362196966,0.9985221,0.9829794159277595,0.9823039297281021,1.0,1.0,0.7200768364052356,0.9999474759034995,1.0,0.9996281105305183,0.9999868165058173,1.0,0.99756014,1.0
6,108,1,0.9611364633005474,1.0,0.855,0.994123600741223,0.97731596,0.9686883897968388,0.9806566627735288,0.6,1.2111029400655231e-11,0.6639415193656363,0.9986240635228604,0.915,0.9468940065890941,0.941857224452489,0.84,0.9518959,0.99993163
6,116,1,0.9992882071595339,0.0,0.905,0.9974750483923753,0.9856067,0.974598046115524,0.9813182229115137,1.0,1.0,0.7259014420428785,0.994585505228231,0.99,0.971842481482887,0.999100839429368,0.93,0.9795361,0.99999934
6,121,1,0.9780618060332363,1.0,0.795,0.9936530590453171,0.9054348,0.9598309503930454,0.9736892347762233,1.0,1.0,0.6578839956463798,0.9989607641582403,0.92,0.9180374130879901,0.9719905042286477,0.82,0.8905883,0.99999064
6,124,1,0.9999397257799421,1.0,1.0,0.9999992470588839,0.99759454,0.9829793809225914,0.9822352276777832,1.0,1.0,0.7772565541916949,0.9999673186455353,1.0,0.9993833770474063,0.9999157718329308,0.995,0.995767,1.0
6,129,1,0.9645492364292175,1.0,0.98,0.9927247252431566,0.9982374,0.9814773606457787,0.9822451395763456,1.0,1.0,0.7226729717710607,0.9999474759034995,0.975,0.983877833279269,0.9509173663562137,0.98,0.9972024,0.9999974
6,143,1,0.9999636518382351,1.0,0.995,0.9934897600408787,0.99856013,0.9826155263095665,0.9823072706609031,1.0,1.0,0.7509364285255478,0.9999506139466996,1.0,0.9967533856188187,0.9999636293356406,0.995,0.9979234,1.0
6,149,1,0.9968138977446096,1.0,0.945,0.99517959018886,0.9867263,0.9785300122961077,0.9814049421555392,1.0,1.0,0.6757567444562107,0.9982283909730537,1.0,0.9809299429901424,0.9957679150042937,0.965,0.9758077,0.9999902
6,151,1,0.9983862005234274,1.0,0.99,0.999998882047839,0.9975037,0.9822439742629482,0.9822251347386933,1.0,1.0,0.7272088592093099,0.9999474759034995,0.995,0.996472195110857,0.9977377132572953,0.99,0.9955254,1.0
6,154,1,0.9999999999705087,1.0,1.0,0.9907871840831449,0.99842095,0.982979419110044,0.9822969799840048,1.0,1.0,0.8587948459307229,0.9999506139466996,1.0,0.997302034451066,0.9999999999711391,1.0,0.9970686,1.0
6,155,1,0.9950204257730934,1.0,0.965,0.9958736903444848,0.99762875,0.9802659253041733,0.9821864744400711,1.0,1.0,0.7269659535855607,0.9999474759034995,0.975,0.9883807161336197,0.9936837125890864,0.975,0.9957495,0.9999934
6,156,1,0.9962614972346856,1.0,1.0,0.9999996734808733,0.99859375,0.9829794063809026,0.9823029197471953,1.0,1.0,0.7856409401766744,0.9999506139466996,1.0,0.9987137295828432,0.9949468052550233,1.0,0.9979729,0.99999386
6,167,1,0.4768199102761277,1.0,0.58,0.9086557299483505,0.22932762,0.7972761310230312,0.08162283923369558,0.6,1.0,0.44548684408930206,0.0244945923863431,0.63,0.5487008148250634,0.40035382676370357,0.525,0.1951982,0.71902627
6,177,1,0.9955934537020263,1.0,0.995,0.9999987235001699,0.9955562,0.9826155003166126,0.9820668750277276,1.0,1.0,0.7596297296240616,0.9999287931806586,0.985,0.9965370882277418,0.9946306892293596,0.975,0.99416864,0.99999315
6,180,1,0.9999815200664169,1.0,1.0,0.996451734616415,0.9989066,0.982979419110044,0.982333033219094,1.0,1.0,0.8217017147502613,0.9999506139466996,1.0,0.998834966769768,0.9999782084580728,1.0,0.99828196,1.0
6,181,1,0.9954059255913345,1.0,0.93,0.9910396903519542,0.99703765,0.9771306306265364,0.982193888533072,1.0,1.0,0.6997261847243348,0.9999474759034995,0.9,0.978370816274488,0.9928398839930613,0.955,0.9950205,1.0
6,187,1,0.999685451169968,1.0,1.0,0.9999999018597977,0.9957628,0.982979419110044,0.9820983478673447,1.0,0.9999999999999964,0.7920732899554344,0.9999593143947914,1.0,0.9988620445104932,0.9995442313412377,0.98,0.99314016,1.0
6,191,1,0.999999848168933,1.0,1.0,0.99999990984015,0.998955,0.982979419110044,0.9823365782529351,1.0,1.0,0.8486085147145886,0.9999506139466996,1.0,0.9997386923442202,0.9999998094331194,1.0,0.99829787,1.0
6,192,1,0.9628677809986911,0.0,0.82,0.9925971240426126,0.92802495,0.9637809993693409,0.976230347533968,1.0,1.2970918501258064e-09,0.6140060778147712,0.9671076766892517,0.955,0.9258724631711459,0.9432812588182833,0.835,0.8942852,0.99649405
6,194,1,0.9998084445712502,1.0,0.98,0.9999999164688804,0.99849117,0.9814773917662001,0.9823021325115066,1.0,1.0,0.7925835773498336,0.999896367776446,1.0,0.9945748822655716,0.9997543359587667,0.985,0.99769634,0.9999999
6,196,1,0.9999999987103971,1.0,1.0,0.9949953044091662,0.998979,0.982979419110044,0.9823383511453138,1.0,1.0,0.8486085147145886,0.9999506139466996,1.0,0.9984935688886403,0.999999998424359,1.0,0.99840266,0.99999994
6,202,1,0.9947991524428874,1.0,0.99,0.9999995513691164,0.99762875,0.9822439941667623,0.9822368507516099,1.0,0.9999560308120979,0.6842932510423047,0.9999474759034995,0.96,0.9956068630572261,0.9926025068414176,0.98,0.99564594,0.99999994
6,203,1,0.9997037659808341,1.0,1.0,0.9999998032209866,0.9973801,0.9829794159277595,0.9822184785901968,1.0,1.0,0.7272088592093099,0.9999474759034995,1.0,0.9992709117601796,0.9996015180650868,1.0,0.9955254,1.0
6,207,1,0.9990773020344628,1.0,0.995,0.999999281946669,0.99746704,0.9826155230604494,0.9822259749725477,1.0,1.0,0.7870649586233808,0.9999673186455353,1.0,0.9978859062491892,0.9987347902330254,0.995,0.99536514,0.9999994
6,208,1,0.9791675856773435,1.0,0.94,0.9942013772631814,0.99758995,0.9780729477627923,0.9822109661077424,1.0,1.0,0.7321596966518731,0.9999395307741633,0.97,0.9777397271834192,0.9716369028431736,0.975,0.9959382,0.9999983
6,211,1,0.9752494754557349,1.0,0.96,0.9930577657929209,0.9920379,0.9798455016361517,0.9818151220859446,1.0,1.2282897048316823e-07,0.6632797067427004,0.9998870537994459,0.95,0.9800862833975674,0.9615918558251739,0.955,0.98706764,0.9956556
6,216,1,0.9773220031548705,0.0,0.905,0.9999933483532705,0.9936952,0.9745980555331782,0.9819424094321102,1.0,0.00012005799748436906,0.6992580485656414,0.9995816128261656,0.95,0.9690026377494336,0.9674125334867781,0.92,0.98960495,0.99999696
6,226,1,0.9999999889274095,1.0,1.0,0.996038833903899,0.99842095,0.982979419110044,0.982296809805299,1.0,1.0,0.8516678316603689,0.9999506139466996,1.0,0.9986149441454797,0.999999987176209,1.0,0.9970686,1.0
6,227,1,0.9989068866680343,1.0,1.0,0.9999993186375634,0.99759454,0.9829793936517516,0.9822353850448836,1.0,1.0,0.7772565541916949,0.9999673186455353,0.995,0.9991251851640993,0.998454937627626,1.0,0.995767,0.9999999
6,252,0,0.006291654715698395,0.0,0.01,0.0022976424155288495,0.0038496268,0.03239613856981984,0.03069791520481879,0.0,2.9903732894436e-17,0.3250277871824337,8.075001778973224e-05,0.0,0.005609730970710961,0.004470403933556601,0.01,0.004023768,4.2507e-06
6,261,0,0.02288981646107874,0.0,0.0,0.009300171982028477,0.009081922,0.031073926633751213,0.03138559115657511,0.0,1.6434947097175238e-17,0.4090879039229196,0.00037536874103452015,0.015,0.010317977495826983,0.016357812020348604,0.01,0.010578521,0.00011178126
6,263,0,0.047872603900350266,0.0,0.045,0.02042595001175387,0.011482331,0.037472457508797886,0.03184354658790296,0.0,5.5319035744158006e-17,0.41185644942069444,0.00037029124399873275,0.005,0.03119522122064257,0.03418327921723604,0.02,0.0126256505,0.0008703238
6,266,0,0.31197932763637665,0.0,0.07,0.2541815625480378,0.030022956,0.04372514201843926,0.050802379296248576,0.0,1.1788456051077269e-15,0.4299210696057818,0.00014329907527044352,0.08,0.16654596165383162,0.2325233281168223,0.055,0.03084863,0.025028754
6,270,0,0.015830433170665355,0.0,0.0,0.003564786421425461,0.002275641,0.03107353564821988,0.03049876375785873,0.0,1.4239251893142624e-17,0.3372180791537661,8.075001778973224e-05,0.005,0.005417715167089395,0.011041210009580514,0.005,0.002233884,1.0451864e-05
6,274,0,0.17707770741136694,0.0,0.115,0.08013615555579189,0.006002944,0.05002475882937622,0.03125150310926558,0.0,1.56568096818225e-16,0.3987750941342209,8.075001778973224e-05,0.125,0.09455420173249282,0.1274445213076855,0.075,0.0055937697,0.0019588475
6,282,0,0.16103386353956117,0.0,0.01,0.08255639321543393,0.0039978963,0.03241658040126818,0.030864920740834082,0.0,2.882850947501654e-16,0.36566735903237113,8.105819084268642e-05,0.06,0.06439703827182222,0.11819255279841373,0.005,0.0040954575,0.00062309013
6,287,0,0.07450226607622469,0.0,0.2,0.03395697265267138,0.012960257,0.0705150364766462,0.031962953346774826,0.2,2.313803180114853e-16,0.4089323245330609,8.075001778973224e-05,0.105,0.08035487393439196,0.05035074885105463,0.16,0.013825818,0.0003011539
6,298,0,0.2769664787471469,0.0,0.05,0.26244143225638883,0.014072179,0.03863818237118408,0.034415121252744256,0.4,1.6972699025337472e-15,0.4438896429434935,0.00045055309349978633,0.105,0.15087002246663117,0.2101378728924879,0.035,0.015861133,0.0077005634
6,304,0,0.17709240358073913,0.0,0.12,0.19606652562080853,0.02630743,0.05102476159045981,0.03379482530156709,0.0,1.380112824711345e-15,0.37688380196286975,0.0018898681785378547,0.08,0.12986658982996752,0.12444957969782303,0.095,0.02316354,0.001388609
6,308,0,0.06883007736169579,0.0,0.02,0.0456792974075587,0.0044495203,0.033773811458372854,0.030801068420883437,0.0,2.804926124529317e-16,0.3579593589798283,8.105819084268642e-05,0.01,0.034739723757337526,0.04758710912249147,0.025,0.004717823,0.00023261385
6,312,0,0.028100032825498864,0.0,0.23,0.019624207026327736,0.06567989,0.07946483149829518,0.039672815853170645,0.0,1.3431577671916365e-11,0.41727082584966996,0.0001435194027043165,0.08,0.08585103318735812,0.02064326558184479,0.23,0.060217243,0.00022578353
6,321,0,0.10429988287242584,0.0,0.005,0.04517628083411419,0.0021826748,0.031734985997905675,0.0307732727185462,0.2,5.563647796741888e-16,0.3604330263945355,8.075001778973224e-05,0.06,0.03916470963339854,0.07582879837559618,0.005,0.0020848261,0.0011558175
6,323,0,0.012036929995775296,0.0,0.015,0.0038550602967857383,0.0043449146,0.03307771168933602,0.030762017793384583,0.0,1.6179361730835124e-17,0.2998606565073706,8.075001778973224e-05,0.0,0.008809226216684278,0.00836992668556013,0.02,0.004673728,1.4250248e-05
6,333,0,0.003956892851798378,0.0,0.0,0.004800099343663722,0.00705443,0.03107353728222273,0.03110792953747294,0.0,7.03662358584509e-18,0.35053949832976883,8.638689324107125e-05,0.01,0.003952855540604619,0.002952831307062285,0.0,0.0070422255,6.808571e-06
6,334,0,0.04497244264343955,0.0,0.27,0.0422278248406363,0.11901406,0.09300350972838904,0.04926440890335888,0.0,3.6245414899515945e-10,0.4252243110860962,0.0007426732554134614,0.075,0.11905358236786899,0.031737677567130015,0.32,0.112819985,5.3365835e-05
6,335,0,0.05377270820212117,0.0,0.01,0.027202560197836078,0.0029641814,0.03240089003623755,0.03081025419423681,0.0,1.6441125293354118e-16,0.35802239185149326,8.075001778973224e-05,0.01,0.02348486243995364,0.0385649898401932,0.005,0.0033437805,0.0017564506
6,337,0,0.004357046755194724,0.0,0.0,0.0014719996706984222,0.0020438586,0.031073526946322556,0.030468834015829713,0.0,1.755611487297636e-18,0.3142902317817382,8.075001778973224e-05,0.0,0.001968226265515943,0.0030945409155248324,0.0,0.0020561921,3.9599254e-06
6,344,0,0.03589789206210002,0.0,0.035,0.009058527330868064,0.0047509614,0.03594521106305187,0.030827100901421108,0.0,9.52591069401001e-16,0.3596950540564209,8.075001778973224e-05,0.035,0.02117684520769737,0.026101395958222133,0.015,0.004988905,6.863316e-05
6,349,0,0.0014214185605193293,0.0,0.0,0.0006052404844470411,0.002036578,0.031073522096046857,0.03046753303015466,0.0,7.189116334566208e-18,0.31413369059255736,8.075001778973224e-05,0.0,0.001015809266727485,0.0010235718929742055,0.0,0.0020251733,4.9120337e-07
6,354,0,0.0035669617690199927,0.0,0.005,0.0006493492545110612,0.0028975178,0.031728164656301724,0.03057651816681434,0.0,2.2418120499653104e-17,0.34954199558804006,8.075001778973224e-05,0.0,0.003028457194789672,0.0025400223762459904,0.005,0.002621801,6.5978253e-07
6,355,0,0.040799302163613514,0.0,0.035,0.010209666723837421,0.0050604953,0.0359466110912214,0.030869678097054504,0.0,9.279210658948797e-17,0.3419799408277459,8.075001778973224e-05,0.035,0.022767366057627563,0.02979917692469745,0.025,0.005085851,4.9633858e-05
6,357,0,0.0473187759566425,0.0,0.015,0.025711659926986055,0.004695325,0.03307921758848192,0.031046068299987684,0.0,4.628765669969101e-16,0.3948710132335944,8.075001778973224e-05,0.055,0.023181440260541246,0.03154585290722833,0.015,0.0036238679,0.00072311115
6,372,0,0.010037830363260771,0.0,0.0,0.003476690800468287,0.0024478808,0.031073596779054316,0.03052732615072366,0.0,5.437982574320896e-17,0.3303143012837918,8.075001778973224e-05,0.0,0.003990600492066947,0.0073410962629236725,0.0,0.0025071048,8.0752034e-05
6,374,0,0.00047623939530423823,0.0,0.0,0.0007186451806797258,0.00705443,0.031073521949799076,0.031107151365008905,0.0,8.818740904733718e-19,0.32280196370865083,8.638689324107125e-05,0.0,0.0020623286357350852,0.0003466639078982327,0.005,0.0070422255,2.3277522e-07
6,376,0,0.00141355605963404,0.0,0.005,0.00030312613237345727,0.002976116,0.03172816323638717,0.03058634190294559,0.0,6.7150608454739365e-18,0.3290907805201642,8.075001778973224e-05,0.0,0.002423199554456968,0.000992966537441434,0.0,0.0026245196,8.396434e-07
6,381,0,0.0006347079159024041,0.0,0.0,0.00035995413009878163,0.0019827434,0.03107352208054194,0.0304606759401082,0.0,5.690222342015641e-19,0.2965434548059419,8.075001778973224e-05,0.0,0.0007443513580450986,0.0004678866678194591,0.0,0.0020230745,1.535251e-07
6,394,0,0.3270982744974535,0.0,0.06,0.3150906078559082,0.0056955665,0.04168252886663351,0.03374657721600671,0.4,1.449956193879237e-15,0.3759729127059635,8.075001778973224e-05,0.1,0.17697111222208944,0.24960823780171748,0.065,0.006515159,0.008370554
6,398,0,0.007794849445176295,0.0,0.005,0.004579633264999173,0.004105513,0.031728193184073696,0.030731620158885795,0.0,2.1242234396869174e-17,0.3144218478424505,8.105819084268642e-05,0.0,0.005369998923568119,0.005531381567075391,0.005,0.0042110584,7.385076e-06
6,399,0,0.0015236246167990154,0.0,0.005,0.0007746267989452909,0.0031093957,0.031728163456715204,0.0306032984802551,0.0,1.8809335561064157e-18,0.29880459500759327,8.075001778973224e-05,0.0,0.002601911788143188,0.0010587566533177858,0.0,0.002815404,2.3511475e-06
6,4,1,0.9992078662150468,1.0,1.0,0.9999999536019779,0.9990804,0.9820402688980882,0.9808349881174836,1.0,0.9999999999998721,0.8404261528710109,0.9999615748801639,1.0,0.9995720598393575,0.9988979750520841,1.0,0.99845517,1.0
6,5,1,0.9998385535149072,0.0,0.98,0.999999884455277,0.9935027,0.9804752127049493,0.9804104802516965,1.0,1.0,0.7823571266414787,0.9998279351291486,1.0,0.9933352786142883,0.9997883841642955,0.97,0.97561127,1.0
6,10,1,0.9999997002146476,1.0,1.0,0.9999987375520041,0.99916375,0.9820402688980882,0.9808412180259165,1.0,1.0,0.8502989593441341,0.9999254940846649,1.0,0.9997905461501132,0.9999996456138508,1.0,0.9987029,1.0
6,18,1,0.9941236668936684,1.0,0.86,0.9999876057055884,0.96117336,0.9678746001358653,0.9777622435793019,1.0,1.0,0.5056717711450571,0.9911837288137001,0.895,0.9538211570446582,0.9917353456913895,0.875,0.94918025,1.0
6,23,1,0.9798517545818164,1.0,0.985,0.9999969502773121,0.995889,0.9808785615756757,0.980592659072263,1.0,1.1679214532665605e-05,0.6929755584402151,0.9998447094778552,0.995,0.9901844282260812,0.9723872561442723,0.98,0.99350923,1.0
6,27,1,0.9999998113412446,1.0,1.0,0.9999975308577016,0.99879897,0.9820402688980882,0.9808137914810939,1.0,1.0,0.8043062224280955,0.9999343944852197,1.0,0.9996990771516805,0.9999997823331052,1.0,0.99818677,1.0
6,29,1,0.9997956967828703,1.0,0.99,0.9999995046785806,0.99861777,0.9812737721209497,0.9808001392269522,1.0,1.0,0.7883145242839937,0.9999561572052375,0.985,0.9971032424372774,0.9997311369115303,1.0,0.99779236,1.0
6,30,1,0.993261365179242,1.0,0.995,0.9999957025988727,0.9967577,0.9816609498359048,0.9806588912514245,1.0,1.0,0.604316123829175,0.9996996047473814,1.0,0.9962536884790669,0.991838942179165,1.0,0.99533457,0.99999744
6,41,1,0.9703590091589416,1.0,0.905,0.9999900647753319,0.9824567,0.9733262971857815,0.9795415033559913,1.0,4.851886749319655e-10,0.6635499603513598,0.9931222721042039,0.97,0.9644514395117056,0.9579370956197107,0.885,0.9752446,1.0
6,51,1,0.9999773201733374,1.0,1.0,0.9999999613894446,0.9987282,0.9820402688980882,0.9808084685601287,1.0,1.0,0.816113853801617,0.9999343944852197,1.0,0.9996763743143025,0.9999704126093579,1.0,0.99810106,1.0
6,53,1,0.9998332437392937,1.0,0.92,0.9999929063896886,0.9706007,0.9749352744377382,0.9785687266889636,1.0,1.0,0.603170077063854,0.9988526631271244,0.99,0.9726067185873146,0.9997937866782582,0.925,0.94930667,1.0
6,56,1,0.999999970051888,1.0,1.0,0.9999896119476956,0.99878293,0.9820402688980882,0.9808125937063488,1.0,1.0,0.8043062224280955,0.9999343944852197,1.0,0.9996931286894788,0.9999999665277637,1.0,0.99818677,1.0
6,57,1,0.9964554242772738,1.0,0.995,0.9999978088192968,0.99624085,0.9816609498359048,0.9806199731095107,1.0,1.0,0.604316123829175,0.9996996047473814,1.0,0.9969235218399691,0.995650714223075,1.0,0.99494654,0.99999976
6,61,1,0.9999224006441733,0.0,0.89,0.9942618377926605,0.99065745,0.9716174625191033,0.9801903919805283,1.0,1.0,0.7051831326053224,0.9988987408611553,0.935,0.9687104218013624,0.9999470961601686,0.945,0.987785,1.0
6,66,1,0.9993934972260886,1.0,0.99,0.9999969743136157,0.9967577,0.9812737581082429,0.9806587782967626,1.0,1.0,0.6571781240112975,0.9996996047473814,1.0,0.9965370394194644,0.9992233226675321,1.0,0.99533457,1.0
6,67,1,0.9829337120334054,1.0,0.995,0.9954705078425364,0.9947507,0.9816608571690154,0.9805060431794047,1.0,1.0,0.6681200654040438,0.9996588623623527,0.955,0.9920387246038045,0.9766525026380317,0.985,0.99322647,1.0
6,71,1,0.999987087381783,1.0,1.0,0.999999119434905,0.9983559,0.9820397073671967,0.980780005302962,1.0,1.0,0.7826705235911923,0.9999431951774278,1.0,0.9995855329749621,0.999982911330784,1.0,0.9970606,0.99999934
6,74,1,0.9999996697497906,1.0,1.0,0.99999929037772,0.998769,0.9820402588108588,0.9808115314345695,1.0,1.0,0.8196692107230961,0.9999343944852197,1.0,0.9996919863497411,0.9999995922666799,1.0,0.99810106,1.0
6,82,1,0.9695879219076889,1.0,0.98,0.9947478860070478,0.9945747,0.9804750192756323,0.9804912920816746,1.0,1.0,0.6029886292426136,0.9994619719318903,1.0,0.9847276333856589,0.9609021922731266,0.99,0.99181914,0.99999964
6,86,1,0.8083672051554703,1.0,0.985,0.8265682430734019,0.9947507,0.9767865776700778,0.9776409857924557,0.4,4.95381880302447e-09,0.6334467314840809,0.9996588623623527,0.85,0.9036715316920371,0.7436968217306034,0.99,0.99322647,0.9858
6,95,1,0.998660506512521,0.0,0.96,0.9999997286921901,0.98095167,0.9787766893206298,0.979421229138429,1.0,1.0,0.7033587737781432,0.993750606665472,1.0,0.9849029755091703,0.9981357798883308,0.98,0.96577305,1.0
6,101,1,0.9992068746311258,1.0,0.995,0.9999998540367914,0.99891734,0.9816606615374067,0.9808226870024624,1.0,1.0,0.8231763005859388,0.9999254940846649,0.98,0.9982810174750543,0.9989028614480088,1.0,0.99833786,0.9999999
6,103,1,0.9999775929685303,1.0,1.0,0.9999959146369058,0.99916375,0.9820402688980882,0.9808412396859689,1.0,1.0,0.8385595641895828,0.9999254940846649,1.0,0.9997843136098093,0.9999743599431469,1.0,0.9987029,0.99999976
6,104,1,0.9866915597973971,1.0,1.0,0.9999883698934349,0.99769163,0.9820402386363837,0.9807298723070397,1.0,1.0,0.6528346956778445,0.9996588623623527,1.0,0.9960928902519927,0.9827172860321026,1.0,0.9967424,0.9999999
6,112,1,0.999769858134211,1.0,0.99,0.9999979287318298,0.99887246,0.9812737651145974,0.9808192906570546,1.0,1.0,0.8362441490625309,0.999937927544024,1.0,0.9971600614502062,0.9996927258348092,1.0,0.9981542,1.0
6,113,1,0.991050717972968,1.0,0.995,0.9999968520815079,0.9954555,0.9816577165194424,0.9805600360596329,1.0,1.0,0.6984455548060025,0.9998618496002115,0.995,0.9953757683795552,0.987635904856371,1.0,0.9931787,0.9999726
6,119,1,0.9726562719864109,1.0,0.96,0.9999923361910216,0.9947462,0.9787766021958502,0.9805051868302729,1.0,3.343760995696017e-10,0.6988310991768034,0.9996863211682688,0.985,0.9818487040920876,0.961444708330246,0.935,0.9924994,1.0
6,120,1,0.9477323027489236,1.0,0.955,0.9937610587066583,0.9885632,0.9781530086643242,0.9800264444784305,1.0,1.0,0.6144639775719056,0.9996996047473814,0.895,0.9712641353563424,0.928354019416273,0.995,0.9848555,0.9999999
6,123,1,0.9986050065462365,1.0,0.87,0.9999843758325186,0.9853056,0.9691341553007211,0.9797697908452355,1.0,1.0,0.701508206247238,0.9995520524269462,0.975,0.9634737474244084,0.9980759929905021,0.925,0.9674618,0.9999999
6,134,1,0.9999773648306792,1.0,1.0,0.999999977360323,0.9990068,0.9820402520860362,0.9808294627024509,1.0,1.0,0.7998496002038832,0.9999254940846649,0.995,0.9997460374987774,0.9999684995520056,1.0,0.9983791,1.0
6,137,1,0.9999810326102287,1.0,1.0,0.9999999841900757,0.9988218,0.9820402688980882,0.9808152627564872,1.0,1.0,0.8180315261458242,0.9999343944852197,1.0,0.9997007029467573,0.9999762723552073,1.0,0.99818677,0.9999989
6,144,1,0.999982063232885,1.0,1.0,0.9999995327396707,0.9986432,0.9820402688980882,0.9808020516942909,1.0,1.0,0.8128605281572799,0.9999343944852197,0.995,0.9996562038608834,0.999975668594952,1.0,0.9977742,1.0
6,146,1,0.9999776393588765,1.0,0.955,0.9999968179093434,0.9878897,0.9783299950583815,0.9799739736256534,1.0,1.0,0.7401278594099605,0.9975225490261208,0.995,0.9857160410891725,0.9999709103875165,0.955,0.9760059,1.0
6,159,1,0.9999794789147312,1.0,0.975,0.9999993850564401,0.9986168,0.9800635098734289,0.980799940673816,1.0,1.0,0.7756848441539017,0.999935842026474,0.995,0.9933989196461284,0.9999696480799527,0.985,0.997726,1.0
6,160,1,0.9987477357596907,1.0,0.92,0.9999950754396327,0.99339515,0.9749291615621782,0.9804019148217971,1.0,1.0,0.634729290621193,0.9999271390987513,0.975,0.9780344902267795,0.9982834291391124,0.955,0.9917835,0.999999
6,161,1,0.9998772680319604,1.0,0.935,0.999995994847898,0.9928542,0.976449361197365,0.9803603878814776,1.0,1.0,0.7558677398880883,0.9994085384956204,1.0,0.9819318602079178,0.9998519221381551,0.93,0.9887566,1.0
6,163,1,0.9999811645965022,1.0,0.995,0.9999999928559001,0.99671245,0.9816609498359048,0.980655891185446,1.0,1.0,0.7218210260084021,0.9999496437044546,1.0,0.9979234009162927,0.9999739792957621,0.995,0.9943445,1.0
6,166,1,0.8831122459381333,1.0,0.995,0.9434572572361724,0.9929724,0.9814599501496251,0.9755782259607012,0.6,0.501878522116343,0.5712792599465845,0.9996996047473814,0.88,0.953635469284177,0.8373605408938448,0.99,0.9909037,0.59012866
6,185,1,0.8130337665603116,1.0,0.8,0.8188395708367515,0.9856209,0.9563422892690635,0.9750934822129538,0.6,1.9331815858459035e-09,0.6608898471244365,0.9988529133110727,0.845,0.8543735633217008,0.7460339493271363,0.825,0.9772075,0.9946281
6,195,1,0.9999990887431754,1.0,1.0,0.9999988665278127,0.9985216,0.982040248723624,0.980792831536994,1.0,1.0,0.7576369417541349,0.9999044352093388,1.0,0.999629895316656,0.9999988416766351,1.0,0.99800175,1.0
6,198,1,0.9999981878334417,1.0,0.995,0.9944997746165471,0.99815065,0.9816609498359048,0.9807648722860082,1.0,1.0,0.7462229995879854,0.9999158510699262,1.0,0.9969121522841358,0.9999973491996655,0.995,0.9975078,1.0
6,209,1,0.695162197027526,1.0,0.89,0.748437957689189,0.98750496,0.9693546470857188,0.9654084588169983,0.6,5.53518619186612e-10,0.6344487912031211,0.9991913149937324,0.825,0.8302762784557901,0.6137801426450773,0.85,0.9738588,0.9418044
6,212,1,0.9999999537770327,1.0,1.0,0.9999925470332598,0.9988218,0.9820402688980882,0.9808155230207655,1.0,1.0,0.81234921077006,0.9999343944852197,1.0,0.9997035739492544,0.9999999496270501,1.0,0.99818677,1.0
6,217,1,0.9983799563990073,1.0,0.995,0.9999998106834675,0.99802184,0.9816608503047832,0.9807551147434672,1.0,0.7018121630903353,0.7679561808469682,0.9999431951774278,0.995,0.9978504020329173,0.9977301010127676,1.0,0.9963148,1.0
6,222,1,0.9642369977633989,1.0,1.0,0.9931701574126821,0.9980094,0.9820395257906459,0.9807507423133702,1.0,1.0,0.6528346956778445,0.9996588623623527,0.995,0.9888541347136293,0.953839095188697,1.0,0.99699295,0.99999833
6,233,1,0.9880409589990533,1.0,0.94,0.9965221830576553,0.99086225,0.9769337961810663,0.9802062662370548,1.0,0.9999999999860876,0.7398812882807931,0.999937929034095,0.9,0.9788563480961932,0.9832349049740194,0.94,0.9881457,1.0
6,236,1,0.9987322999953594,1.0,1.0,0.9999998202612288,0.9980677,0.9820402251867212,0.9807584746841157,1.0,1.0,0.6888338322053906,0.9999158510699262,1.0,0.9991999493194037,0.998270792536027,1.0,0.9972566,0.99999905
6,242,1,0.9999999987949355,1.0,1.0,0.999995339344139,0.99879897,0.9820402688980882,0.9808138023263233,1.0,1.0,0.8043062224280955,0.9999343944852197,1.0,0.9996985761367125,0.9999999985126113,1.0,0.99818677,1.0
6,244,1,0.9999890186990218,1.0,1.0,0.9999999400624447,0.99874496,0.982040248723624,0.9808096735072955,1.0,1.0,0.8043062224280955,0.9999343944852197,1.0,0.9996834808402689,0.999986327038336,1.0,0.99810106,1.0
6,246,1,0.999999998765104,1.0,1.0,0.9957223469866957,0.9987293,0.9820402688980882,0.9808085494537055,1.0,1.0,0.8196692107230961,0.9999343944852197,1.0,0.9986129085824583,0.9999999986099073,1.0,0.99810106,1.0
6,255,0,0.006427042193562318,0.0,0.0,0.005203343511271817,0.006019863,0.030640257967810676,0.03677460419859226,0.0,1.747991647230632e-17,0.35638384747900076,0.0003273646323703039,0.01,0.004412562134799578,0.004383918221672821,0.0,0.0065867505,4.9808282e-08
6,256,0,0.010811872955711578,0.0,0.02,0.0066761311651797675,0.0039627803,0.03327475844720034,0.03648395587117668,0.0,6.12250780097455e-16,0.33435647335283686,0.00022090680904759112,0.005,0.010362696117461982,0.007221694476915721,0.035,0.0042207395,1.3362751e-07
6,260,0,0.07185380232214339,0.0,0.0,0.02224561430715577,0.0021494646,0.030656956173254653,0.03623990336330292,0.0,2.0849126649403156e-16,0.3422931142065128,0.0001954899540660764,0.02,0.02406222029795861,0.05149899218319913,0.005,0.0020971869,4.344561e-06
6,267,0,0.026296773794104358,0.0,0.0,0.009162958267446475,0.0021494646,0.030648850162610763,0.03624512630958502,0.0,1.4183690447191451e-16,0.3207200675827056,0.0001954899540660764,0.01,0.00940229915602153,0.017948894566194532,0.005,0.0020971869,4.0615364e-06
6,269,0,0.007845843412561707,0.0,0.0,0.0013228739494171074,0.0068894816,0.030639926355963687,0.036897607466653715,0.0,1.496468485655884e-17,0.40820739430072683,0.0003273646323703039,0.0,0.004014549731274974,0.005406320113905531,0.005,0.007267404,3.804749e-08
6,271,0,0.042132980499300095,0.0,0.005,0.01482133005844246,0.003985108,0.03129937862571742,0.03650369084784488,0.0,4.144608771144636e-16,0.3362665919815241,0.00022090680904759112,0.015,0.016484854608525744,0.02862412711683632,0.005,0.004087146,1.3960376e-05
6,278,0,0.011411454984167088,0.0,0.0,0.012164703358279424,0.0042129187,0.030640383127016776,0.036519842412386316,0.0,2.4003056012343487e-17,0.38382317032155705,0.0003273646323703039,0.01,0.006947269258445905,0.008240693777690803,0.0,0.0051151486,1.2264244e-06
6,279,0,0.0015310830575381914,0.0,0.0,0.0005687539500638256,0.004426314,0.03063954568484735,0.036548348595839136,0.0,1.5091771268227916e-18,0.3376860433682943,0.00022090680904759112,0.0,0.001631537759361158,0.0010794639368882618,0.0,0.0040077437,2.7929135e-09
6,285,0,0.013648585365635308,0.0,0.005,0.009448892736979377,0.009444963,0.03127854567969028,0.03726536672959682,0.0,1.7662374974842388e-17,0.3284422929454115,0.00021913802096228886,0.025,0.009385610322398496,0.009676032034975102,0.02,0.0074156006,1.1117526e-06
6,290,0,0.015253417569969844,0.0,0.005,0.003658649383997525,0.002292773,0.03127904857041744,0.03625004745861635,0.0,2.658506109804051e-17,0.3415701739424449,0.00022090680904759112,0.005,0.006551209985456208,0.010872996451700008,0.005,0.0024554853,4.6033648e-07
6,292,0,0.027093666133210167,0.0,0.005,0.013945658740044557,0.003512962,0.03127905732833713,0.03642020613309911,0.0,1.375528891700826e-16,0.37911118681276146,0.0003242321011328234,0.005,0.01238807172401275,0.01914988687731343,0.0,0.0038741378,8.069968e-08
6,301,0,0.0009207661955924019,0.0,0.0,0.0005686829009288618,0.0019566575,0.03063953695735899,0.03620159962404792,0.0,2.4602283496599647e-18,0.29291105023166086,0.0001954899540660764,0.0,0.000861526650761695,0.0006648122405222989,0.0,0.0020111774,7.814508e-09
6,306,0,0.029037850079564217,0.0,0.01,0.020384855342849464,0.0074039428,0.03193386612901071,0.03697307277450723,0.0,2.204752218224627e-17,0.40150953414155544,0.0003273646323703039,0.005,0.016706662044692122,0.02111039845804284,0.01,0.0056111775,8.5880185e-07
6,307,0,0.09735778284807223,0.0,0.02,0.05670718162843805,0.0067402027,0.12078407694956372,0.04908021328719028,0.0,9.062901270697428e-15,0.33033913832436734,0.00022090680904759112,0.03,0.04520129178452849,0.07006359590999368,0.01,0.0063812817,0.052638605
6,326,0,0.019078499783284297,0.0,0.0,0.0043649853986265155,0.0023110162,0.0306403679126051,0.03625684462937476,0.0,1.5244601189199023e-17,0.37981062256791454,0.00022090680904759112,0.01,0.006438625345505282,0.013585752391338902,0.005,0.0025259291,5.1586894e-06
6,327,0,0.004254482691828774,0.0,0.015,0.006165780095965563,0.002633488,0.03259454872205907,0.036298403788687345,0.0,1.0127499805482761e-16,0.32327747059330436,0.00022090680904759112,0.015,0.007013437706587281,0.002953276220263885,0.005,0.0024657347,1.509627e-06
6,331,0,0.02864745797139703,0.0,0.005,0.007233623463068743,0.004085405,0.03128986124720656,0.03651136655145502,0.0,1.9182307682669022e-16,0.32010729404553007,0.0001954899540660764,0.01,0.011241621558213564,0.020196000878210055,0.005,0.0036552835,3.2693355e-05
6,332,0,0.0009667610087799421,0.0,0.0,0.001864054664641952,0.0019542174,0.03063954263980534,0.036201248349837324,0.0,8.095910692746821e-18,0.3134825852152625,0.0001954899540660764,0.0,0.0011962582787004795,0.0006840086734483575,0.0,0.0021184746,6.5050587e-10
6,336,0,0.03755787950424823,0.0,0.045,0.01044168573175354,0.0063046184,0.03687377709810722,0.03685410548150227,0.0,6.527715186256102e-17,0.440504565038826,0.00040309511838533367,0.045,0.02482604591821123,0.026324752270951674,0.05,0.009004279,2.6943524e-05
6,339,0,0.2675907355684626,0.0,0.03,0.09575556806924818,0.004639945,0.03511096779223969,0.041455757053387055,0.2,2.482835966515291e-15,0.37341666939019297,0.000257925714676025,0.085,0.09949656215766757,0.20089423284245114,0.025,0.004391917,0.0071705626
6,340,0,0.004611560498413898,0.0,0.0,0.0012001183880165243,0.0024419646,0.0306396656513315,0.03626984432465042,0.0,2.443761661180228e-18,0.33654558095999404,0.00022090680904759112,0.005,0.002063410866078476,0.0032237740663957526,0.005,0.0021894148,8.7081105e-08
6,358,0,0.1077957534729771,0.0,0.15,0.0721554385655471,0.3403136,0.06313582913924405,0.1444055187117856,0.0,9.208507949119781e-16,0.4788832518420308,0.07076053883202138,0.11,0.16756620136332215,0.0776894247918117,0.115,0.2580176,0.048299655
6,360,0,0.0027938090320615487,0.0,0.0,0.00538916075335511,0.0040346826,0.030639590032685265,0.03649421573010698,0.0,1.0346460007726619e-17,0.31767568742562413,0.00019392463779881717,0.0,0.003054413107021286,0.0019603637568001396,0.005,0.0037128986,4.1600205e-07
6,364,0,0.031588633297641465,0.0,0.045,0.0116856106232782,0.005335894,0.036878771243845934,0.03670436493130722,0.0,3.345019179857375e-16,0.3672498196716585,0.000257925714676025,0.015,0.023402534467137696,0.021383877535271684,0.04,0.0075930315,5.042852e-06
6,368,0,0.0029753725509860805,0.0,0.0,0.001550168798650369,0.0020180063,0.030639585900951914,0.0362101907355563,0.0,1.2125173129674749e-17,0.3100035546488979,0.0001954899540660764,0.0,0.0016358869088222419,0.0020899285444547586,0.0,0.0021829326,1.8573652e-09
6,369,0,0.16754707819989684,0.0,0.01,0.08586943208032011,0.0021440408,0.03222063230841978,0.03709125375658766,0.2,2.638178833741326e-15,0.3466838276638102,0.0001954899540660764,0.05,0.06639013776322708,0.12241177979969141,0.005,0.0021505563,0.0029624575
6,383,0,0.02446556499046087,0.0,0.015,0.007114938088574662,0.0035445944,0.03259723774601455,0.03642745775667847,0.0,1.448961203761963e-16,0.3587385080784388,0.0001954899540660764,0.015,0.012531274368269656,0.017309414414850843,0.03,0.0021829326,6.972335e-07
6,390,0,0.013712068139412314,0.0,0.005,0.003070537261601058,0.0047013164,0.03127914816477831,0.03659157947203693,0.0,3.61293230675333e-17,0.3706401904864776,0.00021913802096228886,0.01,0.006620980439418077,0.009301019926963845,0.0,0.0048604724,2.866998e-07
6,393,0,0.01751674323815961,0.0,0.07,0.005461910971178365,0.014639609,0.04084593100613661,0.038047235676575905,0.0,7.479075890403908e-17,0.37892702397934364,0.0006229656271114926,0.035,0.026904565692832654,0.012228274378713037,0.065,0.011627534,7.020217e-05
6,396,0,0.000728432171495226,0.0,0.005,0.0008268146299560845,0.0042753005,0.03127813164043752,0.03652705030339448,0.0,8.990447515329456e-19,0.35020062087030834,0.00027904070269909627,0.0,0.0027076368353703283,0.0005131218468440196,0.005,0.0049147923,3.768425e-10
6,2,1,0.9999945015518463,1.0,1.0,0.9999999896705924,0.9989287,0.9854317722617134,0.9826405376719713,1.0,1.0,0.8239991367804534,0.9999314630017855,0.995,0.9997308042354727,0.9999930007894777,1.0,0.99826837,1.0
6,7,1,0.9997742680049089,0.0,0.915,0.999999366003923,0.9894902,0.9798986675330581,0.982066096479698,1.0,1.0,0.7980581829357932,0.9987790713112373,0.95,0.9760659612547028,0.9997129859879744,0.935,0.98531425,0.99999994
6,8,1,0.9999918915809329,1.0,1.0,0.9999999787260198,0.9990274,0.9854317722617134,0.9826464448791177,1.0,1.0,0.8217555057776994,0.9999314630017855,1.0,0.999754810428377,0.9999894528873414,1.0,0.9985495,1.0
6,13,1,0.9987196599099654,1.0,1.0,0.9999997907830246,0.99814606,0.985431706712715,0.9825935990082068,1.0,1.0,0.68451616607598,0.9998911578691866,1.0,0.999216376955474,0.9982599823779164,1.0,0.99729615,1.0
6,17,1,0.9931304155576385,1.0,1.0,0.9999966654073899,0.99842525,0.9854312416186201,0.9826103569322441,1.0,1.0,0.7175744035086424,0.9998911578691866,0.995,0.9978880815625156,0.9908910515933324,1.0,0.9974879,0.9999998
6,20,1,0.9999998780334327,1.0,1.0,0.9999973802751082,0.9988085,0.9854317160768753,0.982633335704102,1.0,1.0,0.826687768962491,0.9999314630017855,1.0,0.9997014403648702,0.9999998544783316,1.0,0.9982932,0.9999999
6,36,1,0.999467512896297,1.0,0.995,0.9999999429671568,0.99879223,0.9851525340545998,0.9826323606956537,1.0,1.0,0.8065158133865203,0.9999139856154352,1.0,0.9983149217365925,0.999266475480497,0.995,0.9982545,1.0
6,39,1,0.9999921610518897,1.0,1.0,0.9999999815088474,0.99633527,0.9854317722617134,0.9824845228943394,1.0,1.0,0.7027519965458766,0.9999165939179792,1.0,0.9990818526453418,0.9999904548120869,1.0,0.99321896,1.0
6,43,1,0.9999997312894575,1.0,0.99,0.9999890930046538,0.99861443,0.9848680127439742,0.9826217035275102,1.0,1.0,0.7721961513035925,0.9999314630017855,0.995,0.9971508136804157,0.9999996783342824,1.0,0.9978491,1.0
6,50,1,0.9995827985894553,1.0,1.0,0.9999995380986532,0.99740714,0.9854317379265599,0.9825491537803566,1.0,1.0,0.6710865568030535,0.9998999875488505,1.0,0.9992473687589335,0.9994485601753242,1.0,0.99546236,1.0
6,52,1,0.9943514532347437,1.0,0.94,0.9999940232768297,0.99691063,0.981711205830251,0.982519253519456,0.8,3.8688718267480385e-08,0.7134386101364384,0.9999228711861727,0.975,0.982814027042055,0.9919263764775965,0.965,0.9950434,1.0
6,55,1,0.9999993316922541,1.0,1.0,0.9999996538251753,0.9989287,0.9854317535334578,0.9826405376719713,1.0,1.0,0.8303843396609425,0.9999314630017855,1.0,0.9997319278092203,0.9999991933486801,1.0,0.99826837,1.0
6,60,1,0.9921667237752344,1.0,1.0,0.999992582355832,0.99815243,0.9854315443996591,0.9825939819985756,1.0,1.0,0.6560776578681374,0.9997391039463333,1.0,0.9975779352392409,0.9897926971565907,1.0,0.99721885,0.99999994
6,64,1,0.9981085730263579,1.0,1.0,0.9999999417732606,0.9970107,0.9854317722617134,0.9825252875007847,1.0,0.016112562476450737,0.723191580235903,0.9999228711861727,1.0,0.9987798056637107,0.99739444312279,1.0,0.9952187,1.0
6,72,1,0.99999983419567,1.0,1.0,0.9999998817495059,0.9990274,0.9854317722617134,0.9826464448791177,1.0,1.0,0.8449270596207925,0.9999026327600289,1.0,0.9997567718379328,0.9999997966996028,1.0,0.9985495,1.0
6,76,1,0.9999999738012786,1.0,0.99,0.9999951626244857,0.9986437,0.98486803218582,0.9826234581325098,1.0,1.0,0.8038697341894135,0.9999314630017855,0.995,0.9971597081834751,0.9999999712138553,0.99,0.9978873,1.0
6,79,1,0.9983204863136393,1.0,0.985,0.999998294219178,0.99333876,0.9845781641328636,0.9823025467220967,1.0,1.0,0.7026393637086793,0.9998467635405606,0.995,0.9941643860616635,0.997854288903025,0.96,0.988182,0.9999998
6,83,1,0.9956560715999918,1.0,0.955,0.9999969583805981,0.9920196,0.982720672602451,0.9822218468135859,1.0,1.0,0.6991206133801259,0.9990259366177959,0.995,0.9856681559240643,0.9940592889335487,0.975,0.98301584,1.0
6,85,1,0.9983786585882931,1.0,1.0,0.9999999823285669,0.99890935,0.9854317660189642,0.982639377414383,1.0,1.0,0.8060925424997095,0.9999314630017855,1.0,0.9993219987816899,0.997792700755672,1.0,0.9982352,1.0
6,88,1,0.9999973894580436,1.0,1.0,0.9999970781342812,0.9988104,0.9854317722617134,0.9826334499872859,1.0,1.0,0.7743152454428484,0.9999104206325818,1.0,0.9997012195229744,0.9999967576031841,1.0,0.99808073,1.0
6,89,1,0.4116411706099101,1.0,0.835,0.26820885833055935,0.9619246,0.5288789071939513,0.6268459632491957,0.8,3.0801380191548692e-15,0.5277914221645199,0.9807252957986776,0.505,0.6191936603656487,0.32822698163020897,0.825,0.9435022,0.04689396
6,90,1,0.9999929879600108,1.0,0.98,0.9999998581733749,0.9935753,0.9842828521615372,0.9823169771639981,1.0,1.0,0.664716425433816,0.9999053708157409,1.0,0.9933920302694228,0.9999911429524867,0.995,0.98784,1.0
6,92,1,0.9999990347233888,1.0,1.0,0.9999999857093579,0.99872893,0.9854317722617134,0.9826285672941668,1.0,1.0,0.7947310840644913,0.9999314630017855,1.0,0.9996819878457279,0.9999988041312463,1.0,0.9981306,1.0
6,93,1,0.9999999985811108,1.0,1.0,0.999992291093988,0.9983076,0.9854317722617134,0.9826032964950038,1.0,1.0,0.8315800214810498,0.9999370231846814,1.0,0.9995749688478366,0.9999999983291654,1.0,0.9972826,1.0
6,94,1,0.9945075848223531,1.0,0.985,0.9999990543280146,0.9962435,0.9845781707356722,0.9824789678400794,1.0,1.454450748255051e-05,0.6839951246422049,0.9999228711861727,0.97,0.9939375290045109,0.992536688048416,0.98,0.99374723,0.9999994
6,99,1,0.9999960865515806,1.0,0.86,0.9918095485346567,0.94850796,0.9752701935083855,0.9793479471375078,1.0,1.0,0.6614462395250683,0.998322284004888,0.995,0.9500783999243227,0.9999943752955985,0.9,0.9194836,1.0
6,102,1,0.8278376617661996,1.0,0.8,0.9290067281324579,0.9119737,0.9690335423954377,0.9765864248027196,1.0,3.139441386439348e-10,0.5221829837196188,0.9983400924061733,0.81,0.8672045261817871,0.7813544067623959,0.77,0.8718879,0.999961
6,111,1,0.9999999829700025,1.0,1.0,0.9999998816854114,0.9988085,0.9854317722617134,0.982633335704102,1.0,1.0,0.8201935406256803,0.9999314630017855,1.0,0.9997020919515884,0.9999999796437755,1.0,0.9982932,1.0
6,125,1,0.9936003381696946,1.0,0.995,0.9999960041565659,0.9974637,0.9851525022515484,0.9825525747622135,1.0,1.0,0.6156818038655587,0.9997472090306905,0.995,0.9965150113704445,0.9911155405950365,1.0,0.9961273,1.0
6,128,1,0.9999999998994846,1.0,1.0,0.9915824350478584,0.9987685,0.9854317722617134,0.9826309391584253,1.0,1.0,0.8201935406256803,0.9999314630017855,1.0,0.9975877358454097,0.9999999999350819,0.995,0.9982304,1.0
6,132,1,0.9999952396359926,1.0,1.0,0.999993738721711,0.9982747,0.9854316942271586,0.9826013057381671,1.0,1.0,0.6828079535426813,0.9998911578691866,1.0,0.9995659155775087,0.9999939323758267,1.0,0.9974891,0.9999998
6,138,1,0.9893321645425501,1.0,0.985,0.9999958658568182,0.99720854,0.9845780882003661,0.982537197314429,1.0,0.018491156499446246,0.6699962443180906,0.9999015575676039,0.945,0.9928841415176506,0.985736298434748,0.98,0.99379694,0.999999
6,140,1,0.99927703559415,1.0,0.81,0.9999979761800695,0.98211044,0.970171686673776,0.9816039602413412,1.0,1.0,0.612999155265754,0.99949322495187,0.94,0.947846363126317,0.9990916128721932,0.835,0.9678085,0.99999994
6,152,1,0.9914114271091404,1.0,0.875,0.9999975141757608,0.988821,0.9766267481885593,0.9820246722861242,1.0,1.548830545634618e-07,0.6626458081531856,0.9998535571563417,0.895,0.9638074927369967,0.987756601732047,0.91,0.97757506,1.0
6,153,1,0.9999999993104145,1.0,1.0,0.9942559155091157,0.99876094,0.9854317129554894,0.9826304775884226,1.0,1.0,0.8314271509135057,0.9999314630017855,1.0,0.9982542133659849,0.9999999992403352,1.0,0.99819213,0.9999857
6,162,1,0.9877475779983188,1.0,0.96,0.9999922340411334,0.99675214,0.9830448781083736,0.9825094695966866,0.8,0.0034557905558083935,0.6599871632537291,0.9998422102418999,0.885,0.9861229887364102,0.9820886832954888,0.975,0.99528414,1.0
6,164,1,0.3161175066582892,1.0,0.755,0.2828305477045945,0.85849243,0.4070844500828134,0.44194271476489255,0.0,2.4423777061909514e-14,0.4679090821391329,0.9985315651562465,0.6,0.5531101220969237,0.24667162935268142,0.73,0.77246946,0.0031139364
6,175,1,0.9998249012846163,1.0,0.905,0.9972614529860133,0.9922462,0.9791253910073426,0.9822357357046838,1.0,1.0,0.6236936785608035,0.9998161140128664,0.98,0.9735831412114333,0.9997610054238565,0.92,0.9879247,1.0
6,184,1,0.9999981386212717,1.0,0.995,0.9999996220556951,0.99872893,0.9851525435955023,0.9826285672941668,1.0,1.0,0.813444048832296,0.9999314630017855,1.0,0.9984316729067829,0.9999978266115522,1.0,0.9981693,0.99999994
6,193,1,0.9999999878964477,1.0,0.96,0.9930650962821376,0.9978969,0.9830448454924485,0.9825785432539509,1.0,1.0,0.7198701996220027,0.9999704415404146,0.995,0.9877404984730825,0.9999999852257817,0.945,0.9967507,1.0
6,197,1,0.9999987756055787,1.0,0.995,0.9999991183370693,0.998237,0.9851525435955023,0.9825990603124285,1.0,1.0,0.6924971078878155,0.9998911578691866,0.995,0.9983087269398704,0.999998335342211,0.985,0.9974355,1.0
6,213,1,0.9999994990719083,1.0,1.0,0.9999999958464366,0.9989139,0.9854317722617134,0.9826396487429815,1.0,1.0,0.8252475040827033,0.9999314630017855,1.0,0.9997283447703119,0.9999993908547331,1.0,0.9983524,1.0
6,218,1,0.9418263908753365,1.0,0.98,0.9901959217135095,0.99477875,0.9842826671616852,0.982390202911272,0.6,1.4087430766201426e-11,0.7088937634487323,0.9998375556543194,0.96,0.9767002662289528,0.9183195051610634,0.98,0.9886622,0.9999971
6,221,1,0.9739356465637142,1.0,0.99,0.9940856708929116,0.99819905,0.9848677437959172,0.9825967807983804,1.0,1.0,0.6848148002156348,0.9996449656757853,0.995,0.9890550907786844,0.9651128866863942,0.99,0.99731463,0.99999964
6,230,1,0.9998091947012784,1.0,0.975,0.9999998913694726,0.9982734,0.9839819601404501,0.982601242931666,1.0,1.0,0.7438274347826556,0.9999542619318582,1.0,0.9932706146802244,0.9997518533436985,0.99,0.9973769,1.0
6,231,1,0.9956723072230144,1.0,1.0,0.9999983121300321,0.99846727,0.985431706712715,0.9826128778347629,1.0,1.0,0.7221970775517864,0.9998911578691866,0.995,0.9985344714781619,0.994016480789103,1.0,0.9977451,1.0
6,234,1,0.9979069440794582,1.0,0.905,0.9999813763859408,0.97696656,0.9791250932606023,0.9812750111553298,1.0,1.0,0.681859767068569,0.9995856152639669,0.96,0.9699637200880828,0.9973663862872794,0.925,0.95178634,1.0
6,237,1,0.9998562788244014,1.0,1.0,0.999999927419056,0.9987889,0.9854317691403391,0.9826321606872744,1.0,1.0,0.7944079087467848,0.9999104206325818,1.0,0.9996612748665665,0.9998210365769543,1.0,0.998044,1.0
6,238,1,0.9999792750390236,1.0,1.0,0.9973332271605877,0.9982942,0.9854317254410299,0.9826024716741192,1.0,1.0,0.702665771005319,0.9998911578691866,1.0,0.9989016692176962,0.9999747664587267,1.0,0.99752635,0.99999833
6,241,1,0.9959961890929508,1.0,0.95,0.99999712491201,0.9980088,0.9823904428292007,0.9825853537601726,1.0,0.009974044713665404,0.7423672027794757,0.9999370231846814,0.92,0.9860005254092373,0.9943764526446347,0.975,0.9965849,1.0
6,251,0,0.001237794185293735,0.0,0.01,0.0014235865575085384,0.0019382972,0.03736880657226908,0.03334999950189785,0.0,2.3442556360281898e-17,0.3127870849447113,0.0002258192549242533,0.0,0.0036499194808152944,0.0008830251917958113,0.01,0.002067732,5.613212e-10
6,262,0,0.03965887053540587,0.0,0.015,0.012938366782729962,0.006009264,0.03806850289367967,0.033813928962323145,0.0,1.9536818726596712e-16,0.35829493308294236,0.0003168334218215478,0.0,0.018401625308984898,0.027782069142182286,0.01,0.0067135226,1.0292989e-06
6,268,0,0.1120604362505407,0.0,0.24,0.07332633665793203,0.1150247,0.08609718652217772,0.048813321211959665,0.0,6.842675807825907e-10,0.446790246028658,0.0021897979040320214,0.295,0.13510286841732852,0.08558077666938688,0.235,0.12511677,7.562766e-06
6,277,0,0.0070654699198817944,0.0,0.015,0.0022617846620008237,0.005106495,0.03806825945534211,0.033710478450276415,0.0,5.874099708685499e-17,0.35291257429664424,0.0002641290463482621,0.015,0.007358437452386832,0.005027197495095639,0.01,0.005678956,3.817324e-08
6,281,0,0.0016118734438506838,0.0,0.01,0.0016097149924138407,0.003936959,0.037368806931915056,0.03357697181815623,0.0,1.413645145634798e-17,0.34480666859741765,0.00036117152672012046,0.0,0.004289636850294652,0.00115827160536086,0.005,0.0040157572,1.2156572e-09
6,286,0,0.011784167572426847,0.0,0.005,0.003063710221051949,0.004684972,0.03668182829011294,0.033662302292726515,0.0,4.603123135906643e-17,0.3468080229306069,0.0002542886735054888,0.005,0.006133212476153629,0.008466435235293425,0.005,0.0044187685,6.5482375e-08
6,289,0,0.007614133644649017,0.0,0.0,0.0009500816259166977,0.0026593935,0.03600697279091844,0.033431718070823076,0.0,6.003242294901663e-18,0.31053561045521805,0.0002258192549242533,0.005,0.0028059021862563405,0.005549652836465754,0.0,0.0026197685,2.2086361e-08
6,293,0,0.02135808484165011,0.0,0.01,0.012181723624853053,0.0076798885,0.037370647039193086,0.034006590795087846,0.0,1.803789567125695e-16,0.3821850806173356,0.0004325305285432013,0.01,0.012804924244860596,0.015458424502432271,0.015,0.006084344,3.15657e-06
6,294,0,0.032252536703504385,0.0,0.005,0.010844081010191256,0.0050398805,0.036682231968666525,0.03370288881711512,0.0,2.5903735779668546e-16,0.3522901619801389,0.0002641290463482621,0.0,0.013284124557891457,0.02357019283294048,0.005,0.005352141,7.885311e-07
6,303,0,0.0029635021254446644,0.0,0.075,0.002371769615281225,0.009332889,0.04750105343740174,0.034197215798839734,0.0,2.944374690741162e-18,0.40077087474395423,0.00030344594599896304,0.03,0.02241704012509963,0.002148683666443907,0.055,0.011206734,3.1884582e-09
6,309,0,0.0019922776603792753,0.0,0.01,0.0015185659001590306,0.00837448,0.03736880780996618,0.03408624841052219,0.0,7.413192884250822e-18,0.4213453954970118,0.0005161264566284001,0.005,0.005471330789958838,0.0014606780825401325,0.005,0.00976163,9.349116e-10
6,316,0,0.049925264383522655,0.0,0.03,0.016598375224070892,0.0071064844,0.040244633848168856,0.03394023452902813,0.0,1.6019788591546406e-16,0.39641678327537283,0.0003168334218215478,0.01,0.02590753099680323,0.03604688669564183,0.025,0.006430375,3.4701404e-06
6,324,0,0.2821066793536031,1.0,0.37,0.249536233599795,0.48965707,0.13857624879297728,0.17188511558433364,0.2,3.6128550270568343e-14,0.40712261465538957,0.027203142779612756,0.17,0.3478249967916065,0.21517857672106191,0.38,0.39448637,0.017652754
6,329,0,0.006691712243083253,0.0,0.005,0.0014232460335510356,0.0025594658,0.03668183596091461,0.033420382886325865,0.0,4.45632768011765e-17,0.35023164147514074,0.0002542886735054888,0.0,0.003918606024616677,0.004613476604962535,0.005,0.002922809,4.292186e-08
6,341,0,0.02457662438615749,0.0,0.015,0.006940451210749333,0.007183592,0.0380700012519174,0.033948965689334525,0.0,3.134408913618642e-16,0.3471742966546984,0.0002258192549242533,0.025,0.013425166858026902,0.01739676752533767,0.02,0.0066429027,1.4254568e-06
6,343,0,0.0013119642562874376,0.0,0.0,0.0012944994698124983,0.0036709602,0.03600695427754617,0.033546678630313444,0.0,2.886381714492674e-18,0.3233277438515883,0.0002641290463482621,0.0,0.0015693559812969486,0.0009226736959272543,0.0,0.0039294567,3.5663075e-10
6,348,0,0.020165331345520433,0.0,0.0,0.01915629261189996,0.0040529114,0.0360070966264048,0.033590214539847896,0.0,2.2916831317645995e-16,0.3323694861332904,0.0002542886735054888,0.01,0.010843633844210457,0.014145126885537429,0.005,0.0041174307,7.2289686e-07
6,351,0,0.014881396932746625,0.0,0.065,0.012406401477073423,0.005400898,0.04578759362965905,0.03374416717540985,0.0,1.1415786049000744e-15,0.36503490709366626,0.00025296797708023,0.045,0.024422174086213222,0.010671056656691977,0.04,0.006512922,2.0571119e-07
6,359,0,0.006291833900922927,0.0,0.005,0.0028716724568626285,0.003365552,0.03668186435135023,0.03351193329451286,0.0,2.887241967822553e-16,0.29987246522094896,0.0002258192549242533,0.005,0.004382264602660262,0.004633106639812622,0.01,0.0036132862,4.25798e-08
6,361,0,0.0784511790524532,0.0,0.01,0.05093146117972208,0.010493611,0.03737297714119735,0.03433426384292786,0.0,6.151405506783186e-16,0.3714614804471619,0.00030344594599896304,0.025,0.0374690628044381,0.05520176794234271,0.005,0.010885038,1.609039e-05
6,363,0,0.0012133033037057632,0.0,0.075,0.0015129127456018341,0.008401152,0.047501053901830965,0.034089331868595515,0.0,9.275050923374443e-18,0.37008045560581565,0.00025296797708023,0.005,0.021531841948954765,0.0008621151793897008,0.045,0.009428591,3.2044906e-10
6,366,0,0.00698907467578676,0.0,0.005,0.003520631024392427,0.0033834374,0.036681808645171066,0.033513964126804185,0.0,1.5154535574647713e-16,0.3044420569750513,0.0002542886735054888,0.0,0.00472328577614706,0.004724478630528926,0.0,0.0033703952,1.7109913e-08
6,367,0,0.00022207751217038764,0.0,0.005,0.0009455242195949207,0.0029492471,0.03668179849653879,0.033464619393706554,0.0,7.729141921259134e-19,0.34956082833882396,0.00025296797708023,0.0,0.002279212217119346,0.00015876583459398046,0.0,0.0036402368,5.902573e-12
6,370,0,0.012510365935198487,0.0,0.0,0.002201159980257631,0.0043059066,0.03600697647965099,0.03361903448703118,0.0,2.7036186051125997e-17,0.3818964544192504,0.0004045861522271772,0.035,0.004754358127313927,0.008984713490257808,0.0,0.0053824536,4.3753477e-08
6,371,0,0.0004977914655284618,0.0,0.005,0.00045953299385068097,0.0026931353,0.03668179948599246,0.03343554592390075,0.0,1.7720685323723122e-17,0.3106442223802033,0.0002258192549242533,0.01,0.0021626149376792773,0.0003648314697472831,0.005,0.00271882,4.8107286e-11
6,375,0,0.02408520547668491,0.0,0.0,0.005961694812613482,0.0018477521,0.036007051275764965,0.033339757445099295,0.0,5.053655931391435e-17,0.3060717355749504,0.0002258192549242533,0.0,0.007973663106602007,0.01737604993007305,0.0,0.00199736,2.278601e-07
6,377,0,0.11107846967619255,0.0,0.015,0.019009093664271753,0.0034693978,0.03807828941377246,0.03353747803076066,0.0,2.387074638160157e-16,0.3711086109539378,0.0002542886735054888,0.035,0.03713924028000461,0.08154624890010106,0.0,0.003681458,5.9828108e-05
6,384,0,0.021786654065729546,0.0,0.05,0.018861418250951244,0.010181002,0.043327308019823714,0.03429579149445041,0.0,1.8688902596929026e-15,0.35568127887456497,0.0002542886735054888,0.03,0.025207268658884972,0.015758291961458774,0.04,0.009395515,4.7899844e-06
6,387,0,0.0032599064458029166,0.0,0.015,0.001834174832143441,0.0063359817,0.03806818381854923,0.03385137930951147,0.0,1.8600292855745545e-17,0.3444213019021462,0.00030344594599896304,0.0,0.006607515733453066,0.002235370942566624,0.01,0.00746052,3.581258e-09
6,388,0,0.00580872508359676,0.0,0.01,0.006856874636715632,0.0042564864,0.0373688122407731,0.03361339616450734,0.0,3.3759427759178726e-17,0.3401732533874118,0.0004325305285432013,0.01,0.006730521536837826,0.004093661203845305,0.01,0.004315782,1.5504675e-08
7,0,1,0.6627222759402543,0.0,0.485,0.839417096526947,0.21274628,0.647209524716046,0.6361281219059722,1.0,1.0,0.4752500925554802,0.1591805928867204,0.81,0.5499714124796791,0.6055165450998505,0.57,0.18358783,0.8713796
7,10,1,0.9999996166149021,1.0,1.0,0.9999990689996026,0.9989729,0.9814936076654621,0.9806073185108655,1.0,1.0,0.8664257317011674,0.9999555902269018,1.0,0.9997428945939337,0.9999995346219582,1.0,0.9982463,1.0
7,25,1,0.9412933747936703,1.0,0.89,0.9914311362883976,0.98254067,0.9695322520804701,0.9792237773515177,1.0,1.0,0.6048770296687039,0.999921251739205,0.93,0.9513162945347764,0.9221328045539727,0.92,0.9701728,0.99986327
7,36,1,0.9994037831801442,1.0,0.995,0.9999999395095239,0.9990682,0.9810847048372735,0.9806147153124242,1.0,1.0,0.8222024143776292,0.9999637485680809,1.0,0.9983679808194736,0.9991718901164082,0.995,0.9984047,0.9999976
7,37,1,0.9997741880139365,1.0,1.0,0.9999978404422963,0.997863,0.9814710344355592,0.9805168221954805,1.0,1.0,0.6605976899228038,0.9999501732753382,1.0,0.9994087557817751,0.9996947269661272,1.0,0.995624,0.9999998
7,41,1,0.9720402566138481,1.0,0.875,0.9999848978039436,0.9691377,0.9682538107511655,0.9780241464537276,1.0,2.7817122598916265e-10,0.6307371298448539,0.9959183367435479,0.945,0.9540407206580139,0.9588178015479726,0.86,0.9539832,0.99999905
7,47,1,0.9973347286624769,1.0,0.855,0.9999981652438271,0.9530471,0.965425523302147,0.976496649591392,1.0,1.0,0.6883250664655075,0.9996952828176313,0.94,0.9513449976588957,0.9964297756346382,0.845,0.9374111,0.9999991
7,49,1,0.9999977994584279,1.0,0.995,0.9928980971561098,0.9989729,0.9810875832060388,0.9806073185108655,1.0,1.0,0.8430477695969802,0.9999555902269018,1.0,0.996717197343942,0.9999969349426313,1.0,0.9982463,0.9999998
7,52,1,0.9928677306375805,1.0,0.975,0.9999873910801859,0.99705505,0.9793698380548509,0.9804506416003401,0.8,7.964835812628664e-08,0.7445232541257987,0.9999706217843303,0.96,0.9912275438571759,0.9894113704073886,0.965,0.99520004,0.99999976
7,58,1,0.9997293290583501,1.0,1.0,0.9999901959787659,0.998456,0.9814915114631151,0.9805652280550662,1.0,1.0,0.7253231876676911,0.9999501732753382,1.0,0.9995438815797136,0.9997014552379203,1.0,0.9973368,0.99999875
7,59,1,0.9999609830158387,1.0,1.0,0.9999997286340909,0.99850696,0.9814927464632327,0.9805693783460461,1.0,1.0,0.6972037983646597,0.9999501732753382,1.0,0.9996169187257378,0.9999487897483487,1.0,0.99741083,0.9999999
7,64,1,0.998638555473688,1.0,0.995,0.9999999720390333,0.99715185,0.981087915170191,0.9804586257544298,1.0,0.3360518724895867,0.7605650647480061,0.9999706217843303,0.995,0.9976975947916935,0.9979999793195625,1.0,0.9953334,1.0
7,65,1,0.9753519825963464,1.0,0.815,0.9966473662360158,0.9584166,0.9590011803085239,0.9770175674771931,1.0,0.0004192925553695395,0.6381932005714644,0.9997109162101319,0.82,0.9363539824965579,0.9653452358154184,0.835,0.9374111,0.9999987
7,68,1,0.9996784591541883,1.0,1.0,0.9999999961565651,0.9987752,0.9814939456359709,0.9805912261557824,1.0,1.0,0.8457924213704886,0.9999555902269018,1.0,0.999613409866316,0.9995676751502032,1.0,0.99799746,0.9999999
7,71,1,0.9999823074271399,1.0,1.0,0.9999955557338902,0.9987382,0.9814924929698036,0.9805882209571121,1.0,1.0,0.7983508461381178,0.9999555902269018,1.0,0.999679023108945,0.999976171634061,1.0,0.9973124,1.0
7,75,1,0.9988563381808055,1.0,0.945,0.9999999477624554,0.9942115,0.9765149678394374,0.9802158441529472,1.0,0.2942426750118761,0.7567185598187806,0.9999720316983445,0.99,0.9845169452164747,0.9982502864567383,0.96,0.9907341,0.99999946
7,79,1,0.9985694862074124,1.0,0.975,0.9999965061411592,0.9904371,0.9793705718552698,0.979897585869791,1.0,1.0,0.7166975787977826,0.9999323069759992,0.995,0.9910007706863632,0.9981355454848552,0.97,0.9844497,0.99999934
7,88,1,0.999997605215085,1.0,1.0,0.999989086069243,0.99863225,0.9814943030981883,0.9805795902139931,1.0,1.0,0.7999251845685363,0.9999555902269018,1.0,0.9996547358751667,0.9999970600091355,1.0,0.99772424,1.0
7,92,1,0.9999984067379329,1.0,0.99,0.9999999762811791,0.9989208,0.9806726565580588,0.9806030805128977,1.0,1.0,0.8231831101583361,0.9999555902269018,1.0,0.9972297953302023,0.9999980300633651,0.975,0.9981675,0.9999999
7,93,1,0.999999986120994,1.0,1.0,0.9974307015913904,0.9986953,0.9814942900996809,0.9805847263960983,1.0,1.0,0.8495082099085463,0.9999555902269018,1.0,0.999031500410724,0.9999999841664344,1.0,0.9972355,1.0
7,96,1,0.9995190698169155,1.0,1.0,0.9999999930363749,0.9987664,0.9814941666134139,0.9805905093285303,1.0,1.0,0.842939805389861,0.9999637485680809,1.0,0.9995713712812547,0.9993151677964137,1.0,0.99799746,1.0
7,98,1,0.9999996197605288,1.0,1.0,0.9931547921860968,0.9985056,0.9814942121084484,0.9805692701340665,1.0,1.0,0.6524074488190864,0.9999501732753382,1.0,0.9979150010732043,0.9999994766196304,0.99,0.9973615,1.0
7,108,1,0.9536678623475244,0.0,0.85,0.9901945560735554,0.9874977,0.9645819041710189,0.9796494066893212,0.4,8.616514273657195e-12,0.6792532489859071,0.9996314264471539,0.855,0.9453400264402156,0.9307488884139125,0.905,0.976458,0.9999018
7,110,1,0.9552160947703425,1.0,0.97,0.9884243872525971,0.9972567,0.9788552890621761,0.9804647208283513,0.4,9.080643355670775e-10,0.7743803586944324,0.9999813714904885,0.925,0.9777242945617881,0.9335298119823132,0.975,0.9956944,0.9999363
7,113,1,0.9919592644150936,1.0,0.995,0.9999935142527565,0.9948125,0.9810830978101814,0.9802658864415451,0.8,1.0,0.7163522037910353,0.9999510725712647,0.995,0.9954413168059395,0.9886969097157222,0.995,0.99222493,1.0
7,118,1,0.9998089117724561,1.0,0.99,0.9999999914842393,0.99744797,0.9806733211959519,0.980482886154538,1.0,1.0,0.8238146780278419,0.9999526689879009,1.0,0.9968142176964981,0.9997383928706326,0.995,0.99574643,1.0
7,119,1,0.9744229852691343,1.0,0.94,0.9999890892253249,0.99010706,0.9759979839088285,0.9798717136526568,1.0,2.1570535729488766e-10,0.6546626202669985,0.999822972367071,0.995,0.9761297834933047,0.9625811465188054,0.915,0.9828507,0.9999989
7,120,1,0.956798233004831,1.0,0.955,0.9937900362879525,0.99549377,0.9774862401123177,0.980321761321098,1.0,1.0,0.6441105997116946,0.9999177592059366,0.935,0.9752705097346186,0.9418721285331697,0.95,0.99283254,0.9999963
7,124,1,0.9998861464916207,1.0,0.98,0.9999986785444688,0.997575,0.9798151343597448,0.9804932804605256,1.0,1.0,0.7466905015708666,0.9999706166999355,1.0,0.9943649525158507,0.9998475055699367,0.975,0.9957949,1.0
7,125,1,0.9917160124012533,1.0,1.0,0.9999831503143128,0.997629,0.9813093827899287,0.980497373293382,1.0,1.0,0.6028310203386407,0.9999418997090609,1.0,0.9973320373877614,0.9887327366470986,1.0,0.99612385,0.99998134
7,131,1,0.9732270923729002,1.0,0.915,0.9933450746392868,0.98999375,0.9732645988538301,0.9798629933366451,0.8,3.47148290174435e-08,0.7093021169360939,0.999908817937212,0.92,0.9678914795153072,0.9597949084101424,0.94,0.9813518,0.999993
7,132,1,0.9999905834903793,1.0,1.0,0.9999850958492865,0.9984829,0.9814922557228672,0.9805674192362309,1.0,1.0,0.6645165875018816,0.9999501732753382,1.0,0.9996146405790495,0.9999882298906259,1.0,0.99737,1.0
7,146,1,0.9999081956021808,1.0,0.94,0.9999870406526069,0.9853785,0.976003042148335,0.9794700403396666,1.0,1.0,0.72244765534138,0.9994570422361124,0.995,0.9813184350135565,0.9998793368283928,0.945,0.97828555,1.0
7,149,1,0.995522780183773,1.0,0.92,0.9964586130380191,0.97880256,0.9738254161365668,0.9788964485772896,1.0,1.0,0.6388173659414381,0.9956484746976108,1.0,0.9726959887454352,0.9942333004525664,0.91,0.9588858,0.9999885
7,153,1,0.9999999956411041,1.0,1.0,0.9924435313946406,0.9990287,0.9814942153580897,0.9806118561383408,1.0,1.0,0.8449367847302647,0.9999555902269018,1.0,0.9978680524361212,0.9999999952330414,1.0,0.9982626,1.0
7,154,1,0.9999999999817217,1.0,1.0,0.9936025141603334,0.9987382,0.9814943420936567,0.9805882209571121,1.0,1.0,0.8591632379552485,0.9999555902269018,1.0,0.9980851858542013,0.9999999999812799,1.0,0.9973124,1.0
7,155,1,0.9960139099529174,1.0,0.96,0.9970884904935166,0.997785,0.97798110156366,0.9805103079745839,1.0,1.0,0.7351590566715888,0.9999501732753382,0.975,0.9877218431593228,0.9949941232893401,0.97,0.9962238,0.9999716
7,167,1,0.4767182656227928,1.0,0.49,0.8946251882298556,0.28248838,0.8427190490219832,0.7021735101226226,0.4,1.0,0.456440811565045,0.011981285869369536,0.63,0.5359579574387061,0.39945140420861514,0.45,0.23772126,0.4958832
7,175,1,0.99980181357331,1.0,0.94,0.9999819469509537,0.9955955,0.9759999662591547,0.980330660649238,1.0,1.0,0.6482814390849585,0.9999624123147546,0.995,0.9838448188246465,0.9997090776669891,0.935,0.9928219,0.99999803
7,176,1,0.9999998163521,1.0,1.0,0.9999997214228663,0.99880123,0.9814943388440376,0.980593350049919,1.0,1.0,0.8258832843828299,0.9999555902269018,1.0,0.9997001922898109,0.9999997286341612,0.995,0.998016,1.0
7,177,1,0.996011793647324,1.0,0.985,0.9999977529162166,0.9952668,0.9801920116065126,0.9803030945556981,1.0,1.0,0.7802561844766585,0.9999202136182043,0.975,0.9940690854304817,0.9950929125559428,0.985,0.9934049,0.99999917
7,183,1,0.9505254805983128,1.0,0.99,0.9955058263234291,0.9946743,0.9806207967114693,0.9802502419623622,1.0,1.0,0.6703998773450348,0.9999510725712647,0.94,0.9826764079777652,0.9334821560132066,0.985,0.9920366,0.99998325
7,184,1,0.9999952528825861,1.0,1.0,0.9999994755698812,0.9989208,0.9814919079719652,0.9806030805128977,1.0,1.0,0.8409534384796958,0.9999555902269018,1.0,0.999728881688541,0.9999946315279712,0.99,0.9981675,0.99999744
7,185,1,0.8476626929472917,1.0,0.725,0.944293050114049,0.9765336,0.9299524463495059,0.974641701867511,0.6,2.5366696900508533e-08,0.6294284788298095,0.9966053892469663,0.84,0.8733723337021562,0.7921936555202714,0.735,0.95755273,0.9844139
7,193,1,0.9999998239614779,1.0,0.95,0.9911691448848388,0.99804807,0.9770172341946879,0.9805319467792649,1.0,1.0,0.6524074488190864,0.9999294701726422,0.99,0.984804258984803,0.9999997947189485,0.95,0.996527,0.9999999
7,202,1,0.9941741883130265,1.0,0.995,0.9999993101088902,0.9978235,0.9810445322177739,0.9805126581977016,1.0,0.9999984357963511,0.6691580595063612,0.9999501732753382,0.965,0.9967492438033246,0.9916981503608678,1.0,0.9962709,0.9999526
7,210,1,0.9999999972017803,1.0,1.0,0.9999955452989479,0.9989563,0.9814933899312538,0.9806059705962267,1.0,1.0,0.8480242542831612,0.9999555902269018,1.0,0.9997379662926777,0.9999999968507656,1.0,0.9982186,1.0
7,213,1,0.9999991102947965,1.0,1.0,0.9999999892902062,0.9989208,0.9814937474040029,0.9806030805128977,1.0,1.0,0.852520545041216,0.9999555902269018,1.0,0.9997299744716749,0.9999989199230281,1.0,0.9981675,0.9999999
7,220,1,0.9925995700720881,1.0,0.985,0.9999993911839784,0.99715185,0.9802475524959083,0.9804585727124953,1.0,0.004726790040047392,0.7605650647480061,0.999970624994824,0.985,0.9936877032275298,0.9893412163493249,1.0,0.9953334,0.99999976
7,235,1,0.9999631062945381,1.0,0.99,0.9999999961140693,0.99873346,0.9806733008502265,0.9805878327030033,1.0,1.0,0.838637525796054,0.9999555902269018,0.995,0.9971741408279438,0.9999505979199899,0.96,0.9979401,0.99999994
7,250,0,0.043533783440620276,0.0,0.07,0.0529826861859801,0.013910736,0.04149421270880888,0.03271219144477491,0.0,1.483575932133365e-15,0.38783600402121937,0.00021726730894830733,0.02,0.04510680139598122,0.029112893681040065,0.06,0.017838785,0.00020116117
7,254,0,0.040460873221416734,1.0,0.14,0.02588272167150345,0.024589146,0.055495331192731846,0.03418858453517358,0.2,2.0750685903020048e-16,0.39449927136932866,0.002197746114944469,0.075,0.057733185112253116,0.027822903317860602,0.115,0.020786751,0.00014877605
7,259,0,0.03952978863360741,0.0,0.04,0.02947222793040475,0.0050400645,0.036369091458358926,0.03153224145549515,0.0,7.572305772409628e-17,0.3750117378929109,0.00021726730894830733,0.025,0.028510520254522706,0.028539693185741368,0.02,0.0073456145,4.3666087e-06
7,260,0,0.0730059394722981,0.0,0.01,0.02836267885083272,0.0022620824,0.032133118954108766,0.031172166223180777,0.0,1.0867396590684146e-16,0.3509699604631397,0.00010961249955510066,0.025,0.028407675184923757,0.05313121561753621,0.01,0.0024237093,1.8224395e-05
7,263,0,0.03869908853327235,0.0,0.02,0.016634816438576974,0.004297494,0.03345859751844337,0.031435393819506566,0.0,6.227126520258396e-17,0.3848540030860991,0.0002131120071243493,0.025,0.019907849732208105,0.02792213800769166,0.01,0.0065011643,1.27317535e-05
7,266,0,0.3070007301670326,0.0,0.065,0.24409577057929158,0.028880555,0.041576591293425925,0.03486570522442549,0.0,1.2633935639376408e-15,0.4031038282874737,0.00032568728116417475,0.13,0.1612442639822549,0.23068293427484535,0.06,0.028608928,0.0024041063
7,272,0,0.013529283688328817,0.0,0.045,0.007263778409965603,0.008725268,0.03711894380680837,0.03201701813417565,0.0,4.8085217425316794e-17,0.3697458147395589,0.00015559197781047084,0.005,0.018629582483313957,0.009403105668446295,0.035,0.012213366,8.6213845e-07
7,276,0,0.013727283120170559,0.0,0.24,0.014693497624928388,0.10457491,0.08370938748432115,0.04747337411310974,0.0,4.781232954794847e-11,0.43606979583943345,0.004373890412955159,0.07,0.09324892301036665,0.01006967866506151,0.235,0.09569662,3.044495e-06
7,280,0,0.43966027412076575,0.0,0.2,0.4205212970287189,0.119733565,0.07584768097895313,0.050728103815306916,0.4,4.907630723095742e-10,0.4278162340394788,0.0028535887131426094,0.435,0.2949787839262824,0.36234565540319025,0.19,0.08209062,0.0044910978
7,284,0,0.0007865594323959037,0.0,0.005,0.0012863534566885844,0.0028204957,0.03128454553465469,0.03124340502356354,0.0,3.5091426200217246e-19,0.3407182041283714,0.00015559197781047084,0.0,0.0024733521594942284,0.0005805307835722841,0.0,0.00384679,8.851986e-10
7,287,0,0.057610829601201126,0.0,0.125,0.021841762149342473,0.020395197,0.05214045308764092,0.03360173886153294,0.2,1.979478303466036e-16,0.41914026248197594,0.00010961249955510066,0.07,0.05621194718120527,0.03917999747252225,0.095,0.017940661,0.00025206676
7,291,0,0.006814005710444913,0.0,0.0,0.002660841497578953,0.0020825586,0.03062253783217343,0.031148012087032384,0.0,4.171525311429781e-18,0.3492927884095559,0.00010961249955510066,0.0,0.0028893514474073547,0.004931626042728839,0.0,0.0022902656,2.4840094e-07
7,292,0,0.026120581532524285,0.0,0.0,0.01619102587546109,0.002458489,0.03074577697826449,0.031196701046147687,0.0,8.471526409942192e-17,0.3604956935566478,0.00010961249955510066,0.0,0.011192524110577565,0.01865427665838598,0.0,0.0029120273,7.5516455e-06
7,309,0,0.0030394156152604023,0.0,0.005,0.0044843698887294505,0.0048281634,0.031285829631282125,0.03150438324698135,0.0,2.5481579327131047e-18,0.37612968739540653,0.00015559197781047084,0.005,0.004337987231658498,0.002206947895487434,0.0,0.0062161293,6.4663205e-08
7,312,0,0.02961238720129552,0.0,0.32,0.030404557150234622,0.10625467,0.11527585727673087,0.047799672456241164,0.0,1.6842458463893402e-11,0.4142805994140818,0.000773944600371083,0.1,0.121567902848804,0.021891102813533698,0.275,0.1067896,5.1777783e-06
7,317,0,0.07628808843997807,0.0,0.005,0.019343413580287863,0.0031880839,0.03142806591243226,0.03129197482895306,0.2,5.63698644768681e-17,0.38637573824697646,0.0002131120071243493,0.065,0.025954896474978895,0.05525726924782259,0.0,0.0047290046,4.52746e-05
7,327,0,0.004566847257274807,0.0,0.015,0.007869666446709873,0.00503956,0.03265554876753597,0.03153199512958541,0.0,3.285210895597625e-17,0.36781871604640815,0.00010961249955510066,0.0,0.0081190184617223,0.0032805953140583547,0.01,0.004958197,2.6359157e-07
7,344,0,0.036115717900730045,0.0,0.015,0.015635780361727285,0.0046125813,0.032745952301522344,0.03147943838033568,0.0,6.413230508620286e-16,0.3563713682403437,0.00010961249955510066,0.02,0.01784101990029769,0.02594697366959398,0.03,0.004558452,9.052461e-06
7,348,0,0.027106813262052425,0.0,0.01,0.028681812101786226,0.0057369904,0.031971660823597425,0.031623360234121996,0.0,1.0263388790654172e-16,0.34996470463685575,0.00010961249955510066,0.01,0.017881403932492428,0.019601628471518667,0.0,0.0055573117,6.504487e-07
7,356,0,0.0003219029018987854,0.0,0.0,0.0006559593444807738,0.001994185,0.03062096845937569,0.031136601174877317,0.0,1.9973983491202447e-19,0.30104120340887885,0.00010961249955510066,0.0,0.0007430117908046408,0.00024076065592020307,0.0,0.0022151035,2.031703e-10
7,360,0,0.0028703831582789024,0.0,0.01,0.004826241298918239,0.003149491,0.0319621399198883,0.03128602803600646,0.0,4.480225025183624e-18,0.32930758313381586,0.00010961249955510066,0.0,0.005211528873376984,0.0020513399168715293,0.005,0.0039244615,6.359856e-08
7,370,0,0.018131443479969315,0.0,0.005,0.005913958328246184,0.0031880839,0.03132430572163495,0.03129108013241117,0.0,1.2508202768208274e-17,0.3848540030860991,0.00015559197781047084,0.05,0.008058371421966285,0.012972528553215358,0.0,0.0047290046,1.6414781e-06
7,371,0,0.00044345887850612194,0.0,0.0,0.0006038509339753751,0.001994185,0.03062102768749741,0.03113660118339859,0.0,5.5945515810634445e-18,0.3128162844664449,0.00010961249955510066,0.0,0.0007603736823301251,0.00033365737889116536,0.0,0.0022151035,1.0887172e-09
7,374,0,0.0006111811985610553,0.0,0.005,0.0024494395623707544,0.0028204957,0.03128455721474128,0.03124340503847271,0.0,9.523277564266667e-19,0.31823688173243175,0.00015559197781047084,0.0,0.002720279127456059,0.00045758771090299724,0.0,0.00384679,5.861528e-10
7,375,0,0.03291344732241534,0.0,0.005,0.013033086419765243,0.0020825586,0.0313484482617384,0.03114816168545711,0.0,2.300543375438642e-17,0.3319939520402625,0.00010961249955510066,0.0,0.013257273080946534,0.023794705375683445,0.0,0.0022902656,3.9529073e-06
7,377,0,0.10645139488525242,0.0,0.02,0.03079581707331694,0.0032869782,0.03343254337809753,0.03130782605416801,0.0,1.0105754524593846e-16,0.3618394742298791,0.00010961249955510066,0.065,0.04013354754711242,0.07772416593449624,0.0,0.0031389333,2.6333328e-05
7,379,0,0.0025531381855393343,0.0,0.01,0.00189462549298698,0.0027014203,0.031962302343384354,0.031227992786333068,0.0,6.432609978633941e-18,0.3240494457742805,0.00010961249955510066,0.0,0.004287296003872015,0.0018524675405401534,0.0,0.0031840345,1.0082561e-08
7,380,0,0.03693263190718811,0.0,0.005,0.011176349948000965,0.0049012713,0.03131553380914778,0.03151413893731598,0.0,6.452300415486514e-17,0.3869221654658995,0.00010961249955510066,0.035,0.014502563292154488,0.026021996012693716,0.005,0.005079671,6.472309e-06
7,393,0,0.018441477913412514,0.0,0.095,0.007666010738930038,0.013642873,0.04589412234725188,0.032675462341628415,0.0,3.514643996556759e-17,0.3903200884118052,0.00016047080867749624,0.035,0.03368759033401161,0.013117434742850966,0.07,0.012753825,7.342589e-06
7,399,0,0.0018152216706665203,0.0,0.01,0.0020008739931034326,0.0044320226,0.03196201146234806,0.03145272195306638,0.0,2.1379388170189604e-18,0.33473768219510547,0.00010961249955510066,0.0,0.004562029558833418,0.0012949924641596881,0.005,0.0040553007,4.530028e-09
7,1,1,0.9946137840550779,1.0,0.985,0.9999991123362417,0.9819562,0.9783600762351752,0.977134068509681,1.0,1.0,0.679581667462603,0.9998566473440131,0.96,0.9903922700754224,0.9928463388329565,0.95,0.9702904,0.9999997
7,7,1,0.9992380442753218,0.0,0.88,0.9999978035894954,0.9922694,0.9659522405387254,0.9780290344987927,1.0,1.0,0.7916185312047389,0.9968823320514574,0.945,0.9678763111616846,0.9990673757268219,0.895,0.9833572,0.9999996
7,12,1,0.9999974141283826,1.0,1.0,0.9999999635279416,0.9990489,0.9797254762233476,0.9785985889183889,1.0,1.0,0.8396746975898759,0.9999290534579874,1.0,0.9997615665849109,0.999996753429975,1.0,0.99870694,0.99999946
7,24,1,0.9999960190119793,1.0,1.0,0.9999999688469088,0.9988275,0.9797254762233476,0.9785802213224865,1.0,1.0,0.8037597869522314,0.9999290534579874,1.0,0.9997058762228779,0.9999946181172756,1.0,0.99799216,0.9999998
7,26,1,0.9977426192032584,1.0,0.975,0.9999993929066147,0.99650216,0.9774002612408553,0.9783863003685849,1.0,1.0,0.739319471177201,0.9999206170795663,0.99,0.9923110432839685,0.9968087048584615,0.99,0.9943562,0.99999404
7,29,1,0.9997907383107321,1.0,0.99,0.9999995347655058,0.99848026,0.9788249177333798,0.9785513777575168,1.0,1.0,0.781529091874551,0.9999626493834488,1.0,0.9970676333620999,0.999718867500567,1.0,0.997781,0.99999994
7,34,1,0.9968072980929221,1.0,1.0,0.9999993048582422,0.9986749,0.9797254762233476,0.9785675408565523,1.0,1.0,0.7308234049295129,0.9999193312570585,1.0,0.9988703830232907,0.9960438030093726,1.0,0.9979069,0.9999982
7,40,1,0.9999886655175649,1.0,1.0,0.9999999973453233,0.9991001,0.9797254762233476,0.9786028349108081,1.0,1.0,0.8236242123121418,0.9999290534579874,1.0,0.9997721879840173,0.9999852390860476,1.0,0.9986922,0.9999998
7,50,1,0.9994693322170123,1.0,1.0,0.9999996434519995,0.9970529,0.9797254608031879,0.9784324206137005,1.0,1.0,0.6792998987654264,0.999915706036863,1.0,0.9991304709031843,0.999308707532894,1.0,0.9957991,0.9999962
7,62,1,0.9996548284287131,1.0,0.91,0.9999999435823856,0.9850904,0.9700695267041209,0.9774097643339822,1.0,1.0,0.68337665398851,0.9760589620463804,0.995,0.9736862867394233,0.9995335577496208,0.915,0.97948426,0.9999999
7,63,1,0.999972802121271,1.0,0.995,0.9999998475830848,0.9986338,0.9792799855622478,0.9785641357906955,1.0,1.0,0.8001079507285133,0.9999290534579874,1.0,0.9984016129103648,0.9999633506624187,0.995,0.9975442,0.99996877
7,69,1,0.6170149883736719,1.0,0.71,0.9854678544460528,0.9241473,0.9301802121065655,0.9714015832387953,1.0,1.0,0.5505891329461612,0.9992425576205084,0.665,0.8091575376731243,0.5633367414202942,0.75,0.87866116,0.99989265
7,70,1,0.989287012861552,1.0,0.835,0.996742044510802,0.94377923,0.958734233455354,0.9735010424954917,1.0,1.0,0.6308577824041236,0.9992545894500048,0.945,0.9412020718725379,0.9867635106160029,0.895,0.8971632,0.9999177
7,74,1,0.9999997738283636,1.0,1.0,0.9999995454210281,0.99876726,0.9797254700552851,0.9785752187502643,1.0,1.0,0.8294693195299019,0.9999290534579874,1.0,0.9996916439965368,0.9999997135574609,1.0,0.99791485,0.999991
7,89,1,0.42206605107175443,1.0,0.825,0.27537562962335527,0.96682036,0.6297595688092748,0.6897418771350051,0.6,2.2853862011370252e-15,0.5082891009679346,0.9850709536186131,0.46,0.6223155099812878,0.33538323534568903,0.81,0.9583871,0.009497814
7,90,1,0.9999872313947076,1.0,0.975,0.9999999016194883,0.99420255,0.9774002680999917,0.9781929351560641,1.0,1.0,0.7107639129159716,0.9999283666252181,0.995,0.9922974218100293,0.9999837191709862,0.99,0.98937,0.99999976
7,95,1,0.9986313565646768,1.0,0.965,0.9999998164768474,0.9859796,0.9763989124010741,0.9774873831218206,1.0,1.0,0.7177111654335261,0.9970247051712812,1.0,0.9874026974208806,0.9980377260456975,0.965,0.98166853,0.99999964
7,97,1,0.9998220194847991,1.0,0.995,0.9999999871205354,0.9988275,0.9792799855622478,0.9785802139907834,1.0,1.0,0.7953041644494965,0.9999290534579874,1.0,0.9984123809094895,0.9997544225000128,1.0,0.99794215,0.9999994
7,101,1,0.9994568724694488,1.0,1.0,0.9999999759338061,0.99894375,0.9797254762233476,0.9785898523169081,1.0,1.0,0.7884629829738176,0.9999290534579874,0.995,0.9996001486232975,0.9992660699166008,1.0,0.9983059,0.99999607
7,104,1,0.9873527801309145,1.0,1.0,0.9999882849079403,0.99807775,0.9797247514634264,0.9785175773909626,1.0,1.0,0.6411296045940496,0.9996672729991246,1.0,0.9963547038112122,0.9831901429834865,1.0,0.997396,0.99997044
7,107,1,0.9999845447661652,1.0,1.0,0.9999938497269623,0.9990489,0.9797254762233476,0.9785985889183889,1.0,1.0,0.8156462724867573,0.9999290534579874,1.0,0.9997568207941117,0.9999805547752422,1.0,0.9986922,0.9999985
7,116,1,0.9998484243617777,1.0,0.93,0.9999989731427046,0.98915964,0.9725418444778774,0.9777628476779417,1.0,1.0,0.7398208171615244,0.9969956712431405,0.99,0.9797517602886343,0.9997995336989473,0.965,0.98672664,0.9999999
7,126,1,0.9978452690258096,1.0,0.99,0.9999990300022552,0.99674904,0.9788244768550477,0.978406887407918,1.0,1.0,0.7316182997585632,0.999908254869372,0.985,0.9961483356231814,0.9971938223530792,0.995,0.99431676,0.99983674
7,128,1,0.9999999817092412,1.0,1.0,0.9925997587046729,0.99876726,0.9797254762233476,0.9785752187502643,1.0,1.0,0.8212255923315682,0.9999290534579874,1.0,0.9978417492876674,0.9999999880315064,1.0,0.99791485,1.0
7,129,1,0.9512769275852412,1.0,0.975,0.9939176801828571,0.9977697,0.9773993866842976,0.9784886478751441,1.0,1.0,0.6666378775437896,0.9999025791101932,0.965,0.9794910802924732,0.9334306816346046,0.97,0.9963793,0.9998926
7,130,1,0.9999996987990617,1.0,1.0,0.9972567428040895,0.99866486,0.9797254762233476,0.9785667152201567,1.0,1.0,0.7803694654836498,0.9999290534579874,1.0,0.9989803243900456,0.9999996161044139,1.0,0.9973997,0.9999983
7,135,1,0.941667434036216,1.0,0.905,0.9925940021656706,0.9620098,0.9694130021280408,0.9753004754513991,0.8,1.0,0.6223251041937202,0.9998292628272044,0.94,0.950317805940349,0.9217179105320186,0.93,0.93736535,0.9999478
7,137,1,0.9999841865333275,1.0,1.0,0.9999999956590384,0.9987978,0.9797254762233476,0.9785777523421086,1.0,1.0,0.8037597869522314,0.9999290534579874,1.0,0.9996954891268115,0.9999800372910708,1.0,0.99794215,0.99999994
7,138,1,0.9920495886008993,1.0,0.995,0.9999994288130216,0.9961128,0.9792799855622478,0.9783537207614167,1.0,0.015189091431354896,0.7082711997582467,0.9998986565665425,0.97,0.9957904602250622,0.9890889307335784,0.995,0.9939792,0.9999997
7,143,1,0.9999902095805827,1.0,0.985,0.9971071022272022,0.99802125,0.9783600762351752,0.9785131673356334,1.0,1.0,0.7602935873506356,0.9999193312570585,1.0,0.9950296392026329,0.9999895482875497,1.0,0.99634594,0.9999771
7,144,1,0.9999858428277688,1.0,1.0,0.9999997525619883,0.99866486,0.9797254762233476,0.9785667152201567,1.0,1.0,0.8084129401083388,0.9999290534579874,0.99,0.9996626128366971,0.9999807475348151,1.0,0.9974738,0.9999989
7,152,1,0.9944872380343119,1.0,0.91,0.9999998495838143,0.9905936,0.9700695267041209,0.9778859734380243,1.0,7.261879282445949e-08,0.6914543337262737,0.9998093885316335,0.92,0.9737701749530469,0.9918446389362211,0.94,0.98328304,0.9999994
7,162,1,0.9888286242962168,1.0,0.98,0.9999967159575545,0.9971577,0.9778848681041318,0.9784406146570648,0.8,0.0013282988567071981,0.6506126356319832,0.9998948215373162,0.88,0.991495758290753,0.983460959827549,0.985,0.9950932,0.9999915
7,169,1,0.9999782643004701,1.0,1.0,0.9999999830093099,0.99760145,0.9797254731393167,0.9784782128204459,1.0,1.0,0.7770742937780438,0.9999563952580731,1.0,0.9993949241998433,0.999972416046207,1.0,0.9963676,0.9999992
7,171,1,0.9999986566412672,1.0,0.995,0.9999995106807409,0.9983511,0.9792799855622478,0.9785406396078683,1.0,1.0,0.700417522898557,0.9999025791101932,1.0,0.9983373161072354,0.9999980887988148,1.0,0.997262,0.9999999
7,181,1,0.9883633212172089,1.0,0.93,0.9953721425586516,0.9961201,0.9725418444778774,0.9783531787322218,0.8,1.0,0.6612663873428297,0.9999025791101932,0.9,0.9774638897572129,0.9823663946655825,0.945,0.99338925,0.9999526
7,187,1,0.9996026486980676,1.0,0.99,0.9999999726370562,0.9963923,0.9788249177333798,0.9783771474377051,1.0,1.0,0.7812506246969597,0.9998779844939241,1.0,0.996498732750201,0.9994314427494531,0.995,0.9941602,0.99999994
7,192,1,0.9511473310510183,1.0,0.91,0.9957265903400581,0.97246945,0.9699082767458541,0.9762632075176026,1.0,1.2973670417993681e-09,0.6237674136286143,0.9843993130945988,0.915,0.9573358426085876,0.9277087627458144,0.92,0.96877563,0.99970984
7,195,1,0.9999991315990385,1.0,1.0,0.9999991275100841,0.9987161,0.9797254762233476,0.978570972347441,1.0,1.0,0.7802365635989136,0.9999025791101932,1.0,0.9996785937651652,0.999998883313113,1.0,0.99819607,0.9999988
7,198,1,0.9999972130235236,1.0,1.0,0.9928708627446583,0.99833614,0.9797254762233476,0.9785393881407721,1.0,1.0,0.7493475451523108,0.9999025791101932,1.0,0.9978010530273193,0.9999961130629449,1.0,0.9973992,0.9999999
7,200,1,0.9802498422275884,1.0,0.985,0.9970666108004778,0.99667716,0.9783487294099074,0.9783969952856094,1.0,1.0,0.668177014073774,0.999915706036863,0.995,0.9897484033227819,0.9734818848861324,0.965,0.9952918,0.99988705
7,206,1,0.9990925187891433,1.0,0.915,0.9999998184498511,0.99291104,0.9707071232421369,0.9780835386757741,1.0,1.0,0.6765007028509284,0.9997062372792963,0.99,0.9767508445054807,0.9988489978147888,0.96,0.9862358,0.9999995
7,211,1,0.9666445140830446,1.0,0.955,0.9967159492680832,0.9938923,0.9752154169688309,0.9781594129064963,1.0,9.982700187532084e-08,0.6681134083718591,0.9995305334592876,0.91,0.9780631938502484,0.9498827067191115,0.96,0.9923636,0.9998071
7,212,1,0.9999999228758958,1.0,1.0,0.9999932576343941,0.9987978,0.9797254762233476,0.9785777450095791,1.0,1.0,0.8212255923315682,0.9999290534579874,1.0,0.9996977387062925,0.9999999196176048,1.0,0.9980147,0.9999981
7,219,1,0.999979931169032,1.0,0.995,0.999999988718857,0.99760145,0.9792799855622478,0.9784782017716682,1.0,1.0,0.7565736105667143,0.999908254869372,1.0,0.9981453423443706,0.9999722222357004,0.995,0.9963265,0.99999964
7,221,1,0.9693447922577514,1.0,0.995,0.9938733283702823,0.99808335,0.9792799288556412,0.9785180952561459,1.0,1.0,0.6598682441650289,0.9997162264688882,0.995,0.9890753684176591,0.9586396441520508,1.0,0.9974711,0.9999243
7,222,1,0.9629091221445414,1.0,1.0,0.9919634083611438,0.9981502,0.9797249241744763,0.9785219450392758,1.0,1.0,0.6411296045940496,0.9996672729991246,1.0,0.9882556899899314,0.9516815657344401,1.0,0.99733126,0.9999588
7,223,1,0.9998438538297169,1.0,0.97,0.9999995054509007,0.9841302,0.9769048761803887,0.977325656631586,1.0,1.0,0.6554683158548651,0.9999253032003743,0.995,0.9884933907511312,0.9997983513285053,0.975,0.9713608,0.99999946
7,228,1,0.9756355023330232,1.0,1.0,0.9956971920799009,0.9981502,0.9797253867862615,0.9785236725059447,1.0,1.0,0.6411296045940496,0.9996672729991246,1.0,0.9923707309667411,0.9674246808248976,1.0,0.9974251,0.99997646
7,232,1,0.9975612657775403,1.0,1.0,0.9999963835038687,0.99862194,0.979725420710719,0.978563132133879,1.0,1.0,0.763274073839832,0.9999193312570585,1.0,0.9990448974735505,0.9966601029304106,1.0,0.9977836,0.9997592
7,251,0,0.0011514592325800876,0.0,0.0,0.0005888665028319154,0.0019861034,0.04050778716237179,0.04479139141086845,0.0,1.3392761393313705e-17,0.31566874176397225,0.00024594302165181894,0.005,0.0009316072751524452,0.000816703291762601,0.005,0.0021142613,3.321633e-08
7,253,0,0.0029835730047511246,0.0,0.01,0.002428258485916136,0.009609761,0.04226842356841834,0.04610098928724693,0.0,7.786592251226798e-18,0.37680226629596864,0.0005005413909337494,0.005,0.006255398051806191,0.0020345603990866374,0.005,0.0125000905,1.6253118e-07
7,256,0,0.009130392473183955,0.0,0.03,0.003710818832865471,0.003934807,0.04601261227003986,0.045123079497806376,0.0,6.017785157357987e-16,0.3384706934618821,0.00021484254939923027,0.0,0.011694004612538713,0.006185533694593953,0.02,0.003963093,2.3365112e-06
7,257,0,0.049993257929842404,0.0,0.01,0.01643357627582889,0.0036224462,0.04274795519133627,0.045107314903962706,0.0,1.388894468197758e-16,0.36193720781995403,0.00031461426595316537,0.03,0.020012320103715894,0.035011997812721865,0.02,0.003859961,0.00013048484
7,264,0,0.1910254178888397,0.0,0.045,0.08445882156676568,0.009398551,0.0490539775046949,0.046142455759100746,0.0,3.9028386873831835e-16,0.3999122561003483,0.00021484254939923027,0.085,0.08247069754551967,0.14097392524223692,0.03,0.007067515,0.00033501745
7,277,0,0.007290649371957286,0.0,0.015,0.0011249044012888376,0.0036440804,0.04317578131538949,0.045073220095284354,0.0,4.4291222103347064e-17,0.33796983624308186,0.00031461426595316537,0.005,0.006764908535046358,0.0052083331339435835,0.005,0.004163932,6.701885e-07
7,278,0,0.009226295175502086,0.0,0.0,0.00549017860769545,0.005034568,0.04055052563822044,0.04531272173296697,0.0,2.5338842809096513e-17,0.3859454163183445,0.0004479368906128676,0.0,0.004937760392860207,0.006664410543150736,0.005,0.0058309315,7.4238646e-06
7,279,0,0.0013213780124795105,0.0,0.0,0.00020469186790704428,0.004935013,0.0405077716528861,0.04529367945369066,0.0,1.079349639142774e-18,0.3353562101955132,0.00021484254939923027,0.0,0.0016152707526734381,0.0009305932100827331,0.0,0.0044258456,2.011431e-08
7,283,0,0.015306954071163182,0.0,0.295,0.007927880808534802,0.06855249,0.1355568221476308,0.057556615810652474,0.0,2.9641789823235403e-12,0.4102307526067574,0.0011429820581534194,0.11,0.0966968303695474,0.010973906998320699,0.32,0.09110729,0.00060968567
7,295,0,0.013782064583941595,0.0,0.145,0.017231416418439807,0.08554529,0.07603690380307311,0.06130328923807582,0.0,1.1428659847123615e-10,0.4493688238729333,0.006076289332037413,0.155,0.06538969188464953,0.009961939513750729,0.105,0.09598245,1.9134024e-05
7,307,0,0.08759677101201031,0.0,0.03,0.03169398291350189,0.0071115103,0.046206508781037374,0.04571932168305426,0.0,9.139389808963273e-15,0.36201964168456985,0.00021484254939923027,0.015,0.039100566046851366,0.0632929628820544,0.015,0.006585637,0.00053366116
7,313,0,0.014397411721964537,0.0,0.015,0.002341773240666984,0.0027278,0.04317941463263206,0.04492004286323165,0.0,2.1716181838924385e-17,0.3749754352620202,0.00021484254939923027,0.025,0.008616746252879812,0.010221683343619607,0.015,0.0034269663,7.1926465e-06
7,318,0,0.0011687677010173197,0.0,0.005,0.0001840275985595802,0.0047068466,0.04137906705867292,0.045254625340324144,0.0,2.7206481181199644e-18,0.3856383022001382,0.0002748324291822537,0.0,0.0027649104624209754,0.0008082799914141959,0.005,0.0057241293,2.1771918e-08
7,320,0,0.0023872459832260154,0.0,0.0,0.0028254702119035785,0.005034568,0.04051263829189301,0.04531096042446799,0.0,5.746980147416525e-17,0.33696058954069463,0.0004479368906128676,0.0,0.002561820995843222,0.0017625177651399888,0.0,0.0058309315,8.6356624e-07
7,323,0,0.009210486871909456,0.0,0.015,0.0011653866518627311,0.003524237,0.0431758201600695,0.045053006982145406,0.0,2.5880784138859654e-17,0.32867098270377926,0.00021484254939923027,0.015,0.007225027650829511,0.006447081069256451,0.025,0.0040925643,6.1789274e-07
7,325,0,0.02823444336804664,0.0,0.005,0.023503661334986756,0.0059072287,0.04144040980361501,0.04546644639393336,0.0,1.2007621268906939e-16,0.39855611596798596,0.0004479368906128676,0.005,0.015661333346305893,0.02001878394566132,0.0,0.006172343,2.7047836e-05
7,326,0,0.01591163368057022,0.0,0.0,0.001480135062009719,0.0027665866,0.040514279680828956,0.04492502767196508,0.0,1.3766020847725859e-17,0.37435708138514345,0.00021484254939923027,0.025,0.0050395888374755084,0.011375341414748804,0.0,0.0033579108,1.0102233e-05
7,332,0,0.0007483683631549449,0.0,0.0,0.0007613267304505605,0.0020286872,0.04050791313551579,0.044798596114124234,0.0,8.173263916361731e-18,0.3246873181625661,0.00020428740234689359,0.0,0.0008845955630512503,0.0005320078531064344,0.0,0.0021142613,1.5768283e-08
7,337,0,0.00380811837288694,0.0,0.0,0.0009663131236870022,0.0020409934,0.0405080112415345,0.044800692190919165,0.0,3.464373915524095e-18,0.34887564580607167,0.00024594302165181894,0.0,0.001703856229710941,0.002683969060597528,0.005,0.0020061897,1.6388782e-07
7,341,0,0.018897499301962398,0.0,0.025,0.0032375474567277415,0.00362692,0.04504708279003735,0.04507039813707256,0.0,2.557110977262137e-16,0.3431371019558844,0.00024594302165181894,0.005,0.012690491702175056,0.013581587746503967,0.035,0.0034870745,1.8356102e-06
7,342,0,0.008903799325157747,0.0,0.005,0.0037222290140749435,0.0046039373,0.04139990136062896,0.04523795330986221,0.0,1.3934686264282043e-17,0.38497574418256697,0.00031461426595316537,0.01,0.0055574914018724575,0.006388452804711966,0.015,0.004521799,3.6358194e-06
7,358,0,0.10249653661318163,0.0,0.06,0.059486964689067647,0.05433291,0.05240814387544924,0.054598738910704776,0.0,5.878733715527647e-16,0.46172014666164857,0.001314268415651574,0.05,0.06907910238629755,0.07365594406922567,0.085,0.039572466,9.586517e-05
7,362,0,0.012000022195711427,0.0,0.0,0.003388915571228011,0.003893674,0.04050854161092313,0.04511632270968736,0.0,1.1392654438713484e-16,0.3616176179959865,0.00021484254939923027,0.0,0.004820652913138279,0.00820103420238578,0.0,0.004072835,2.8398938e-06
7,369,0,0.15333773321585012,0.0,0.005,0.05745612313129752,0.0023245576,0.04171924962106171,0.0450635959650602,0.2,2.0612369063329644e-15,0.36683068145482006,0.00024594302165181894,0.055,0.05452960349437322,0.11198265933338787,0.01,0.0022725414,0.00078803144
7,376,0,0.0013288383943037302,0.0,0.005,0.00021777278299669786,0.0037633253,0.041379114579949076,0.04509346602277448,0.0,1.3393570957492754e-17,0.32186726714114905,0.00021484254939923027,0.0,0.002577484114219749,0.0009175214784152312,0.01,0.0037423759,5.7981094e-08
7,378,0,0.002933854201121424,0.0,0.045,0.00035206780201455586,0.0021079227,0.049022990247241334,0.044812039318519035,0.0,1.8720919974474673e-17,0.34887564580607167,0.00024594302165181894,0.005,0.012598461172349975,0.0021185594773612984,0.03,0.002130791,1.0874567e-07
7,385,0,0.008653098266856972,0.0,0.0,0.0006289701148643142,0.0029760157,0.04050944071258533,0.04495986265287809,0.0,1.4716528373619503e-17,0.3455716066402449,0.00021484254939923027,0.005,0.0030645210143835614,0.006233257978979234,0.0,0.0035965953,1.584886e-06
7,388,0,0.006970067113183687,0.0,0.03,0.00617252128302893,0.006966173,0.0460924014612045,0.04564633877004854,0.0,3.150687137966849e-17,0.34854674687915493,0.00039130348857670266,0.01,0.012527190394846389,0.00478969308233578,0.04,0.0077626994,1.4015988e-05
7,390,0,0.012856862720409565,0.0,0.005,0.002029204191825738,0.005100244,0.041379293028710636,0.04532215350293718,0.0,2.360129234544617e-17,0.3985732006133184,0.0002748324291822537,0.005,0.006246577775694799,0.008695773113042385,0.005,0.007012732,8.05601e-07
7,395,0,0.020685899123160715,0.0,0.005,0.003908052735696791,0.0020559505,0.04137993923169556,0.04480396174548925,0.0,3.5112256601624415e-16,0.3224691358976165,0.00024594302165181894,0.0,0.007912475580418913,0.015299052548127256,0.0,0.0020534669,3.771866e-06
7,2,1,0.9999925635943377,1.0,0.995,0.9999999757596139,0.9989221,0.9806961361614284,0.980026161708182,1.0,1.0,0.8298289395930518,0.9999537382196679,1.0,0.9984786622394584,0.9999904330741457,1.0,0.9983138,1.0
7,4,1,0.9990919502252511,1.0,0.99,0.9999999453927391,0.99893326,0.9803011407901504,0.9800269155030503,1.0,1.0,0.8215392910183997,0.9999537382196679,0.995,0.9970062878226112,0.998776996466095,1.0,0.9983138,1.0
7,6,1,0.9999446622609912,1.0,1.0,0.9999886419552158,0.9930696,0.9810833640454997,0.9796245822827488,1.0,1.0,0.649774154094932,0.9989640429296097,0.965,0.9982507233385595,0.999928547421512,0.985,0.9902318,0.9999991
7,11,1,0.9999996478855734,1.0,0.985,0.999999165418624,0.9981962,0.9798982286979135,0.9799769946162714,1.0,1.0,0.8124393643147909,0.9999467492032116,1.0,0.9957987494848399,0.9999995789574087,0.995,0.9970175,1.0
7,17,1,0.9931065483190841,1.0,1.0,0.9999967917577367,0.99777657,0.981083356992059,0.9799458036213111,1.0,1.0,0.6876195106724587,0.9999375169456376,1.0,0.997719977003191,0.9910336716279937,1.0,0.9962638,0.9999779
7,18,1,0.995793732926036,1.0,0.82,0.9999830094715587,0.9442597,0.9607894852866882,0.9759638105145891,1.0,1.0,0.5037784645219203,0.9178710321465609,0.9,0.9400091113892317,0.9941941811725747,0.845,0.9094122,0.9987132
7,20,1,0.9999998681893543,1.0,1.0,0.9999978541458476,0.9986326,0.9810833499386156,0.9800065144827271,1.0,1.0,0.8154947812380186,0.9999467492032116,1.0,0.9996575830448524,0.9999998408067643,1.0,0.99781597,0.99999976
7,27,1,0.999999809211342,1.0,1.0,0.9999980201213481,0.9981477,0.9810833640454997,0.979973722821005,1.0,1.0,0.7952841718802655,0.9999413109788607,1.0,0.9995363888479125,0.9999997832993123,1.0,0.9970175,1.0
7,35,1,0.9998792993859849,1.0,0.98,0.9999975769398093,0.99804235,0.9794872480553769,0.9799663446095387,1.0,1.0,0.7620355272416577,0.9999375169456376,1.0,0.9944798053431978,0.9998451744750351,0.98,0.995278,0.99999815
7,38,1,0.9999427665622066,1.0,1.0,0.9999981408393213,0.9979373,0.9810833640454997,0.9799589789112373,1.0,1.0,0.6887017303370314,0.9998432682473036,1.0,0.9994695572661076,0.9999298351696108,1.0,0.99643904,0.9999976
7,48,1,0.9999913318941221,1.0,0.925,0.9999852914797881,0.97263044,0.974387804840114,0.9781682700654458,1.0,1.0,0.6561334812608872,0.9976090056188716,0.995,0.9744017661406806,0.9999891951928054,0.915,0.9565975,0.99998724
7,51,1,0.9999861257052103,1.0,1.0,0.9999999747271158,0.99833065,0.9810833640454997,0.9799859769574717,1.0,1.0,0.8150157076825472,0.9999537112204365,1.0,0.9995791882865255,0.9999816413400768,1.0,0.9972403,0.9999996
7,72,1,0.9999997931598513,1.0,1.0,0.9999998585426565,0.99906,0.9810833640454997,0.9800354834256314,1.0,1.0,0.8579102037377965,0.9999537382196679,1.0,0.9997649067124388,0.9999997444839861,1.0,0.9985079,1.0
7,76,1,0.9999999717882636,1.0,0.995,0.9999947869944111,0.9984143,0.9806961361614284,0.9799917881091675,1.0,1.0,0.7920510516263994,0.9999467492032116,0.995,0.9983522592032675,0.9999999672305238,1.0,0.997532,1.0
7,77,1,0.9999028915240645,1.0,0.995,0.9999999775956566,0.9986842,0.9806961289664431,0.9800099903130468,1.0,1.0,0.8328472689560495,0.9999537112204365,0.995,0.9983967741465761,0.999878352048604,0.995,0.99789494,0.99999976
7,80,1,0.9999351399712733,1.0,0.985,0.9999999743395195,0.99666035,0.9798982099821897,0.9798721445886591,1.0,1.0,0.7098845759449319,0.9989640429296097,0.995,0.995398866516007,0.9999186685159799,0.975,0.99487805,0.9999988
7,81,1,0.9999498666959991,1.0,0.99,0.9999998969337439,0.9971348,0.9803011187723871,0.9799044624460889,1.0,1.0,0.6370523605605767,0.9999280687193083,1.0,0.9967711420888475,0.9999290655403013,0.99,0.9950334,0.9999963
7,85,1,0.9975223398827245,1.0,1.0,0.9999996359168741,0.99886394,0.9810833640454997,0.980022227010977,1.0,1.0,0.8275386245422741,0.9999537382196679,1.0,0.999096477817545,0.99662235074243,1.0,0.9982431,1.0
7,86,1,0.8057117615215361,1.0,1.0,0.8755923778672183,0.9976229,0.9810809339825458,0.9797082443553318,0.6,5.978689478699072e-06,0.6702012590112929,0.9998638369971157,0.915,0.9197317616376168,0.7452000700963493,1.0,0.9965082,0.9983273
7,91,1,0.9960956654407283,1.0,0.695,0.9941867323398559,0.978292,0.9363421708002518,0.9785814436453646,1.0,1.0,0.6697947601185735,0.9999289268382167,0.88,0.9158935965383467,0.9952180785736825,0.73,0.96412826,0.9999998
7,94,1,0.9938399149376222,1.0,0.99,0.9999987261284372,0.99433786,0.9803007848333515,0.9797126882925961,1.0,3.979690549260914e-06,0.6962169695109098,0.999836061893839,0.96,0.9945441244589053,0.9919301118629485,0.98,0.99177647,0.9999971
7,102,1,0.8124494323522826,1.0,0.785,0.9626693617562281,0.9349568,0.9552180878421452,0.9752066087709633,1.0,1.1480404940691544e-10,0.5502502708636986,0.9997344833216107,0.82,0.8737688957813086,0.7687146884725494,0.76,0.8956983,0.9999447
7,114,1,0.9991879650636082,1.0,0.995,0.9999916736605564,0.99886394,0.9806961037839736,0.9800221273279927,1.0,1.0,0.8346996633232356,0.9999537438478239,0.985,0.9982608935486864,0.9989803310276368,0.995,0.9982431,0.99999887
7,115,1,0.9854089827011229,1.0,0.92,0.999993005886442,0.99030113,0.9738671729746324,0.979434707647286,1.0,8.576685059177046e-10,0.7084132139629797,0.999733224821445,0.965,0.9739257801974284,0.9801593236452767,0.945,0.9812517,0.9999999
7,117,1,0.44359720534689123,1.0,0.835,0.44531391330211056,0.9304431,0.5445049611660787,0.5283811869331951,0.2,5.691022734941577e-15,0.5378392117216018,0.9932893831196891,0.5,0.6635885566827049,0.36134645976022,0.815,0.91436017,0.039744772
7,121,1,0.9648943818141156,1.0,0.805,0.9953007457435519,0.7654613,0.9586297098408392,0.9562594552540402,1.0,1.0,0.5825306991949734,0.9995376278026288,0.94,0.8826641133007787,0.9554503992442929,0.825,0.6937379,0.999964
7,139,1,0.9997584116707401,1.0,1.0,0.9999999788076197,0.9981962,0.9810833640454997,0.9799767266906216,1.0,1.0,0.7941415435613041,0.9999467492032116,1.0,0.9994886437783805,0.9996927241188055,1.0,0.9970175,0.9999991
7,142,1,0.9732372138922868,1.0,0.995,0.9957822644453179,0.9965448,0.9806959778711433,0.9798046346827199,1.0,1.0,0.5995885868370233,0.9998432682473036,0.99,0.990141064171155,0.964431064537491,0.995,0.99489355,0.9998115
7,147,1,0.999999905480226,1.0,0.995,0.9999978979801611,0.9980609,0.9806961361614284,0.9799678336095365,1.0,1.0,0.799922516804811,0.9999467492032116,1.0,0.9982646713879773,0.9999998834272259,0.995,0.9970175,1.0
7,148,1,0.9999869610767924,1.0,1.0,0.9931689554292354,0.99845934,0.9810833640454997,0.9799948178166149,1.0,1.0,0.7239602146975391,0.9998638369971157,0.995,0.9979038139119684,0.9999843507095207,1.0,0.99733657,0.99750036
7,150,1,0.7501819669396836,1.0,0.9,0.9355926454610136,0.97545946,0.9716796893927754,0.9783643188856184,1.0,1.0,0.6604886600562201,0.9990864772201273,0.805,0.890308517211121,0.6800354313711265,0.875,0.9572921,0.9999716
7,151,1,0.9986714110935756,1.0,1.0,0.9999996212314449,0.9974656,0.9810833534653376,0.9799261047459831,1.0,1.0,0.688822627462615,0.9999375093432183,1.0,0.9990341607072927,0.9981646545644132,0.995,0.99512357,0.999996
7,156,1,0.9954502151768972,1.0,1.0,0.9999987426211067,0.99886346,0.981083356992059,0.9800217869584709,1.0,1.0,0.8172876164137832,0.9999488637996025,1.0,0.9985781041078566,0.9938616830736817,1.0,0.99822885,0.9999981
7,157,1,0.9948455158780872,1.0,0.985,0.9999957906932498,0.9977017,0.9798982286979135,0.9799429171398791,1.0,1.0,0.6984808811500022,0.9998430966641408,0.99,0.9943857527683607,0.9930767224358928,0.99,0.9959758,0.99996245
7,160,1,0.9984679628995153,1.0,0.935,0.9999895494542169,0.99389255,0.9753989484018576,0.9796824921524651,1.0,1.0,0.6291386976623782,0.9999375093432183,0.985,0.9818375157055443,0.9979840831058386,0.94,0.9909162,0.9999792
7,164,1,0.314942464439141,1.0,0.68,0.3961277749791779,0.85755444,0.38827829834202693,0.38933438988623836,0.0,6.86142412350778e-15,0.4688460254183921,0.9994567354017072,0.625,0.5621561687870749,0.2496429690867661,0.69,0.77518564,0.29366142
7,170,1,0.9999967715601333,1.0,0.99,0.9999952430697654,0.9979679,0.9803011407901504,0.9799615261902376,1.0,1.0,0.7952841718802655,0.9999413109788607,1.0,0.9969899783688928,0.9999961458748152,0.995,0.9970175,1.0
7,182,1,0.6574085593287778,1.0,0.675,0.7103154090953473,0.5125462,0.9201810721064557,0.8922449495159224,0.4,1.7736276088607284e-14,0.4992705062750384,0.9688572617266743,0.525,0.6388175375257243,0.5690031868139193,0.625,0.4361417,0.8904302
7,194,1,0.9997474194416003,1.0,0.98,0.9999999449301992,0.9989674,0.9794872404192363,0.9800291616731973,1.0,1.0,0.8463219881749923,0.9998878785258344,1.0,0.9946786933764277,0.9996877346340117,0.995,0.99823004,0.9999997
7,197,1,0.9999984668976004,1.0,0.985,0.9999992369639946,0.9979373,0.979898056512609,0.9799593743298312,1.0,1.0,0.6657629899332563,0.9999280687193083,0.99,0.9957337563811245,0.9999979354249963,0.985,0.99643904,0.99999905
7,207,1,0.9985098392850966,1.0,1.0,0.9999996265686262,0.99760604,0.981083346411893,0.9799364971920252,1.0,1.0,0.7758491748360028,0.9998856270851643,0.995,0.9990288762252411,0.998131579945229,1.0,0.996351,0.99999005
7,224,1,0.28839060777859665,1.0,0.845,0.21133694707201311,0.9276113,0.5393410251933906,0.4477538915987727,0.2,3.099275261056152e-14,0.5521752635886059,0.9932893831196891,0.535,0.5680847115647871,0.22494526742489587,0.835,0.9101944,0.0031359307
7,225,1,0.999999997355566,1.0,1.0,0.99603609745931,0.998139,0.9810833640454997,0.9799731327637211,1.0,1.0,0.8049039997510858,0.9999467492032116,1.0,0.9985437796489247,0.9999999970833178,1.0,0.9971374,1.0
7,229,1,0.9999985159700749,1.0,0.99,0.9968073326380384,0.9975261,0.9803011407901504,0.9799315312728927,1.0,1.0,0.7529822123601558,0.9999595192181105,0.995,0.9960829894566777,0.999998273710903,0.99,0.99640465,0.9999993
7,236,1,0.9991076675139974,1.0,1.0,0.9999998479465618,0.9980108,0.9810833428851699,0.9799633969752441,1.0,1.0,0.6943306264618593,0.9999374728731062,1.0,0.9992795824126175,0.9987903296690158,1.0,0.996567,0.9999961
7,238,1,0.9999866301920601,1.0,1.0,0.9999883277528036,0.9979373,0.9810833640454997,0.9799590970831121,1.0,1.0,0.6561332017256793,0.9999280687193083,1.0,0.9994780699019417,0.9999834154798621,1.0,0.99643904,0.9999998
7,239,1,0.9956980455545468,1.0,1.0,0.9999989716183704,0.9979603,0.981083356992059,0.9799609217231194,1.0,1.0,0.7905335863793214,0.9999537112204365,1.0,0.9984143365571758,0.9940634322010892,1.0,0.99680734,0.99999875
7,240,1,0.9990485605662942,1.0,1.0,0.9999993474215377,0.99903166,0.9810833287782702,0.980033460771571,1.0,1.0,0.8482695313138898,0.9999537382196679,1.0,0.9995198927322028,0.9987604757430486,1.0,0.99844545,0.9999975
7,242,1,0.9999999986847754,1.0,1.0,0.9999948000989667,0.9980609,0.9810833640454997,0.9799678336095365,1.0,1.0,0.799922516804811,0.9999467492032116,1.0,0.9995139202188161,0.9999999984773464,1.0,0.9970175,1.0
7,243,1,0.9865331717237772,1.0,0.72,0.995729227052558,0.672387,0.9422282424637011,0.9407054815715592,1.0,1.0,0.5684648637569428,0.9994101775408318,0.905,0.843662350668739,0.9824369698242036,0.725,0.57428175,0.9999903
7,255,0,0.00571163532829582,0.0,0.01,0.00554386457529641,0.005884761,0.03455974050149076,0.03166319951858779,0.0,5.0455554406685146e-18,0.27406131539069606,0.00029800200642924067,0.01,0.0067850652235827745,0.003920483576635331,0.005,0.006230232,5.1227033e-07
7,267,0,0.024171960844870933,0.0,0.01,0.009148425852314323,0.002472662,0.034559782496143235,0.031305366678497225,0.0,4.567119492882536e-17,0.27554848515924274,0.00023428132577924768,0.015,0.01144826214961266,0.016753361080244805,0.005,0.0026329723,6.323368e-06
7,268,0,0.11778437505597605,0.0,0.325,0.07377237332419846,0.20045245,0.11855078509754749,0.06023748131799266,0.0,2.4711839045967364e-08,0.5047750183064356,0.0033889216812003037,0.325,0.1792522988294339,0.08858440062455063,0.33,0.16787842,0.0024498585
7,270,0,0.01621715839168412,0.0,0.01,0.0032923066814744655,0.002911828,0.03455974385362602,0.03135004395260465,0.0,8.32121735376176e-18,0.2846707767548539,0.00021392642217863534,0.01,0.008105323266451619,0.011206357532489282,0.01,0.0029312018,2.1194987e-06
7,273,0,0.44121262102453157,1.0,0.515,0.3401829104764797,0.36903706,0.23105868260683596,0.118376173094659,0.4,1.1781979312207787e-15,0.49208779755061965,0.8069159848746639,0.365,0.41635814835767854,0.3554263065597777,0.44,0.3000584,0.031022714
7,290,0,0.010304374562594115,0.0,0.0,0.0028361230824475825,0.0021720354,0.033207399736808786,0.03127226859254449,0.0,8.77751491810966e-18,0.2781419910008631,0.00018824646674599733,0.005,0.0038281332607508585,0.007439696256851834,0.0,0.0024309014,1.183408e-06
7,293,0,0.022433182987720325,0.0,0.01,0.016891413288479214,0.0133015895,0.03456031423143999,0.03246171532398296,0.0,4.956794012614067e-17,0.34401187324695276,0.00029800200642924067,0.02,0.015656546450608898,0.016006923658232617,0.02,0.0119330725,9.135396e-06
7,296,0,0.004163142911212834,0.0,0.0,0.002951660518207562,0.004678204,0.033207407972116056,0.03153552710207127,0.0,1.41300268985917e-18,0.37656866332854705,0.00018824646674599733,0.005,0.0029482519048515967,0.003034567015103421,0.0,0.004553448,4.502238e-07
7,297,0,0.0036563590384859684,0.0,0.0,0.0030629108954665888,0.006004905,0.03320739105096066,0.031675845004060406,0.0,0.9999999949312581,0.3249683897830304,0.00023428132577924768,0.1,0.0031810436991114585,0.0026560376569183717,0.0,0.0063616475,5.8760307e-08
7,299,0,0.017178684604033496,0.0,0.01,0.023029921807868503,0.0035915577,0.03455975021869369,0.031422651860371166,0.0,1.6152559819825736e-15,0.30400802578263203,0.00023428132577924768,0.015,0.013450041035938484,0.012823915292763794,0.015,0.0041180113,6.561279e-06
7,300,0,0.00934428919946019,0.0,0.0,0.0044767693332819864,0.0022209045,0.033207461209060554,0.031277383330337555,0.0,4.870178091103032e-18,0.30653853869921954,0.00018824646674599733,0.0,0.004010490746832767,0.006826221106859948,0.0,0.0024022507,1.9490947e-06
7,303,0,0.003300708605203698,0.0,0.03,0.0041302691207325895,0.00824464,0.037425417860510374,0.03191400882782595,0.0,7.1094537451368565e-19,0.39059462286509283,0.00017189049054432907,0.035,0.011418904479953973,0.0023928555498539976,0.03,0.00855346,2.8764194e-07
7,305,0,0.013848957875687589,0.0,0.01,0.008381690517935312,0.0058434443,0.03455993905069187,0.031658797883824266,0.0,1.4634489125445657e-17,0.39479019336890847,0.00023428132577924768,0.01,0.009518523163830703,0.009952350773587216,0.005,0.006280271,7.4867357e-06
7,310,0,0.05810996079259522,0.0,0.05,0.05135827754558431,0.0058434587,0.04055647643680895,0.03167674507572535,0.0,3.7261161559545214e-16,0.3480264239184805,0.00018824646674599733,0.08,0.041327924258844836,0.04268924908044161,0.03,0.0065183328,0.00017311408
7,311,0,0.003960081913208111,0.0,0.0,0.001942261390763631,0.005342896,0.033207392263643734,0.0316057735206637,0.0,9.479204658940032e-18,0.2936126587528837,0.00017189049054432907,0.005,0.0028113098500950275,0.0027757196986951758,0.0,0.0053432407,1.00604176e-07
7,322,0,0.053382201954115846,0.0,0.3,0.04432234246541289,0.11161551,0.10605686944128692,0.045018544541187915,0.0,1.2414916721228813e-08,0.48282279706458703,0.0033889216812003037,0.245,0.12733001330357832,0.039941719410174326,0.26,0.08480173,1.9675534e-05
7,324,0,0.2659119031406692,1.0,0.415,0.22229977651083446,0.46337652,0.16724777364001525,0.2503700665469574,0.0,1.0055934996764181e-14,0.4344957717474053,0.5689424450060617,0.17,0.3416470504289282,0.20117264249587974,0.44,0.41363296,0.02731098
7,335,0,0.027742030940036463,0.0,0.0,0.02197168115576093,0.004338362,0.03321321737859331,0.03150396786667442,0.0,1.1507710425897643e-16,0.3614724502285281,0.00018824646674599733,0.01,0.013513018471084617,0.02048564479910276,0.0,0.0047638305,6.94506e-05
7,336,0,0.02164730928781837,0.0,0.025,0.008113864586660817,0.0074046613,0.0366886282105525,0.031825084998338464,0.0,2.4895286909024538e-17,0.40474092928138666,0.00023428132577924768,0.015,0.015541458786550078,0.015836286787583063,0.03,0.008420356,9.779368e-06
7,343,0,0.0011824106823770135,0.0,0.0,0.0019669060282424475,0.0036826546,0.0332073895058723,0.03143060684499049,0.0,9.320734420253809e-19,0.26954766855592605,8.034848525541186e-05,0.01,0.0017079928236115305,0.0008394277871013664,0.0,0.0034236244,1.900948e-08
7,347,0,0.0002377990967218161,0.0,0.0,0.0007876925096983584,0.0045116856,0.03320738947435267,0.03151791597771212,0.0,4.651344451628682e-19,0.2935278782136743,0.00018824646674599733,0.0,0.0013842942956775166,0.0001711677078403496,0.0,0.0045756386,1.1552259e-09
7,349,0,0.0014177415105504144,0.0,0.0,0.0017918243769771728,0.002195109,0.03320738965126213,0.03127453071340302,0.0,4.6912920283326334e-18,0.2594008988759073,0.00017189049054432907,0.0,0.0013511687005688553,0.001000167287102227,0.0,0.0025295299,3.9183952e-08
7,357,0,0.02325321588481474,0.0,0.01,0.016774982710777243,0.0037993435,0.034559816356620685,0.03144506630497654,0.0,2.7239113437733406e-16,0.33699154711835455,0.00021392642217863534,0.02,0.013456885519312968,0.016131237232597684,0.02,0.0037355996,6.7083347e-06
7,364,0,0.025491515815841935,0.0,0.04,0.00935530349335548,0.0051310994,0.038942654953901416,0.03158465329322309,0.0,1.0160462677523124e-16,0.32678037134057475,0.00023428132577924768,0.01,0.0199944796705749,0.017757839667100844,0.035,0.006235273,2.0457855e-05
7,368,0,0.003197421484148934,0.0,0.0,0.002123101570101497,0.0036892705,0.03320739503053855,0.031431352321568046,0.0,3.91982179362635e-18,0.2714178957049467,0.00018824646674599733,0.0,0.0022524483802041292,0.002230721816020989,0.0,0.004130813,4.0431738e-07
7,383,0,0.03214442587424713,0.0,0.005,0.010472300994037507,0.0056063742,0.03387725767337162,0.0316367386719108,0.0,4.921357474641356e-17,0.3506669161106758,0.00023428132577924768,0.015,0.013305775276492758,0.022264819271947175,0.0,0.004753925,9.398248e-06
7,386,0,0.000347112547247628,0.0,0.0,0.002444322251943397,0.0026998767,0.033207389471915504,0.031327401518457185,0.0,5.129724093910452e-19,0.2924962153439578,0.00018824646674599733,0.0,0.0013728278672463365,0.0002463725064134821,0.0,0.0024309014,2.1818554e-09
7,387,0,0.0033736094637669524,0.0,0.025,0.0019084238820081313,0.005192643,0.036688267266670696,0.03158981776489179,0.0,4.26392927532346e-18,0.3184762840748648,0.00023428132577924768,0.0,0.008868669094313254,0.0023173476341498346,0.03,0.0044755023,1.0091456e-07
7,391,0,0.0013857030205674042,0.0,0.005,0.0030785175994270425,0.0038267262,0.0338770511301713,0.03144576953020671,0.0,6.73777439310019e-19,0.272958587368861,0.00017189049054432907,0.005,0.003322736711998295,0.0009495892934374983,0.01,0.0031853819,1.1836936e-08
7,398,0,0.005122343994141723,0.0,0.0,0.004329520764968712,0.0053897644,0.03320741052175827,0.0316107888996004,0.0,1.1751639173337368e-17,0.29575163986885966,8.034848525541186e-05,0.0,0.0037104072996062597,0.0036374386150202784,0.0,0.0061381008,9.713855e-07
7,5,1,0.9997812587237744,1.0,0.96,0.9999999520894824,0.9924435,0.9819533629614978,0.9823037671925262,1.0,1.0,0.7922811813975459,0.9999252262317129,1.0,0.9880561781906418,0.9997197936007097,0.955,0.9877318,0.9999999
7,13,1,0.998906631826251,1.0,0.985,0.9999999309608645,0.99851245,0.9834395168326049,0.982655603341316,1.0,1.0,0.7344865534290445,0.9999525311611838,1.0,0.9956047524168641,0.9985616465750251,0.99,0.99780124,1.0
7,14,1,0.9999999997396276,1.0,1.0,0.9999990586910215,0.99894506,0.9842728582667518,0.9826818282591467,1.0,1.0,0.8313235905228075,0.9999524787343682,1.0,0.9997360289556924,0.9999999996827011,1.0,0.99851614,1.0
7,15,1,0.999999730116433,1.0,0.99,0.9999981604490956,0.99672383,0.9837220613969097,0.9825536290402235,1.0,1.0,0.7883105987118232,0.9999475305989413,0.995,0.9966804303163623,0.9999996812441788,1.0,0.99437284,1.0
7,16,1,0.9874791426851154,1.0,0.99,0.9999979272954587,0.99864656,0.983721793377471,0.9826507499819803,1.0,1.0,0.7209313054501761,0.9999525534147954,0.99,0.9940309068279148,0.9832415783421046,0.99,0.9976566,0.9999996
7,19,1,0.9998282588189785,1.0,0.995,0.9999999560012909,0.9989311,0.9839997453999241,0.9826810179665517,1.0,1.0,0.8652009047972524,0.9999673245997053,0.985,0.998439831181378,0.9997697709435448,0.995,0.99843925,1.0
7,22,1,0.9999642005585476,1.0,0.955,0.9999990129639098,0.99817204,0.9816407873259807,0.9826367826324427,1.0,1.0,0.7289109241055163,0.9999395862842382,0.995,0.9882838145691214,0.9999580894762324,0.985,0.99731654,1.0
7,30,1,0.9950351493971937,1.0,1.0,0.999997080780297,0.9980603,0.9842721222744872,0.9825814784523125,1.0,1.0,0.6615500470377575,0.9999218658823786,1.0,0.9982731290556414,0.9937946245668228,1.0,0.9973961,0.9999999
7,31,1,0.9997677404366767,1.0,0.99,0.9999999943990927,0.99671715,0.9837220575126009,0.9825531410855287,1.0,1.0,0.7570000143043629,0.9999475305989413,0.99,0.9966212224538689,0.9996913680317158,1.0,0.99290305,1.0
7,33,1,0.9999307633275356,1.0,1.0,0.9999989589609458,0.99851245,0.9842728582667518,0.9826538146713133,1.0,1.0,0.7779111369184551,0.9999525311611838,1.0,0.9996105422922055,0.9999138050255804,1.0,0.99780124,0.9999999
7,44,1,0.9999998104941764,1.0,1.0,0.9999998360360126,0.99894506,0.9842728582667518,0.9826813712917778,1.0,1.0,0.8405616340437564,0.9999524787343682,1.0,0.9997361759805774,0.9999997741610863,1.0,0.99851614,1.0
7,53,1,0.999838686151264,1.0,0.92,0.9999978458736295,0.9840919,0.9792990043836403,0.9818068588447162,1.0,1.0,0.6756730159879815,0.9996478166661555,0.995,0.9759821024905526,0.9997981509322683,0.935,0.9736135,1.0
7,57,1,0.9965910509256057,1.0,1.0,0.9999977773986839,0.9980603,0.9842724114183475,0.9826101252337771,1.0,1.0,0.6615500470377575,0.9999218658823786,1.0,0.998662278592341,0.9957325388808961,1.0,0.9973961,1.0
7,78,1,0.9970981683973821,1.0,0.975,0.9999995710037856,0.99553704,0.9828598589690601,0.9824817401957114,1.0,1.0,0.6843780261477936,0.9999475884843949,1.0,0.9919086955047414,0.9962026084798933,0.985,0.9913463,0.99999994
7,83,1,0.9979816048129514,1.0,0.995,0.9999997420076666,0.99659204,0.9839996040917258,0.9825458856415866,1.0,1.0,0.7712035722978727,0.9999299835199769,1.0,0.997393347912735,0.9972654721060022,1.0,0.9940895,0.99999994
7,87,1,0.9999868433771338,1.0,0.99,0.9999999660348416,0.9974515,0.9837220613969097,0.9825957480931312,1.0,1.0,0.8380546305878531,0.99995848349707,0.995,0.9968595734038286,0.999982592733481,1.0,0.9968321,1.0
7,99,1,0.9999639584697068,1.0,0.895,0.9949860330801042,0.9626249,0.9774497115078934,0.9804651526700976,1.0,1.0,0.6957007883634458,0.9996337532255799,0.99,0.9631437247608506,0.9999533172096415,0.92,0.9435078,1.0
7,103,1,0.9999800485289034,1.0,1.0,0.999996930725309,0.99894506,0.9842728319818974,0.9826801302931074,1.0,1.0,0.837588423322408,0.9999524787343682,1.0,0.9997305091615832,0.999976496466855,1.0,0.99851614,1.0
7,105,1,0.7678905518484921,1.0,0.76,0.9504543559850038,0.926301,0.9583841565783565,0.977525842555346,0.6,1.0,0.6003135500406295,0.9996637412758759,0.77,0.8511614775839843,0.7058022647538825,0.765,0.8452802,0.9996571
7,109,1,0.8886453393392707,1.0,0.995,0.9784779236105114,0.9978569,0.983993217207417,0.9825536972969166,1.0,7.358666920389444e-07,0.6966779433343189,0.9999440281397676,0.985,0.9649950444867208,0.8524916534818825,0.995,0.9966254,0.9999608
7,111,1,0.9999999822040483,1.0,1.0,0.9999999522939732,0.99894506,0.9842728582667518,0.9826818156822215,1.0,1.0,0.8313235905228075,0.9999524787343682,1.0,0.9997362479725355,0.9999999786966189,1.0,0.99851614,1.0
7,122,1,0.9999905727481583,1.0,1.0,0.9999967081768444,0.99851245,0.9842728507567978,0.9826561659371426,1.0,1.0,0.7491773610169394,0.9999525311611838,1.0,0.9996249319513357,0.9999883706836615,1.0,0.99780124,1.0
7,123,1,0.9984518577255642,1.0,0.93,0.9999961907769891,0.98713696,0.9799964019477018,0.981988593721049,1.0,1.0,0.6738208458740998,0.9997334388927853,0.96,0.9788962521330389,0.9980117701691996,0.94,0.9778536,1.0
7,127,1,0.9999893211514574,1.0,1.0,0.9999985456554413,0.99894506,0.9842728545117752,0.9826815431799761,1.0,1.0,0.8261111520671306,0.9999524787343682,1.0,0.9997332310497548,0.9999872904548575,1.0,0.99851614,0.9999999
7,140,1,0.9993868828055839,1.0,0.785,0.9999995922325577,0.95618063,0.9672131559653178,0.9800432569128615,1.0,1.0,0.5595553184164227,0.9969849600258427,0.94,0.935141776788138,0.9992024588563445,0.815,0.94190925,1.0
7,141,1,0.999998917173664,1.0,1.0,0.9999999910930942,0.99894506,0.9842728545117752,0.9826818156822215,1.0,1.0,0.8261111520671306,0.9999524787343682,1.0,0.9997359914147196,0.9999985923282038,1.0,0.9984952,1.0
7,145,1,0.999999999163264,1.0,1.0,0.995156810004384,0.9989089,0.9842728582667518,0.9826797480217141,1.0,1.0,0.8405616340437564,0.9999659902852795,1.0,0.9985164216350975,0.9999999991588047,1.0,0.99843925,1.0
7,159,1,0.99999175613839,1.0,0.995,0.9999999273918765,0.998933,0.9839997874102328,0.9826811066689548,1.0,1.0,0.7993131582696843,0.9999524787343682,1.0,0.9984811751960355,0.9999888087790026,0.995,0.99824166,1.0
7,161,1,0.9998372583671191,1.0,0.95,0.9999981128816124,0.9901301,0.9813228873812953,0.982165681373378,1.0,1.0,0.733618625875222,0.9996331303597162,0.98,0.9849913744312548,0.9998060227597525,0.935,0.98645556,1.0
7,163,1,0.9999896160817359,1.0,0.96,0.99999999385668,0.9939785,0.9819533457670114,0.982393959045187,1.0,1.0,0.7539014059234942,0.9999411114077459,1.0,0.9884920275761567,0.9999858229173733,0.985,0.9875566,1.0
7,165,1,0.9231813003280402,1.0,0.92,0.9853737288497643,0.9809949,0.9792971454696257,0.9812681203039633,0.8,1.0,0.5403220952417067,0.996240176559512,0.87,0.9523874773443092,0.8989632592909235,0.93,0.9731664,0.99974763
7,174,1,0.9543185145499685,1.0,0.975,0.9971328845651928,0.9932,0.9828579423113591,0.9822306410732414,1.0,1.0,0.6359882628513702,0.9999382001434676,0.98,0.9799128508039903,0.9415772013543484,0.975,0.9856483,0.999742
7,178,1,0.9991603962471842,1.0,1.0,0.9999956144921358,0.9976019,0.9842672398351765,0.9826039997121666,1.0,1.0,0.7103810252256928,0.9999440281397676,0.995,0.9991894842665179,0.9989682275038103,0.99,0.9956625,0.99999905
7,179,1,0.9993899824643453,1.0,1.0,0.9999999903229602,0.998933,0.9842727118220124,0.9826783268366059,1.0,1.0,0.7945346953554716,0.9999524787343682,1.0,0.9995807475102954,0.9991829631667429,1.0,0.99824166,1.0
7,191,1,0.9999998259424324,1.0,1.0,0.9999999870872605,0.99894506,0.9842728582667518,0.9826818282591467,1.0,1.0,0.8232403883740668,0.9999524787343682,1.0,0.9997362176054534,0.9999997857650288,1.0,0.99851614,1.0
7,196,1,0.9999999991877078,1.0,1.0,0.9999887740808455,0.99894506,0.9842728582667518,0.9826818240668392,1.0,1.0,0.8378826195539997,0.9999524787343682,1.0,0.9997334576651684,0.9999999990609054,1.0,0.99851614,1.0
7,199,1,0.9999419032268518,1.0,0.975,0.9999999730908792,0.9939785,0.9828601164144997,0.9823939505236959,1.0,1.0,0.7431988048493756,0.9999411114077459,0.995,0.9922300941709855,0.999920260855249,0.985,0.98777556,1.0
7,208,1,0.9809506332502569,1.0,0.94,0.9969092161230543,0.9969355,0.9806694028741447,0.982550367312308,1.0,1.0,0.7545212167711306,0.9999585292995349,0.95,0.9786988340417073,0.97466599266118,0.94,0.99581724,0.9999992
7,215,1,0.9995931611855576,1.0,1.0,0.999999990568674,0.9986885,0.9842728282269148,0.9826661497026219,1.0,1.0,0.7221866346334188,0.9999525534147954,1.0,0.9995704176888097,0.9994709044331325,1.0,0.99796814,1.0
7,216,1,0.9834320554204873,1.0,0.96,0.9999976255173214,0.997323,0.9819498076593628,0.9825858480074129,1.0,3.690798339808275e-06,0.697338687923351,0.9999274901792969,0.965,0.9851881643817529,0.9766417625681361,0.955,0.99517435,0.99999994
7,218,1,0.9538390730961859,1.0,0.995,0.9950643668617658,0.9955988,0.9838362073806608,0.982361931253624,0.6,1.5280954593838797e-11,0.7420849657977168,0.9999034579164399,0.97,0.9848755582469342,0.9350960762384489,0.995,0.9916157,0.999924
7,226,1,0.9999999959041519,1.0,0.99,0.9999955301483232,0.9971782,0.9837220613969097,0.9825799521077249,1.0,1.0,0.8231266146313245,0.9999475305989413,1.0,0.9967934307398796,0.9999999953575502,0.995,0.994574,1.0
7,227,1,0.9991495310931331,1.0,0.985,0.9999998646937863,0.99749917,0.9834393943637098,0.982598237400787,1.0,1.0,0.8003178998348673,0.999946664873757,1.0,0.9954121409265195,0.998845397194096,1.0,0.9962036,0.99999946
7,230,1,0.9999421934646772,1.0,0.99,0.9999999920117542,0.99872977,0.9837220497439809,0.9826694376402628,1.0,1.0,0.8163818663190013,0.9999680398883823,1.0,0.9971679877229058,0.9999233709764624,1.0,0.9981623,1.0
7,237,1,0.9998580802224296,1.0,1.0,0.999999960655136,0.9986695,0.9842728282269148,0.9826509125384827,1.0,1.0,0.7924830211406528,0.9999525534147954,1.0,0.9996318864992224,0.9998233147239798,1.0,0.99828535,0.99999994
7,241,1,0.996258631234568,1.0,0.95,0.9999995543261071,0.9969754,0.9813227673405543,0.9825679188340971,1.0,0.012455026152035352,0.7377615224567163,0.9999475305989413,0.96,0.9858084018665482,0.9948390647609433,0.97,0.9925079,0.9999994
7,245,1,0.999997895948035,1.0,1.0,0.9999995157527298,0.99851245,0.9842728432468402,0.9826569342293505,1.0,1.0,0.7383406199252545,0.9999525311611838,1.0,0.9996274646452763,0.9999972217888125,1.0,0.9977702,1.0
7,247,1,0.3425422926733094,1.0,0.77,0.6106534996757494,0.9358441,0.33321765078866783,0.5664924624203945,0.4,2.6282314724937334e-08,0.5323374383654887,0.9661563856633179,0.78,0.6647599789281384,0.2706745413266602,0.78,0.9128147,0.001911461
7,248,1,0.9999983530304826,1.0,1.0,0.9999986572024487,0.9986619,0.9842728582667518,0.9826646248521936,1.0,1.0,0.8030813176950433,0.9999525534147954,1.0,0.999664721489431,0.9999980450518997,1.0,0.9980932,1.0
7,249,1,0.9999999999977955,1.0,1.0,0.9951262599679715,0.9989089,0.9842728582667518,0.9826797480217141,1.0,1.0,0.8313235905228075,0.9999524787343682,1.0,0.9985087843346272,0.9999999999976241,1.0,0.99843925,1.0
7,252,0,0.0034585149198620405,0.0,0.005,0.0006959123728774576,0.003073904,0.031862732796391215,0.030515501919357074,0.0,3.319956184358548e-17,0.2840500027646874,9.506785529892133e-05,0.0,0.003057082814392981,0.0024999672475125513,0.0,0.003847707,1.1965273e-07
7,258,0,0.09863461468778012,0.0,0.015,0.029013553224848897,0.0029620288,0.03337827657943395,0.031373700862830846,0.0,3.6637195170528305e-16,0.3308719699941927,8.69338380118817e-05,0.06,0.03640254918829644,0.07107832610206487,0.01,0.0030434798,0.00027529776
7,262,0,0.05760521719872213,0.0,0.015,0.016937590755052405,0.014205475,0.03306943769233612,0.032836707896800266,0.0,1.1418165632254632e-16,0.41988136601885967,0.00027377707796072306,0.03,0.025937070822894474,0.04101226577894196,0.02,0.011941858,0.00011118975
7,265,0,0.04879155762303173,0.0,0.005,0.01771390984799646,0.0016755068,0.031869217759688526,0.030563716968226885,0.0,8.064136573579582e-16,0.31377836010133486,7.373451266397975e-05,0.0,0.018295243572982605,0.03553057454241431,0.0,0.0019592657,5.2051193e-05
7,275,0,0.0396872529932079,0.0,0.12,0.014801916799644155,0.0149475,0.046910161368103526,0.03180940571732432,0.0,1.0333935756753413e-16,0.43944856290403767,0.00038073379772931226,0.065,0.04735916746818057,0.02858120556081871,0.105,0.018416623,1.9672686e-06
7,281,0,0.0010133138266853815,0.0,0.005,0.000578258556023002,0.002000979,0.03186272809049071,0.03040200851050441,0.0,6.8878370324086186e-18,0.28055831067577475,7.632686951102191e-05,0.0,0.0021481378244323016,0.000730352097306814,0.01,0.0028550404,2.9546912e-09
7,286,0,0.014514077755560918,0.0,0.02,0.0032533009881772095,0.0028692589,0.03352541769883715,0.030503234587152785,0.0,2.5538278205148696e-17,0.34349036777855013,8.69338380118817e-05,0.03,0.01015915940282871,0.010301170087317598,0.01,0.0029506735,4.0679365e-06
7,294,0,0.07063140328702214,0.0,0.01,0.025704916186355658,0.007762486,0.032450271606622894,0.031040567927929093,0.0,2.047826648075383e-16,0.3475927495858158,0.00023221558629687,0.005,0.02852470139711895,0.05114422977437688,0.015,0.0073810876,5.850433e-05
7,298,0,0.3279606567634615,0.0,0.02,0.2440898824041915,0.011460464,0.5383885448541355,0.2916997690392962,0.4,1.8572291335862865e-15,0.40508045815438215,0.00031151744534242584,0.13,0.15087775090384742,0.256958084577675,0.04,0.012391603,0.62389755
7,304,0,0.1582520649707159,0.0,0.22,0.11953907971302519,0.058389727,0.06542541561647962,0.03701071992227071,0.0,1.848916033792586e-15,0.3865857578946832,0.08646685918786005,0.03,0.1390452179274913,0.11639930819738536,0.18,0.03713086,5.2161548e-05
7,306,0,0.025868406680028808,0.0,0.02,0.015471534488234002,0.0028190678,0.03352414335045755,0.030510706559881084,0.0,1.9575540668778234e-17,0.37918582670288464,7.970509606814485e-05,0.02,0.016039752241704428,0.018503724167558126,0.03,0.0035949517,4.9441667e-07
7,316,0,0.06741177746702508,0.0,0.04,0.02029140767224843,0.010819331,0.035883362020163886,0.03140517585239703,0.0,1.1583180488783455e-16,0.40445571585069395,0.00031038277714453156,0.03,0.034630628987693514,0.04857872060043926,0.06,0.01019909,5.901762e-06
7,319,0,0.5697930112926192,1.0,0.72,0.6888038921518955,0.9363406,0.9590245179523645,0.978441582309143,0.6,1.2971896428650153e-14,0.5420826830647886,0.9377965770153733,0.595,0.728734368473586,0.47905327109363816,0.705,0.91802365,0.9999229
7,328,0,0.04323581587369506,0.0,0.2,0.025903914314735297,0.07536094,0.06115289109676402,0.03863748956673625,0.0,1.173614861917218e-16,0.3901394021859482,0.0018086373358402138,0.11,0.086125167273775,0.030827790945192387,0.235,0.09026897,6.5009995e-06
7,329,0,0.006810438064216201,0.0,0.0,0.0011289141879817193,0.0024849158,0.03132766964174271,0.030450285904185383,0.0,3.1117525115203776e-17,0.3276472793645496,8.69338380118817e-05,0.02,0.0026060670075597017,0.004827771697249553,0.0,0.0026361772,2.2073777e-07
7,330,0,0.6597996911102432,1.0,0.62,0.7728650751845269,0.91350394,0.9345404711283224,0.9611763406484624,0.6,1.1052334290123883e-14,0.5358179957513991,0.9525057085304816,0.42,0.7415421777921449,0.5753769301765922,0.62,0.89534223,0.74074703
7,346,0,0.031636293584321136,0.0,0.12,0.02738225239871482,0.049467515,0.046903435477284205,0.03550681097093434,0.0,2.793064033930988e-11,0.4146039833131882,0.0015245042087930082,0.1,0.05712151529585312,0.023353434241670797,0.105,0.052698214,6.918293e-07
7,350,0,0.006192044566633893,0.0,0.03,0.0011973995549072406,0.0059946105,0.034674117813003974,0.03081611051225152,0.0,1.6512816038021785e-17,0.34620689529680404,0.0001545008376888124,0.01,0.010846013652488974,0.004401785104462497,0.025,0.006428499,1.5950956e-06
7,351,0,0.018730022699302046,0.0,0.09,0.00939942378642952,0.006510151,0.042431881076259836,0.03143899156919851,0.0,4.2026676155005746e-16,0.3695551043190608,0.00023429449879794855,0.025,0.03115989939256101,0.013548670389778257,0.06,0.008358731,8.018282e-05
7,352,0,0.03920622544012406,0.0,0.01,0.0054454850488512485,0.0018760372,0.03240904567324411,0.03040892033786113,0.0,4.2658106554986755e-17,0.33568167360305057,8.725171386480082e-05,0.025,0.014131936926895818,0.028455890463424532,0.0,0.0024562215,2.5102147e-06
7,354,0,0.0036725031841682424,0.0,0.005,0.0006652202639571027,0.0028692589,0.031862737648824836,0.030487705314749928,0.0,2.6742058873030365e-17,0.326026351949568,8.69338380118817e-05,0.02,0.003051745578925516,0.0026037888394607363,0.0,0.0029506735,1.2963538e-08
7,355,0,0.04578185800651624,0.0,0.035,0.009084712149570271,0.0056725186,0.035268021747803024,0.030799305287536875,0.0,1.282616901139659e-16,0.3682017917916762,0.00011933409249335758,0.015,0.023884772196416812,0.03313951913598978,0.035,0.006264296,4.1072767e-06
7,361,0,0.09256406599533605,0.0,0.04,0.06042220276052314,0.014139308,0.03611956709986447,0.03204026923743725,0.2,4.942182787558053e-16,0.3777532409288689,0.0002411375727238497,0.06,0.05178139410467596,0.06632102224977664,0.03,0.01360888,2.0449466e-05
7,363,0,0.0010859015737878061,0.0,0.045,0.0007118734891541807,0.00855323,0.036473747171116136,0.031062498371896095,0.0,3.527335870967724e-18,0.34642560424056595,0.00020686463412476113,0.005,0.013837751316657532,0.0007772546855417325,0.03,0.008905973,1.2728273e-09
7,367,0,0.000298460272097994,0.0,0.0,0.0006770019760891317,0.0034730826,0.03132756240887398,0.030547759731361687,0.0,3.11195859749917e-19,0.34456779732015513,0.00013037485867762143,0.0,0.00111213620137693,0.00021327256578604472,0.0,0.0046046916,3.6523432e-10
7,372,0,0.009728488664573525,0.0,0.0,0.0030794299775629697,0.0023404453,0.031328014826977765,0.03043845151402109,0.0,7.721105545118773e-17,0.34349036777855013,8.69338380118817e-05,0.01,0.0037870909842781823,0.006986462076502419,0.0,0.0026469962,4.5677507e-07
7,373,0,0.02651349988819207,0.0,0.005,0.004345572207531966,0.0017636318,0.03186743592270576,0.030411261401686287,0.0,6.920963443406998e-17,0.30840659013590294,8.725171386480082e-05,0.01,0.009405675979566347,0.01889706554184746,0.015,0.0020759206,1.7338853e-05
7,382,0,0.000534135928660672,0.0,0.01,0.0038368503486360186,0.01376382,0.032406730354443136,0.03159612877854549,0.0,9.498667530002812e-19,0.37752826383151505,0.00021512456274602949,0.005,0.007033701524618901,0.0003762347059320594,0.015,0.012420913,8.0841045e-10
7,389,0,0.0007963134825016035,0.0,0.0,0.00047897369261060276,0.0016755068,0.0313275625143431,0.03037001253749936,0.0,1.9544207104938887e-18,0.26613462612441563,7.373451266397975e-05,0.0,0.0007376984990036087,0.0005716365101832414,0.0,0.0020003943,1.0878038e-09
7,397,0,0.03446254955202746,0.0,0.015,0.007350146488783436,0.011611691,0.032970421235879815,0.031527897072560894,0.0,1.9379120183242483e-17,0.40275223820855405,0.00027377707796072306,0.05,0.017106096696392136,0.024579482799697388,0.035,0.010926233,5.1675274e-06
7,3,1,0.9999999882910223,1.0,1.0,0.993559300356297,0.9984028,0.9816612727395753,0.9789120008208274,1.0,1.0,0.7810237203481529,0.9999717452281491,1.0,0.9979905157453183,0.9999999840631357,1.0,0.9977411,0.9999989
7,8,1,0.9999877093713543,1.0,1.0,0.9999998542301823,0.99899966,0.9816612727395753,0.978955051683182,1.0,1.0,0.8417220279454358,0.9999717452281491,1.0,0.9997468047120678,0.9999841299459248,1.0,0.998466,0.999988
7,9,1,0.9999999191516881,1.0,1.0,0.9927596274167981,0.9979716,0.9816612250852105,0.9788809491043726,1.0,1.0,0.7043270929964249,0.9999717857822894,1.0,0.9976827852255337,0.9999998830813263,1.0,0.99703276,0.9999766
7,21,1,1.0,1.0,1.0,0.9872370322624818,0.99801683,0.9816612727395753,0.9788842234866586,1.0,1.0,0.7003663650038852,0.9999717857822894,1.0,0.9963134666303788,1.0,1.0,0.99698013,1.0
7,23,1,0.9772194329286537,1.0,0.995,0.9969661494958989,0.9963863,0.981296295855512,0.9787661886962757,1.0,0.0022247651071110068,0.6925508283298467,0.9999487528496448,1.0,0.9913929680052775,0.968774291553102,0.99,0.99431944,0.99984986
7,28,1,0.9858210537911772,1.0,0.99,0.9958615002779456,0.9959791,0.9809234647918281,0.978731857485367,1.0,1.0,0.6661928238540286,0.9998232567134292,0.99,0.9919154061831437,0.9806780492703301,1.0,0.9937988,0.9999214
7,32,1,0.999988385179553,1.0,1.0,0.999999974761843,0.9985335,0.9816612727395753,0.9789214857503233,1.0,1.0,0.8026149893302884,0.9999717452281491,1.0,0.9996304618153355,0.9999843656117605,1.0,0.99776924,0.9999925
7,39,1,0.999992538159282,1.0,1.0,0.999999907383481,0.99664515,0.9816612727395753,0.9787849729815585,1.0,1.0,0.7088429055615504,0.9999495214702755,0.995,0.999159399527895,0.9999908721480681,0.995,0.9946737,0.99998957
7,42,1,0.999868994060439,1.0,0.965,0.9999997293280951,0.9885367,0.9789528180181454,0.9781889437441336,1.0,1.0,0.7413762663706976,0.9996348770522502,0.99,0.9883513597240103,0.9998175579021645,0.98,0.98050404,0.9999918
7,43,1,0.9999997906519676,1.0,1.0,0.9950708596549609,0.99805754,0.9816612727395753,0.9788871619256191,1.0,1.0,0.7633378829601306,0.9999657527269902,1.0,0.9982820486345858,0.9999997425571591,1.0,0.99707294,0.9999772
7,45,1,0.9999790790626404,1.0,1.0,0.9999998379856841,0.9980782,0.9816612727395753,0.9788886546542203,1.0,1.0,0.693994873233705,0.9999717857822894,1.0,0.9995142860228691,0.9999725505562707,1.0,0.9970759,0.99997777
7,46,1,0.7081108672941389,1.0,0.905,0.7602842937774293,0.992183,0.9722134799012836,0.9781682789599464,0.8,2.3277913346851193e-13,0.7084865057237169,0.9999676101182801,0.865,0.8413945476808026,0.6326987879921148,0.93,0.98647285,0.98289156
7,54,1,0.9999926210890274,1.0,1.0,0.9999999237556216,0.99664515,0.9816612727395753,0.9787849815220309,1.0,1.0,0.7088429055615504,0.9999495214702755,0.995,0.9991594243533666,0.999990877497845,0.995,0.9946737,0.99999064
7,55,1,0.9999992008996641,1.0,1.0,0.999996526274541,0.9988477,0.9816612727395753,0.9789441177107984,1.0,1.0,0.8235144184677902,0.9999686647851677,1.0,0.9997108625453518,0.999998994313535,1.0,0.9981183,0.99999964
7,56,1,0.9999999902375726,1.0,1.0,0.9956411643098121,0.9983889,0.9816612507452683,0.9789110632758191,1.0,1.0,0.7898929922052195,0.9999717452281491,1.0,0.9985075102497765,0.9999999888224881,1.0,0.99766695,0.9999975
7,60,1,0.9909680950087754,1.0,1.0,0.9999859424305498,0.9980233,0.9816612654081427,0.9788840505573719,1.0,1.0,0.6875550489758667,0.9999209494525,1.0,0.9972443272499986,0.9882791441382119,1.0,0.99715674,0.9996761
7,61,1,0.9999972000438955,0.0,0.845,0.9872373840007945,0.99513596,0.9663642989257192,0.978675263529309,1.0,1.0,0.6920098852760657,0.9984113137814247,0.875,0.9568426367519486,0.9999983070219352,0.875,0.9923873,0.9999999
7,66,1,0.9996870663654063,1.0,1.0,0.9999900487300313,0.99712926,0.9816609171617698,0.9788198373854979,1.0,1.0,0.6350284501298908,0.9999338991215104,1.0,0.99920159414728,0.9995910538611184,1.0,0.9955396,0.99997795
7,67,1,0.98799489735337,1.0,0.99,0.9999873316716376,0.9957124,0.980924379249455,0.9787171072846942,1.0,1.0,0.6378834805884744,0.9998367574257698,0.995,0.9934236571269337,0.9839299062576333,1.0,0.99294645,0.9995761
7,73,1,0.9999999641767734,1.0,1.0,0.9970046215704875,0.9983374,0.9816612727395753,0.9789073501794485,1.0,1.0,0.8050491870451516,0.9999717452281491,1.0,0.998835493446474,0.9999999542845112,0.995,0.99761873,0.99999857
7,82,1,0.9656874839518237,1.0,0.985,0.9906366591788676,0.9946021,0.9805449729976101,0.9786289042112125,1.0,1.0,0.6294081670663434,0.9999209494525,1.0,0.9839815568226356,0.955606620160027,0.975,0.99301505,0.9993319
7,84,1,0.9999999980143477,1.0,1.0,0.9926239926482417,0.99848664,0.9816612727395753,0.9789181095237455,1.0,1.0,0.7989800905993147,0.9999717452281491,1.0,0.9977776571829355,0.9999999978418872,0.99,0.9976687,0.99999857
7,100,1,0.9999189198465951,1.0,0.945,0.9999909148697509,0.98688656,0.9772332178688111,0.9780656094829698,1.0,1.0,0.6629588024988793,0.9991821247449824,0.985,0.9829490989083116,0.9998924750542154,0.97,0.97674817,0.9999669
7,106,1,0.9999860203587839,1.0,0.995,0.9999961776878205,0.99782133,0.981296385550037,0.9788700512249778,1.0,1.0,0.6901423732692827,0.9999717857822894,1.0,0.9982008822676935,0.999980618027372,0.995,0.9969355,0.9999557
7,112,1,0.9998111207846844,1.0,0.99,0.9999942082653928,0.99834394,0.980924379249455,0.9789078017169373,1.0,1.0,0.7726218637252307,0.9999695634476603,0.995,0.9970373183999095,0.9997500383964784,0.99,0.99750644,0.99996483
7,133,1,0.9989767313085441,1.0,0.92,0.991946549390947,0.9955621,0.9748898525663185,0.9787062980761173,1.0,1.0,0.7931505016300706,0.9963564483919952,0.965,0.9766213393170237,0.9988424019247468,0.935,0.9938992,0.99999106
7,134,1,0.9999943551357852,1.0,1.0,0.9999981197934852,0.9988477,0.9816612727395753,0.9789441177107984,1.0,1.0,0.8143842103475709,0.9999686647851677,1.0,0.9997100494841181,0.9999924069495941,1.0,0.9981183,0.9999905
7,136,1,0.997170401351678,1.0,0.94,0.9999863458215198,0.99632215,0.9767822352327437,0.9787611956241979,1.0,1.0,0.6974452695495031,0.9997913779904529,0.95,0.9833697255429943,0.9963526273677664,0.93,0.99456173,0.99972206
7,158,1,0.9999346658495872,1.0,0.995,0.9999993135875754,0.9979716,0.981296385550037,0.978880919345004,1.0,1.0,0.6648383542283599,0.9999717857822894,1.0,0.9982263934427028,0.999914940762627,0.995,0.9969976,0.9999861
7,166,1,0.9439292093230354,1.0,0.975,0.9701416970540497,0.9923868,0.9796760410245202,0.9781836561576188,0.4,0.9994819184122318,0.5330261701920197,0.9998215890810802,0.895,0.9703644310773034,0.9184213528855624,0.98,0.98883516,0.95392305
7,168,1,0.9999991408232806,1.0,1.0,0.9999914092778227,0.9989974,0.9816612727395753,0.978954876012117,1.0,1.0,0.8632539887627747,0.999968496818818,1.0,0.9997469850928341,0.9999989951629412,1.0,0.9984665,0.9999995
7,172,1,0.9999486302535385,1.0,0.97,0.99999881197919,0.9953551,0.9793624641212335,0.9786912269993051,1.0,1.0,0.7453077510151167,0.9999657527269902,0.97,0.991325642868668,0.9999287159854797,0.985,0.99316823,0.99993336
7,173,1,0.9963877898539687,1.0,0.885,0.9925310700220614,0.99066544,0.9712107328602444,0.9783469891851958,1.0,1.0,0.6757241457161783,0.9999602351332484,0.88,0.9661460739167614,0.9950422547281008,0.9,0.98807365,0.9996949
7,180,1,0.9999984807878483,1.0,1.0,0.9999861431248458,0.9988477,0.9816612727395753,0.9789441177107984,1.0,1.0,0.8318220454287523,0.9999686647851677,1.0,0.9997080867299741,0.9999980981092728,1.0,0.9981183,0.99999976
7,186,1,0.9881320442251452,0.0,0.675,0.9973005072128251,0.7540955,0.9355623367970046,0.9517787170097713,1.0,1.0,0.4492653796378776,0.10225910421230217,0.84,0.8536320115462831,0.9839906767761294,0.725,0.6880354,0.99947923
7,188,1,0.781358443785526,1.0,0.97,0.8680781104898503,0.98989445,0.9793233671075845,0.9782535524846236,0.6,9.364313849412715e-05,0.6619482425299318,0.9999507894908843,0.85,0.9023327509965555,0.720818036887872,0.97,0.98646647,0.9791773
7,189,1,0.9999999897668711,1.0,1.0,0.9999856640607063,0.9985335,0.9816612727395753,0.9789214857503233,1.0,1.0,0.831650527439837,0.9999717452281491,1.0,0.999629785286881,0.9999999881187115,1.0,0.9977428,0.9999977
7,190,1,0.9999984128101561,1.0,0.865,0.9939830013982202,0.983923,0.9688786965215664,0.9778422590615308,1.0,1.0,0.6920466409656065,0.9970710630265961,0.98,0.9607261080467612,0.9999978658237269,0.9,0.97210985,0.9999771
7,201,1,0.9997661119636362,1.0,1.0,0.9999995073351643,0.9979716,0.9816612654081427,0.9788809533557077,1.0,1.0,0.7296504823029154,0.9999717857822894,1.0,0.9994343034081123,0.9996868607499972,1.0,0.9969976,0.9999622
7,203,1,0.9996278020355375,1.0,0.99,0.999999164289116,0.99632215,0.9809243716291522,0.9787615333401863,1.0,1.0,0.7245880305772076,0.9999717857822894,0.995,0.9964872803308582,0.9995138924871526,0.995,0.99456173,0.99989605
7,204,1,0.999999985757982,1.0,0.955,0.9999813401121327,0.9972355,0.978109519296967,0.9788277476452572,1.0,1.0,0.8004066291920914,0.9997910781785729,0.965,0.9880542007101968,0.9999999845730634,0.955,0.99584854,0.9999979
7,205,1,0.976405137194965,1.0,1.0,0.9930021110510238,0.9980971,0.981661254410988,0.9788889558247676,1.0,1.0,0.7175065330215813,0.9999120045902385,0.995,0.9918760924903836,0.9680113986369158,1.0,0.9971577,0.99922
7,209,1,0.7113045140677444,1.0,0.96,0.818024729121048,0.9877579,0.9783969529268964,0.9776369699768559,0.6,1.0547780385870028e-07,0.655487935763761,0.9996293236361936,0.88,0.8692717911019161,0.632050404098795,0.955,0.98014486,0.85138655
7,214,1,0.48744207781730814,1.0,0.675,0.5430854462073773,0.87458014,0.35230920054925097,0.8092766218138635,0.0,4.382580965903788e-14,0.5854297314579818,0.9995643687168406,0.645,0.6450269172267219,0.40615201347425045,0.7,0.8291189,0.373631
7,217,1,0.9982461509857226,1.0,1.0,0.9999988115330775,0.9967123,0.9816612727395753,0.9787898522401945,1.0,0.9370243909090377,0.7815058811003415,0.9999686647851677,0.98,0.9987393223805697,0.9976049891792307,0.99,0.9956144,0.9999854
7,231,1,0.9948662600107008,1.0,1.0,0.9999945285248685,0.9986161,0.9816612690738594,0.9789274125070707,1.0,1.0,0.7451047101393307,0.9999717857822894,1.0,0.9983692219732936,0.9930191486325959,1.0,0.99795914,0.9998309
7,233,1,0.9842302036890022,0.0,0.885,0.9924311598755237,0.9950087,0.9712107100866193,0.9786657720127173,0.8,0.999999999982915,0.7184881294092351,0.999458359148262,0.865,0.9641675176527587,0.9789421654889716,0.89,0.99247956,0.99979365
7,234,1,0.9978234583403106,1.0,0.875,0.9957698241295594,0.9827734,0.9700650905290551,0.9777553168581571,1.0,1.0,0.747075728896032,0.99993895805469,0.97,0.9628416764161888,0.9973016262649091,0.885,0.96312666,0.999995
7,244,1,0.9999916026092804,1.0,0.995,0.999999837558646,0.9984522,0.981296385550037,0.9789156264139095,1.0,1.0,0.7908234465177656,0.9999717452281491,1.0,0.9983609066880997,0.9999895832396347,0.995,0.99776757,0.9999927
7,246,1,0.999999999832069,1.0,1.0,0.9903127751287573,0.99848664,0.9816612727395753,0.9789181095237455,1.0,1.0,0.8125117449944709,0.9999717452281491,1.0,0.9971998532574948,0.9999999998083551,1.0,0.9976961,0.9999945
7,261,0,0.02226992889848788,0.0,0.01,0.011550344510505139,0.010395709,0.03196722656341948,0.04466932431943802,0.0,6.489212701437502e-17,0.3870683657047121,0.0005763667941913119,0.02,0.013553995708550991,0.016189369854122126,0.01,0.011701168,0.00015043438
7,269,0,0.008204884530489545,0.0,0.005,0.0029628605644827603,0.007366405,0.03135179282240672,0.044218344127025695,0.0,1.327439994773253e-17,0.4449205242695277,0.00016737799479507872,0.005,0.005883537490908666,0.0057500081955810575,0.015,0.007718749,3.8337686e-05
7,271,0,0.04833003666417795,0.0,0.055,0.02934306847149269,0.006724597,0.03805714252405293,0.04413105954622733,0.0,3.5171611223266552e-16,0.36980840910880075,0.00011875639414318715,0.025,0.03484942552263819,0.0335581583841008,0.05,0.0070447,0.0009510765
7,274,0,0.1604704299946222,0.0,0.145,0.07020495720767064,0.007448979,0.05377842154344235,0.04430428906874244,0.2,3.385972151753486e-16,0.40030139369399825,0.00011875639414318715,0.105,0.09578109159751239,0.11673403570752106,0.12,0.008501897,0.011819038
7,282,0,0.1401282406095548,0.0,0.01,0.06118757251186575,0.004251921,0.03197488796561551,0.04377229691653496,0.0,9.11808926300139e-16,0.34377292375035656,0.00010865927525387697,0.06,0.053891933551299676,0.10241606659152354,0.0,0.003689234,0.0037685542
7,285,0,0.011669244394729394,0.0,0.005,0.00840084750091655,0.008776018,0.03135184694920065,0.04442706809537352,0.0,1.9395933941008756e-17,0.27784818761566704,0.00010865927525387697,0.04,0.008461527572916471,0.008218422577740367,0.01,0.006912608,0.000104618994
7,288,0,0.03891245698473189,0.0,0.025,0.05570313449628384,0.01623654,0.03388571073041394,0.04557438844643873,0.0,0.999999999947569,0.3257536619712725,0.0005278212397487319,0.11,0.03396303285278023,0.027032343845075392,0.01,0.0135787325,0.0055449815
7,289,0,0.008293847441506512,0.0,0.0,0.002019698599096905,0.0018663594,0.030747898636631285,0.04341382421640334,0.0,3.2492836540180945e-18,0.3427987107556591,0.00011875639414318715,0.0,0.0030449763551693154,0.006087149575678667,0.0,0.0019504711,4.93168e-05
7,301,0,0.0007879061547171932,0.0,0.0,0.0011514242607510094,0.001823441,0.030747878691415733,0.04340726905933053,0.0,8.407696469438341e-19,0.27644520799206146,0.00011875639414318715,0.0,0.0009406928561263499,0.0005766417357996181,0.0,0.0018860956,5.033757e-06
7,302,0,0.06383060033670271,0.0,0.115,0.017566743553170536,0.020030722,0.04792881454238677,0.04613206859558336,0.0,1.596465731134718e-16,0.3844824502321595,0.0008557930752936148,0.08,0.05410701647798246,0.04717341068808116,0.1,0.023229755,0.00094671076
7,308,0,0.06330848113853052,0.0,0.01,0.04452104104737515,0.0041251592,0.03196740511467445,0.043742619628212735,0.0,7.865804492596955e-16,0.32598921606859327,0.00010865927525387697,0.015,0.030488670354928547,0.04397939399335109,0.01,0.0045877756,0.00046285352
7,314,0,0.006899940139748288,0.0,0.015,0.0030752232876917487,0.004971464,0.032594230176793526,0.04386627209944258,0.0,3.143046555590917e-17,0.3303434268656834,0.00011875639414318715,0.01,0.007486656897998777,0.004915503973219826,0.02,0.005894205,6.176913e-05
7,315,0,0.12966424225139106,0.0,0.57,0.1171133841821731,0.38057545,0.24302731994029905,0.1490155907688993,0.2,1.231426491530885e-09,0.5112394627433069,0.030397290792613278,0.355,0.29933826867704416,0.09329385330117128,0.57,0.2761632,0.011663723
7,321,0,0.08962342929064437,0.0,0.01,0.0362204715524199,0.0020753022,0.03327390335409308,0.043641531139544665,0.0,6.793151225652914e-16,0.3209108052627808,0.00011875639414318715,0.045,0.03447980075620743,0.06440679486882717,0.01,0.002115658,0.023635674
7,331,0,0.022670384384546213,0.0,0.05,0.012807221045522411,0.006255068,0.03732809889021153,0.04405519674256858,0.0,8.880840885581701e-17,0.3303434268656834,0.00011875639414318715,0.025,0.022933168328747665,0.016285466885541205,0.045,0.0064670676,7.332689e-05
7,333,0,0.003350673350712406,0.0,0.005,0.00722997799782935,0.006840904,0.03135178604157559,0.044140743677259654,0.0,2.3279429364859754e-17,0.3106288355076925,0.00016737799479507872,0.0,0.005605388781542723,0.0025429561745611926,0.0,0.006234762,4.189368e-06
7,334,0,0.04918187089108957,0.0,0.36,0.05605390698733063,0.20339294,0.11864080359099759,0.0840431798504489,0.0,1.4365890694480858e-09,0.4542980246286502,0.025829245205408958,0.19,0.1671571789144617,0.03500669278911594,0.395,0.14167237,0.0008404684
7,338,0,0.006259344948281256,0.0,0.015,0.014950944790197231,0.0056662583,0.03259421388122497,0.04396801330822863,0.0,1.2113377702482783e-16,0.30129708678658057,0.00011875639414318715,0.015,0.010469137004428164,0.004749947021600961,0.015,0.0044725523,1.0085773e-05
7,339,0,0.2519343071586054,0.0,0.02,0.12847484443164586,0.0044979784,0.03329224012347969,0.04385737722445827,0.4,5.007908322976483e-15,0.34628058273571366,0.00011875639414318715,0.105,0.10122678249022199,0.18720958350089192,0.015,0.0044524465,0.020584408
7,340,0,0.003866272523467746,0.0,0.0,0.0016809137074958599,0.002225349,0.030747886936246565,0.043465602313863094,0.0,1.436690292542223e-18,0.3617711736304175,0.00011875639414318715,0.02,0.0019431337974273012,0.002721648047230377,0.0,0.0020430982,1.9550478e-05
7,345,0,0.004860884392283366,0.0,0.005,0.00806263573959336,0.022868706,0.03135204673409051,0.046564026230923254,0.0,9.932183144953003e-18,0.4210464263535622,0.00016737799479507872,0.025,0.010198056511325305,0.0032831600584928163,0.015,0.01952127,0.000130141
7,353,0,0.047407551544899625,0.0,0.04,0.043934967789750944,0.006949598,0.03591219075920729,0.044157861096894985,0.0,5.711789109009771e-16,0.3158243516476213,0.00011875639414318715,0.015,0.03457302932607545,0.03579843701862454,0.04,0.0064670676,0.00024553586
7,359,0,0.005377700966905766,0.0,0.025,0.008139296650804765,0.0048725847,0.03388416124552364,0.04385179834116165,0.0,1.2478820459715342e-16,0.2572704262149617,0.00011875639414318715,0.035,0.010847395583299026,0.004080363192887188,0.015,0.005020719,4.663946e-05
7,365,0,0.06043617024022168,0.0,0.13,0.10577248304802804,0.047604203,0.05096942369549745,0.050610320485139595,0.0,9.002667321601675e-16,0.35900821990463394,0.00029811987456567754,0.035,0.08595321412810797,0.043022990538005214,0.11,0.039528284,0.0032437674
7,366,0,0.012006460235662403,0.0,0.04,0.007964151095173375,0.0034115661,0.03591211868004728,0.04364251319186613,0.0,1.2328034214600882e-16,0.37606568626790593,0.00011875639414318715,0.03,0.015845544367741486,0.008016497120422883,0.015,0.00348529,0.0010863924
7,381,0,0.0005691677637520152,0.0,0.0,0.0009294967154606428,0.0022106364,0.03074787825867413,0.04346343401068793,0.0,1.1452994125143e-18,0.27679308706255606,0.00011875639414318715,0.0,0.0009273252173964422,0.00041791052645016587,0.0,0.0019504711,5.93537e-07
7,384,0,0.02921605295180552,0.0,0.06,0.033561343860038194,0.009907854,0.039135214099100486,0.04460415982612549,0.0,2.5494474503865383e-16,0.3847246001660711,0.00011875639414318715,0.04,0.03317131265036782,0.021051810028374453,0.07,0.010697668,0.01515865
7,392,0,0.018615147573766738,0.0,0.0,0.008222948216959519,0.005716977,0.030747893803771142,0.04397561530388227,0.0,2.1417926441364925e-17,0.33393592450811166,0.00016737799479507872,0.0,0.008138768241512852,0.013958840374608317,0.0,0.006234762,3.485669e-05
7,394,0,0.298416735779465,0.0,0.115,0.2650913696607928,0.009738887,0.04813226410964598,0.04470076412480115,0.2,4.12585356081119e-15,0.4209229666652425,0.00011875639414318715,0.12,0.17206174804228513,0.22783159015509305,0.09,0.011077038,0.029194167
7,396,0,0.0006812567556474836,0.0,0.005,0.0011430873171268626,0.005716977,0.03135178645555839,0.043975382884892535,0.0,5.630869848153366e-19,0.33157125768179185,0.00016737799479507872,0.01,0.0031353303120248755,0.0004799636816656167,0.005,0.0059735794,8.267702e-06
8,1,1,0.9931519462704564,1.0,0.93,0.9999977320996238,0.9766063,0.9750229452624398,0.9754904685989911,1.0,1.0,0.6657230949109038,0.9999027570843891,0.925,0.9749389969459976,0.9907969768172988,0.94,0.9390865,1.0
8,3,1,0.9999999871715223,1.0,0.995,0.9999967596610493,0.9983387,0.9809675130221458,0.9776440206529926,1.0,1.0,0.7997637550776583,0.9999392930547393,1.0,0.9983338615433479,0.9999999830191678,1.0,0.9975141,1.0
8,8,1,0.9999922723198461,1.0,1.0,0.9999999610301644,0.99899954,0.9813624944225661,0.9777065094066082,1.0,1.0,0.8432860498632159,0.9999442721185181,1.0,0.9997479423468638,0.9999898653742144,1.0,0.99859136,1.0
8,9,1,0.9999997393334947,1.0,1.0,0.9999851873660042,0.9977952,0.9813617863491664,0.977587935997051,1.0,1.0,0.6941084142040851,0.9998984969182636,1.0,0.9994450377223143,0.9999996466457975,1.0,0.9967452,0.99999386
8,22,1,0.999983224585702,1.0,0.97,0.9999973326937778,0.9976967,0.9788660979173491,0.9775831086467329,1.0,1.0,0.6935124665223661,0.9998916629364046,1.0,0.9919193137478561,0.9999800826891744,0.965,0.99622214,1.0
8,23,1,0.9848504004536545,1.0,1.0,0.9999983842460294,0.9959329,0.9813554353500542,0.9774144791863428,1.0,0.0007121099092887921,0.7146917824348928,0.9998713128710003,0.985,0.9951954154408588,0.9789092185336141,0.99,0.99449414,0.9999998
8,25,1,0.9562521663133438,1.0,0.91,0.9859960525977124,0.97800523,0.9724414745931516,0.9756269751159867,1.0,1.0,0.5895119372458739,0.9986849157027873,0.905,0.9575633623344612,0.940583258245801,0.9,0.9541413,0.9998797
8,26,1,0.9981289404436364,1.0,0.985,0.999998002680553,0.9955712,0.9801447153649314,0.977371038573752,1.0,1.0,0.7738296085037207,0.9999214815952586,0.995,0.994674534800861,0.9973906322207636,0.99,0.99336714,0.9999742
8,27,1,0.9999998782012549,1.0,1.0,0.9999970892164876,0.99854773,0.9813618581366117,0.9776637994783822,1.0,1.0,0.8117449025926899,0.9999392930547393,1.0,0.9996361750619476,0.9999998577070688,1.0,0.99780554,0.9999989
8,34,1,0.9977164569439024,1.0,1.0,0.9999997189032427,0.9987531,0.9813603570699311,0.9776818713549871,1.0,1.0,0.7692660294569448,0.9999340553173864,1.0,0.9991173116696109,0.9971213827169777,1.0,0.99814093,0.9999999
8,38,1,0.9999493776297504,1.0,1.0,0.9999979745937166,0.9981185,0.9813592605636663,0.9776227948140311,1.0,1.0,0.7027536669478427,0.9998984969182636,1.0,0.9995164680016217,0.9999394004083332,1.0,0.9970034,0.99999994
8,44,1,0.9999998622377081,1.0,1.0,0.9999993862802435,0.99867177,0.9813617830860943,0.9776755440311162,1.0,1.0,0.8207308541493382,0.9999392930547393,1.0,0.9996677546534443,0.9999998312772953,1.0,0.9979073,1.0
8,52,1,0.9935878764688848,1.0,0.98,0.9999897996213799,0.99679923,0.9796630141377863,0.9774942166366846,0.8,1.5953805755795096e-07,0.7411470325385167,0.9999129611458936,0.97,0.9925942266664566,0.9906825406617493,0.985,0.9952732,0.9999975
8,60,1,0.9909970415176751,1.0,1.0,0.9999882969613226,0.99828535,0.98136236716708,0.977634643190846,1.0,1.0,0.6903771475316213,0.9998642421321354,0.995,0.9973176729156861,0.9881470951316854,1.0,0.9976211,0.9999995
8,71,1,0.9999917107625197,1.0,0.995,0.9999976312896479,0.9981704,0.9809632958215488,0.9776279544282822,1.0,1.0,0.7939335583925944,0.9999442721185181,1.0,0.9982899294690355,0.9999889278238422,0.985,0.99641764,0.9999904
8,74,1,0.9999998037804719,1.0,1.0,0.9999985221207875,0.99858236,0.9813614894073063,0.9776670830165287,1.0,1.0,0.8207308541493382,0.9999392930547393,1.0,0.9996451722574804,0.9999997538549386,1.0,0.9977114,0.9999999
8,75,1,0.9985577997386564,1.0,0.935,0.9999999263700463,0.98755395,0.9755247232536436,0.9765994573211947,1.0,0.9850886136463082,0.724343005698224,0.9999510903466472,0.97,0.9802779200582884,0.9978199399411128,0.945,0.98621583,1.0
8,76,1,0.9999999818354913,1.0,0.995,0.9999930419616295,0.9984407,0.98096752967594,0.977653677471335,1.0,1.0,0.7794963209687746,0.9999284762668044,1.0,0.9983584266712879,0.9999999787903684,1.0,0.9973047,1.0
8,96,1,0.9995485822713743,1.0,1.0,0.9999999950984624,0.99889946,0.9813614371972688,0.9776970551252502,1.0,1.0,0.797932407072414,0.9999177682884002,1.0,0.999612009302176,0.9993695583236667,1.0,0.9983407,1.0
8,97,1,0.9998273964551603,1.0,1.0,0.9999999553091489,0.9983903,0.9813297649756858,0.9776487969641733,1.0,1.0,0.7821464031173017,0.9999392930547393,1.0,0.9995544171818762,0.9997599718365183,1.0,0.9976459,0.9999822
8,116,1,0.9998880332454518,1.0,0.915,0.9999985508967872,0.9818679,0.9734131790359157,0.9760297251818568,1.0,1.0,0.7538920099342618,0.9996368229861893,0.995,0.9741886233934242,0.9998547616705665,0.955,0.9786249,1.0
8,119,1,0.978471437751834,1.0,0.97,0.9999942743826903,0.99491584,0.97885238301106,0.9773172599384138,1.0,2.1881475023773696e-10,0.7081103365889669,0.9995130945334937,1.0,0.9858453887861183,0.969257555602607,0.955,0.9923241,0.9999999
8,133,1,0.9994799125847634,0.0,0.88,0.9924456829668127,0.99650913,0.9692541442431503,0.9774700849294508,1.0,1.0,0.8233793423325779,0.9773870083698037,0.935,0.967108682580254,0.9993952166048,0.9,0.9967879,1.0
8,136,1,0.998019062447574,1.0,0.965,0.9999963668171711,0.9955663,0.9784186509894511,0.9773790882557396,1.0,1.0,0.6441178953086447,0.999926086113161,0.99,0.9896454344407819,0.9973573600742436,0.975,0.9931306,0.99999964
8,138,1,0.9933618346769816,1.0,1.0,0.99999946230936,0.99684757,0.9813612511978439,0.9775023011402498,1.0,0.7313067160490416,0.7196211301694272,0.9999340553173864,0.975,0.997552216732204,0.9909026071626884,0.995,0.9942918,1.0
8,139,1,0.9998301050308849,1.0,1.0,0.9999999897173605,0.99854773,0.9813613295136133,0.9776637384986556,1.0,1.0,0.806245362285768,0.9999392930547393,1.0,0.9995944568945733,0.9997758285977512,1.0,0.99780554,0.999998
8,140,1,0.999328332704429,1.0,0.875,0.9999977289674643,0.98229367,0.9686076252125209,0.9760728038256572,1.0,1.0,0.6635617523495341,0.9995232761159178,0.915,0.9641549317702454,0.9991255422677938,0.895,0.9698509,1.0
8,147,1,0.999999979540402,1.0,1.0,0.9999955629186009,0.9983903,0.981359090860614,0.9776489088332891,1.0,1.0,0.8061132568929686,0.9999398279273266,1.0,0.9995964648555496,0.9999999714948559,1.0,0.9976459,0.99999994
8,151,1,0.9981066943548336,1.0,0.995,0.9999982501939435,0.99743015,0.9809667469321639,0.977557309260415,1.0,1.0,0.6871719571570813,0.999906821688805,0.995,0.9976337725723216,0.9973868913686597,0.995,0.99471104,0.9999989
8,152,1,0.9954286085923082,1.0,0.885,0.9999997204807692,0.9895007,0.9698386639317588,0.9767914234357622,1.0,5.9045785402586136e-08,0.6625747713810931,0.9994752841942649,0.85,0.9674822576251343,0.9931602278539438,0.9,0.9797091,1.0
8,154,1,0.9999999999970413,1.0,1.0,0.9930687078077504,0.9984591,0.9813625270520406,0.9776554210209031,1.0,1.0,0.8500564606960406,0.9999442721185181,1.0,0.9978819521320146,0.9999999999968661,1.0,0.9972172,1.0
8,159,1,0.9999909733626088,1.0,0.985,0.9999995207226161,0.99825925,0.9801520812675318,0.9776364740754951,1.0,1.0,0.7494728345586514,0.9999337049156359,0.985,0.9958124351086399,0.99998673244938,0.99,0.9972836,1.0
8,162,1,0.9891202716622393,1.0,0.98,0.9999935604664336,0.99662113,0.9779430930027666,0.9774497594539987,0.6,0.213690339337624,0.6034542226613261,0.9998180382606469,0.875,0.9914337410064114,0.9836620463931915,0.99,0.9941419,0.9999592
8,169,1,0.999985812363029,1.0,1.0,0.9999999190194663,0.9970578,0.9813582586410134,0.9775223500562942,1.0,1.0,0.7881943703974394,0.999932626273729,1.0,0.9992608817267731,0.9999812013673389,0.995,0.9962624,0.99999964
8,170,1,0.9999974530552637,1.0,0.995,0.9999917280240762,0.99844354,0.9809666803142147,0.977653914430502,1.0,1.0,0.8127775725689892,0.9999392930547393,1.0,0.99835818124758,0.999996877147185,0.995,0.99772674,0.9999989
8,171,1,0.999999278593134,1.0,1.0,0.9999987996923496,0.9981185,0.9813558074609521,0.9776231341950111,1.0,1.0,0.6909161562870018,0.9998984969182636,0.995,0.9995291495171259,0.9999989616197382,1.0,0.9970034,0.99999934
8,176,1,0.9999998619263009,1.0,0.99,0.9999998843118397,0.99825925,0.9805643028317679,0.9776364944263326,1.0,1.0,0.7610189998068418,0.9999284762668044,1.0,0.9970647481468689,0.9999997989532292,0.995,0.9972836,1.0
8,177,1,0.9972586139189346,1.0,0.965,0.9999996071911296,0.99568933,0.9783894373599331,0.9773894729901765,1.0,1.0,0.715415923918991,0.9999256719637241,0.98,0.9894868883988158,0.9965832673465775,0.97,0.9930126,0.9999969
8,179,1,0.9996392672394188,1.0,1.0,0.9999999929501535,0.99889946,0.9813624324264102,0.9776970652737355,1.0,1.0,0.8060133086795194,0.9999382246371566,1.0,0.9996346800071099,0.999507229791403,1.0,0.9983407,1.0
8,184,1,0.9999972439929367,1.0,1.0,0.9999993391251448,0.9984882,0.9813613458293579,0.9776581675399368,1.0,1.0,0.8075079340016008,0.9999392930547393,1.0,0.9996211927269996,0.9999968120894498,1.0,0.9975956,0.9999964
8,199,1,0.9999134569117307,1.0,0.995,0.9999995805474694,0.99604,0.9809474914949919,0.9774239288159233,1.0,1.0,0.7875988491558764,0.9999214815952586,0.985,0.9977382560174032,0.9998747498855101,1.0,0.9940638,0.9999617
8,202,1,0.9927282683112281,1.0,0.985,0.9999987553088159,0.9970542,0.9801041062994226,0.9775218766011978,1.0,0.9999999937935478,0.5986471546969774,0.9998804119276622,0.94,0.9936953107164886,0.9895687892237907,0.98,0.9947837,1.0
8,209,1,0.7228801579520977,1.0,0.92,0.8536192368172417,0.9779438,0.9686689354523526,0.9741382828808018,0.6,2.7777146783987817e-08,0.5888099532401415,0.9987461176342881,0.805,0.8686107932018411,0.6454048979788726,0.9,0.96156156,0.9968356
8,216,1,0.978973409099056,0.0,0.885,0.9999955230762373,0.9914625,0.9698719504044798,0.976983289963691,1.0,9.815449757198394e-05,0.7164300814221292,0.9988858129529751,0.95,0.9638578652202225,0.9699027433649923,0.905,0.99188566,1.0
8,221,1,0.9718447514133389,1.0,1.0,0.9931970162175185,0.9983165,0.9813605855007718,0.9776322439894805,1.0,1.0,0.7014347600576958,0.999814268565517,0.985,0.9908395735109554,0.9621010636923479,1.0,0.99766254,0.99998873
8,222,1,0.9646542386392523,1.0,0.995,0.9919695799894722,0.9982268,0.9809602139542726,0.9776268674620172,1.0,1.0,0.6844703868846975,0.9998642421321354,0.995,0.9874626600128253,0.9539294339934862,0.995,0.9976125,0.99997336
8,223,1,0.9999437381927664,1.0,0.975,0.9999992407092186,0.9881691,0.9793036035923945,0.976660142813727,1.0,1.0,0.6863723529208957,0.9998716130977098,0.995,0.9907780132401294,0.9999261365370329,0.99,0.982371,0.9999996
8,236,1,0.9989420454576997,1.0,1.0,0.9999996458409456,0.99818075,0.9813605365515371,0.977628255365553,1.0,1.0,0.6939608093804628,0.999906821688805,1.0,0.9992806095827027,0.9985421056679513,1.0,0.9970034,0.9999922
8,239,1,0.9973850059738186,1.0,1.0,0.9999999002613005,0.9984296,0.9813621159165662,0.9776525228198991,1.0,1.0,0.7997669755543805,0.9999382246371566,1.0,0.9989536256648055,0.99636924287316,1.0,0.9974884,1.0
8,245,1,0.9999978826842282,1.0,1.0,0.9999975889846983,0.998075,0.9813623214854157,0.9776189717614535,1.0,1.0,0.6650531305954321,0.9998984969182636,1.0,0.9995176200153151,0.999997010668865,1.0,0.996849,0.9999994
8,263,0,0.05465239781505163,0.0,0.025,0.02760287815547691,0.00857517,0.03935202578459625,0.04255721285562366,0.0,6.976525168780935e-17,0.40858497373467445,0.0005566911997311754,0.025,0.028957611567857366,0.039710730633593115,0.02,0.010600959,5.973278e-06
8,268,0,0.17406187812103163,0.0,0.255,0.17652244831806455,0.13607432,0.10085790982545756,0.07187177328742261,0.0,5.4159126641258035e-08,0.467308081717327,0.002743140897241217,0.24,0.18541466148023647,0.1346877490752988,0.255,0.124856815,0.0007853275
8,271,0,0.05226413201807514,0.0,0.02,0.017623622138558958,0.0060655028,0.03854154741793114,0.04211099398648417,0.0,1.9030556598851062e-16,0.3223251564905121,0.000149809561939859,0.03,0.02398831422985715,0.03652916155503238,0.01,0.006126691,1.6342692e-05
8,273,0,0.5257638003972461,1.0,0.635,0.5,0.34943947,0.6829163704759689,0.36703822762526594,0.6,1.5979834414755783e-15,0.527328405585889,0.5046376831212618,0.525,0.5025508180893284,0.4315925747076229,0.565,0.2948209,0.13026233
8,277,0,0.008909811071678611,0.0,0.03,0.00416791637392789,0.004198817,0.04008604965155823,0.04178114334315978,0.0,3.090310934298826e-17,0.3515518514242519,0.00021220560068574803,0.03,0.011819136129045017,0.00635886044543726,0.015,0.00451302,2.3534285e-07
8,282,0,0.15601458190892917,0.0,0.02,0.07750115340207427,0.0038676783,0.039086283033837634,0.041841730849311455,0.0,2.3405195812276276e-16,0.3667443666107875,0.00021220560068574803,0.025,0.06434585341381328,0.11545484799825319,0.02,0.0037401454,0.000106851
8,283,0,0.026005454744633578,0.0,0.32,0.030607564823132986,0.07698628,0.12626952842650202,0.05641703511167835,0.0,3.0278387136991085e-11,0.41703601536888363,0.0017378884080970075,0.1,0.11339982565791377,0.018983892224557875,0.295,0.08745789,1.0633124e-05
8,295,0,0.015149590988513312,0.0,0.185,0.020927277710870506,0.096893415,0.07495126184111095,0.0611717876254116,0.0,3.943472854942393e-09,0.4133524214586022,0.003322262064647688,0.195,0.07949257088859679,0.011213794567345295,0.2,0.078458235,2.1548146e-06
8,298,0,0.25938653582022253,0.0,0.04,0.24239126116688356,0.007071619,0.06432002988706954,0.12856072195916987,0.4,1.3430146113428707e-15,0.35682866025021776,0.0005455362478214011,0.095,0.1372123539772902,0.19628182603311936,0.04,0.009218228,0.016991958
8,308,0,0.06256337159516183,0.0,0.01,0.023524634022608203,0.0039308975,0.037003124389988755,0.04173802065975335,0.0,2.2873235208330473e-16,0.32916497028322633,0.00021220560068574803,0.0,0.025004725767426808,0.0440922191097667,0.01,0.0042637927,7.295518e-06
8,313,0,0.022215098637267946,0.0,0.01,0.00963184589667009,0.0034786998,0.03693293964130037,0.041656773873695915,0.0,1.6869261823491772e-17,0.3764873646412575,0.00021654619015261354,0.015,0.011331411090841856,0.016119399155109994,0.005,0.0036103295,4.3924112e-07
8,314,0,0.007537028617867848,0.0,0.0,0.0018210403408105915,0.0037548447,0.035427896630987755,0.04170411200639281,0.0,2.5126591897872327e-17,0.30904731921210227,0.000149809561939859,0.005,0.0032782284037231393,0.00541630434034343,0.0,0.0041263034,3.383462e-07
8,320,0,0.0030975937745804827,0.0,0.005,0.004819814411397711,0.0045001633,0.036164290802546815,0.0418333207313437,0.0,2.422927603056827e-17,0.3315998091811313,0.000276528185251992,0.01,0.0043543928598437365,0.0023034016707902567,0.0,0.006142961,1.1659669e-08
8,325,0,0.030164056200719536,0.0,0.005,0.025547974427064083,0.005236211,0.03618761882869563,0.04196191951578987,0.0,5.06897848957685e-17,0.3908625588180691,0.00032702514296977615,0.015,0.016487060348740836,0.02175323271399605,0.005,0.0066434285,1.6985775e-06
8,328,0,0.03810638629253368,0.0,0.24,0.01913641367802934,0.14777675,0.09306032500884483,0.07513113894783303,0.0,4.53013941869136e-17,0.4189709960740714,0.002161252731755072,0.065,0.11125488817022634,0.027057615885543482,0.21,0.14460117,7.2980856e-07
8,333,0,0.004902422184779675,0.0,0.0,0.00872409477699516,0.0047246995,0.035426511370140225,0.04187234095520613,0.0,1.3344633131689363e-17,0.34319426848938167,0.00032702514296977615,0.005,0.004587804124993982,0.003673145680145591,0.0,0.0054677264,1.0046049e-08
8,334,0,0.040597134097193795,0.0,0.235,0.02499045855629255,0.097032145,0.09127445171233173,0.0612076759375931,0.0,3.275867693202271e-10,0.3955954676334305,0.0024846031914702365,0.085,0.0994049343298011,0.029279005897636087,0.285,0.08361916,4.6182367e-06
8,335,0,0.05652579784603967,0.0,0.01,0.03417176065494818,0.003726227,0.03720103737892657,0.041742987636838196,0.0,1.6796227811419887e-16,0.3773228697943674,0.00021654619015261354,0.02,0.026105946369282297,0.0404534011290029,0.0,0.0048543666,3.1064326e-05
8,343,0,0.0015815858379266353,0.0,0.015,0.0014184076186693029,0.0036348675,0.03768390358609589,0.04168328092480268,0.0,1.0181112502088855e-18,0.30839582247437575,0.00021220560068574803,0.0,0.005408715236949126,0.0011274720136191885,0.005,0.003488047,1.07969935e-08
8,348,0,0.019953037519359187,0.0,0.0,0.010544153660740305,0.004533682,0.03543854038466715,0.04183938778577852,0.0,6.165961131118153e-17,0.3094600595289593,0.000149809561939859,0.005,0.008757718299654485,0.014140720126071944,0.0,0.004004943,1.6661271e-07
8,360,0,0.0024492638828581574,0.0,0.0,0.002845022437659772,0.0036348675,0.03542633225587881,0.04168328144163988,0.0,2.8049185042400012e-18,0.29674509614101413,0.00021220560068574803,0.0,0.002232288452929624,0.0017262195429537074,0.005,0.003488047,3.9212065e-08
8,362,0,0.018096163039923355,0.0,0.015,0.006228797940982272,0.004772458,0.03770439338283012,0.04188099791852946,0.0,6.181217140418993e-17,0.32647312916649723,0.00013879300078952923,0.0,0.011024354801598572,0.012581478889389191,0.0,0.0048129493,2.130962e-06
8,363,0,0.0016676567695010642,0.0,0.01,0.0014790357078677074,0.006534496,0.03691634861961352,0.04218810117235469,0.0,3.6159365866378215e-18,0.3562636132139833,0.00021654619015261354,0.005,0.004920297083495423,0.0012072381120889293,0.04,0.0070099924,7.745151e-09
8,369,0,0.19379445980621987,0.0,0.015,0.10494130263195287,0.0022986871,0.04327984245220162,0.04428563959721942,0.2,1.6350779320805898e-15,0.3295430842170695,0.000149809561939859,0.07,0.0790086123893024,0.1445517367417236,0.005,0.002422606,0.0016983921
8,375,0,0.039062039827699936,0.0,0.0,0.011867625709054003,0.0020695156,0.03545498065289138,0.04141489422839683,0.0,2.326966508851084e-17,0.30509796879815393,0.00021654619015261354,0.0,0.013249795294633162,0.02812766773662465,0.0,0.0022479552,1.0003529e-06
8,376,0,0.001600198104373897,0.0,0.0,0.00041020063548744874,0.003948746,0.03542627161999952,0.04173764648173956,0.0,5.346391040711806e-18,0.2715329912615129,0.00013879300078952923,0.0,0.0014897861308199407,0.0011357349838663322,0.005,0.003784012,8.882028e-09
8,384,0,0.034493160699552924,0.0,0.055,0.02851465225452157,0.008033959,0.04451205224621874,0.042452842755185904,0.0,8.637221850461932e-16,0.3380273961175044,0.00013879300078952923,0.03,0.03151044303727308,0.024855310281579533,0.03,0.0075618057,5.329568e-06
8,393,0,0.016651840246193476,0.0,0.06,0.004440808574126015,0.0049568047,0.04532908514913706,0.04191289997882289,0.0,2.4529603020441117e-17,0.3473543794793349,0.000320627051773428,0.02,0.02151236337547221,0.011728155117414239,0.06,0.004288532,2.199157e-06
8,394,0,0.33978095837649497,0.0,0.105,0.2890543921205432,0.0065455595,0.05936687965592467,0.04511117144005101,0.4,1.5336778771882989e-15,0.42860502652536187,0.00021654619015261354,0.145,0.18509522750004404,0.2644021211560448,0.05,0.008885882,0.003001693
8,395,0,0.02458141931930515,0.0,0.0,0.008176299688518957,0.0023076094,0.03543002938357143,0.04145418577752364,0.0,2.675430476461452e-16,0.31929081968394957,0.000149809561939859,0.0,0.00876633210748912,0.01836553603065786,0.0,0.0024526757,6.782064e-08
8,4,1,0.9990891892429995,1.0,0.995,0.9999999424985114,0.9988795,0.9837272621807279,0.981341193603157,1.0,1.0,0.8040308249707993,0.9999646577664706,0.995,0.9982421560060946,0.9987717251713427,1.0,0.9981299,0.9999998
8,7,1,0.9986185079100639,1.0,0.87,0.9999975224057676,0.99347794,0.9742322563077604,0.9809632566000187,1.0,1.0,0.7828277970296362,0.9998842945148367,0.955,0.9655234927188047,0.9982870094813846,0.9,0.9898803,0.9999998
8,10,1,0.999999046419352,1.0,1.0,0.9999986846927232,0.99892503,0.9840250774236557,0.9813445021382204,1.0,1.0,0.836556985284943,0.9999663440337753,1.0,0.9997306903358878,0.9999988820471964,1.0,0.99837565,1.0
8,12,1,0.9999978306405318,1.0,0.995,0.9999999264857912,0.99891675,0.9837271564418816,0.981343839374825,1.0,1.0,0.8215072856221831,0.9999663440337753,1.0,0.9984786255780438,0.9999972564634029,1.0,0.99837565,1.0
8,28,1,0.9588557709560855,1.0,0.99,0.996439897163967,0.9964143,0.9834235948124248,0.9811547029192141,1.0,1.0,0.6865124262651209,0.999899954574859,0.965,0.9854274929749136,0.9462186584177488,1.0,0.9941797,0.9999704
8,32,1,0.9999886801699539,1.0,0.995,0.9999999975221195,0.9989342,0.9837272694730372,0.9813450603501233,1.0,1.0,0.8022277549599619,0.9999630651014968,1.0,0.9984807217597111,0.9999855662420282,0.995,0.9984291,0.9999999
8,33,1,0.999974165384683,1.0,1.0,0.9999989219800748,0.99856156,0.984025066682125,0.9813187306635881,1.0,1.0,0.7816943634354866,0.9999663813170698,1.0,0.9996336621180983,0.9999673044789191,1.0,0.9978116,1.0
8,35,1,0.9998463853293621,1.0,0.975,0.999997877099002,0.99680364,0.9824804582215216,0.9811964109999753,1.0,1.0,0.7920230184897047,0.9999663917279741,0.995,0.9929119759369097,0.9998100983078888,0.955,0.9963869,1.0
8,42,1,0.999953148545623,1.0,0.97,0.9999999835304426,0.99210536,0.9821544013090415,0.98086627939712,1.0,1.0,0.73649729590767,0.9999551337104654,1.0,0.9905146242188912,0.9999375252881817,0.975,0.98778534,0.9999999
8,43,1,0.9999998957903324,1.0,0.99,0.9999864159776927,0.99869955,0.983424003243004,0.9813288852413398,1.0,1.0,0.7397671991777343,0.9999630631362327,0.995,0.9971714644070789,0.9999998764461918,1.0,0.9979792,1.0
8,45,1,0.9999802562376613,1.0,1.0,0.9999999821923958,0.99856156,0.9840250451990422,0.9813183856925073,1.0,1.0,0.7342188424551027,0.9999631060169822,1.0,0.9996354498844231,0.9999743422022521,1.0,0.9978116,0.9999999
8,50,1,0.9997266242405185,1.0,0.995,0.9999995769281637,0.99596643,0.9837272621807279,0.981138232021372,1.0,1.0,0.6926447345846931,0.9999624281204733,0.98,0.9976731589118605,0.9996360961647124,0.985,0.9920661,0.99999976
8,54,1,0.9999849900824277,1.0,1.0,0.9999999817603962,0.9966455,0.9840250774236557,0.9811858718881867,1.0,1.0,0.6902492259730549,0.9999260927217751,1.0,0.9991576205098773,0.9999820804655614,1.0,0.9947503,0.99999976
8,58,1,0.9999729744290754,1.0,1.0,0.9999976916350001,0.9985379,0.9840250380380084,0.9813176634474274,1.0,1.0,0.7509261961632172,0.9999663813170698,1.0,0.9996271410319337,0.9999677742948437,1.0,0.9977428,0.9999999
8,61,1,0.999989337820206,0.0,0.92,0.9927554002768922,0.99121,0.9785393424630253,0.9808026776283107,1.0,1.0,0.6818998709852331,0.9985809958381474,0.92,0.9759886804806955,0.9999908990340568,0.915,0.9842136,1.0
8,69,1,0.44949686093025965,1.0,0.735,0.9893734012234909,0.8803447,0.9535423491233261,0.9697821124919664,1.0,1.0,0.5016536401799871,0.9994139069320152,0.67,0.7635537377615288,0.39571065586407317,0.74,0.7788925,0.59625226
8,81,1,0.9999781079293253,1.0,0.995,0.9999999519411843,0.99835783,0.9837272694730372,0.9813034735653694,1.0,1.0,0.7085395679721719,0.9999631060169822,0.995,0.9983339730755757,0.9999692384885621,0.995,0.99761283,0.99999976
8,84,1,0.9999999992112303,1.0,1.0,0.9965335213789829,0.9989278,0.9840250774236557,0.9813446881318328,1.0,1.0,0.7990800315690781,0.9999630651014968,1.0,0.9988653231588371,0.9999999990717767,1.0,0.99832445,1.0
8,102,1,0.8175121700526148,1.0,0.77,0.9632813931126567,0.9118448,0.9618145238076982,0.9723740720555983,1.0,4.509167747424149e-10,0.5366480952006553,0.9995955252269254,0.84,0.8656595882867784,0.7668890385076398,0.77,0.8283771,0.99876964
8,103,1,0.9999915672603424,1.0,0.995,0.9999920176076805,0.9989342,0.983727258534572,0.9813450603501233,1.0,1.0,0.8201176399925435,0.9999663440337753,0.995,0.9984794485536985,0.9999902220243548,1.0,0.99837565,0.9999992
8,109,1,0.8693948599014031,1.0,1.0,0.9268917101068282,0.9975389,0.9840164926750421,0.9811599342253619,1.0,9.514284865051018e-07,0.7131186690826423,0.9999491475217553,0.975,0.9484563735563639,0.8249010328430559,1.0,0.9953998,0.9994608
8,118,1,0.999525954877593,1.0,1.0,0.999999867406521,0.998459,0.9840250559405871,0.981312089317538,1.0,1.0,0.7948077253236048,0.99996522121813,1.0,0.9994962009495227,0.9993653522853513,1.0,0.9973105,0.99999964
8,123,1,0.9953912985229566,1.0,0.885,0.9999837665780157,0.9694271,0.9756075903667218,0.9791868381995503,1.0,1.0,0.6354439071237693,0.9997656772703848,0.965,0.9624505434664051,0.9942062682426397,0.885,0.95161325,0.99999565
8,137,1,0.9999830438413717,1.0,1.0,0.999999984824126,0.99889404,0.9840250774236557,0.9813422124772015,1.0,1.0,0.7988229450495725,0.9999630651014968,1.0,0.9997192661204226,0.9999786175404335,1.0,0.99837565,0.99999994
8,143,1,0.9999927284241574,1.0,0.99,0.9968119808980956,0.99834895,0.983424003243004,0.9813045717925847,1.0,1.0,0.7146240549542259,0.999959928621591,1.0,0.9962884151654937,0.9999922655063238,1.0,0.9975938,1.0
8,145,1,0.9999999998922331,1.0,1.0,0.9936163704022887,0.9989278,0.9840250774236557,0.9813446958733535,1.0,1.0,0.8096453343476409,0.9999630651014968,1.0,0.9981360355849143,0.999999999891753,1.0,0.9983796,1.0
8,150,1,0.74059580433848,1.0,0.88,0.9192970056151135,0.97635376,0.9711743903073917,0.9793583813472548,1.0,1.0,0.675455781095244,0.9926946980798651,0.845,0.8790616436218975,0.665744011222612,0.865,0.94956404,0.7709579
8,158,1,0.999850789194374,1.0,1.0,0.9999997230985604,0.9983537,0.9840250738431462,0.9813037389903849,1.0,1.0,0.7291214468667874,0.9999631060169822,0.995,0.9995510580010596,0.9998092495483163,1.0,0.997607,0.99999964
8,160,1,0.9992797080025485,1.0,0.945,0.9999934755506297,0.9919743,0.9804324459169702,0.9808502940068415,1.0,1.0,0.6789916308449061,0.9997889656556874,0.965,0.9840618694347041,0.9989976466878553,0.93,0.98608994,0.9999995
8,161,1,0.9998347440834258,1.0,0.895,0.9999961340686383,0.99072206,0.9764866156600174,0.9807676296743232,1.0,1.0,0.7166753772941797,0.9984078841424873,0.985,0.9713882345889041,0.9998034357460288,0.89,0.98508424,1.0
8,164,1,0.3331903774904546,1.0,0.66,0.39476061576963495,0.83243686,0.27405829406415483,0.472079881878555,0.0,1.450425842329414e-14,0.43226622453166746,0.9992890633813104,0.63,0.5550969632169466,0.26319590590682673,0.67,0.7477155,0.003170079
8,166,1,0.8852720140509643,1.0,0.985,0.9365172914659186,0.9950003,0.9830910352503219,0.9803571676669401,0.4,0.9972180652663878,0.5675775790641786,0.9998847074477244,0.895,0.9504474020771196,0.84383707425645,0.995,0.99298275,0.9978173
8,172,1,0.9999058028245675,1.0,0.97,0.9999996817971247,0.99735534,0.9821543893324803,0.9812354463078122,1.0,1.0,0.7611625969042486,0.9999630745746605,0.95,0.9918152066332521,0.9998830409978061,0.98,0.9965964,0.99999815
8,175,1,0.9999207456336427,1.0,0.91,0.9999847883925985,0.99607533,0.9777456573722016,0.9811278649329094,1.0,1.0,0.6510437718709863,0.9999326194878362,0.985,0.9764952165477514,0.9998928679233438,0.96,0.9944238,0.9999999
8,180,1,0.9999961595608501,1.0,1.0,0.999996230265642,0.9988691,0.9840250774236557,0.9813406340141311,1.0,1.0,0.8106289884928322,0.9999663422429735,1.0,0.9997153777252922,0.9999955352068306,1.0,0.99816716,0.9999999
8,186,1,0.9744664640483751,1.0,0.775,0.9938083557456108,0.928287,0.9635761852777325,0.9757629513097982,1.0,1.0,0.4991982034371999,0.8718834563525169,0.88,0.9178904622650859,0.9653287520313384,0.815,0.8754314,0.99933755
8,191,1,0.999999854392121,1.0,1.0,0.999999935021716,0.99882466,0.9840250774236557,0.981337526912773,1.0,1.0,0.7840217756194857,0.9999630651014968,1.0,0.9997061113558777,0.9999998201137129,1.0,0.9982822,1.0
8,197,1,0.9999994470033131,1.0,1.0,0.9999991044319603,0.998511,0.9840250774236557,0.9813139538529269,1.0,1.0,0.7242774516394954,0.9999631060169822,0.995,0.9996273919510348,0.99999924892789,0.995,0.9977428,1.0
8,198,1,0.9999980271627055,1.0,1.0,0.9929880391389607,0.99851996,0.9840250702626359,0.9813164347799213,1.0,1.0,0.7574203833478895,0.9999631060169822,1.0,0.9978765058418122,0.9999975448289447,1.0,0.9978116,1.0
8,204,1,0.9999999781687376,1.0,0.99,0.9999990868490911,0.9947121,0.983424003243004,0.9810505170543474,1.0,1.0,0.8073580545863095,0.9999441573904946,1.0,0.9961777948379837,0.9999999751904078,0.98,0.99052787,1.0
8,206,1,0.9990475489935335,1.0,0.89,0.999999737518793,0.99209505,0.97605172620412,0.9808623844344632,1.0,1.0,0.6562909629408814,0.9982530375213843,0.99,0.97028558492707,0.9988303486872218,0.875,0.9861624,0.99999934
8,208,1,0.9816937875589177,1.0,0.945,0.9965380750379446,0.9968934,0.9804325027233092,0.9811699868798021,1.0,1.0,0.770018361087767,0.9999663917279741,0.97,0.9800313171277922,0.9754088686403499,0.945,0.9962734,0.9999924
8,213,1,0.9999991928647329,1.0,1.0,0.999999992560136,0.9989643,0.9840250774236557,0.9813471368252166,1.0,1.0,0.8191851430340736,0.9999630651014968,1.0,0.999740873779313,0.9999990209351279,1.0,0.9983796,1.0
8,217,1,0.9988182303691914,1.0,0.995,0.9999997828366258,0.9975787,0.9837272366576201,0.9812509827658022,1.0,0.9864170594720104,0.7301186495692719,0.9999623844518551,0.99,0.9978491734302766,0.9984469857572685,0.99,0.99518776,0.99999535
8,220,1,0.9920755831129711,1.0,1.0,0.9999992974048053,0.99770063,0.9840249771690927,0.981257943088268,1.0,0.0004667538435506976,0.7339494486272045,0.9999721905221571,0.995,0.9974438780340691,0.9893450740854851,1.0,0.99608386,0.99999714
8,228,1,0.9798530982305204,1.0,1.0,0.9967999910506358,0.99804485,0.9840250272964516,0.9812709687008389,1.0,1.0,0.7004938541672321,0.9999305446060539,1.0,0.9936744844308085,0.9731607430406652,1.0,0.997088,0.999997
8,229,1,0.9999995835311339,1.0,0.985,0.9957581992367662,0.99861133,0.9831151784288767,0.981322724029848,1.0,1.0,0.7189922972325657,0.9999630631362327,1.0,0.9948422784384807,0.999999484445327,0.985,0.9979103,1.0
8,234,1,0.9983050271766303,1.0,0.875,0.9999920560515213,0.97266454,0.974699363724937,0.9794321030333956,1.0,1.0,0.7066789437600167,0.9997892837562509,0.975,0.9614904045684438,0.9979295791627095,0.9,0.94600683,0.9999992
8,235,1,0.9999521235412678,1.0,0.985,0.9999999812529499,0.9988293,0.9831151822098245,0.9813378760787294,1.0,1.0,0.7900711263739812,0.9999663422429735,0.995,0.995945352491546,0.9999365799942399,0.99,0.9980451,0.99999994
8,242,1,0.9999999984228263,1.0,1.0,0.9999929089713799,0.99882466,0.984025066682125,0.9813375540182847,1.0,1.0,0.7942692953021451,0.9999630651014968,1.0,0.9997043908509701,0.9999999981690746,1.0,0.9982822,1.0
8,261,0,0.017183115229570705,0.0,0.01,0.00815592287515635,0.009210559,0.03174228149187421,0.03462083211256474,0.0,3.4200517910088694e-17,0.41947532874693366,0.0005018286154387196,0.035,0.011137399178225343,0.012460346872969453,0.0,0.010820067,1.537119e-06
8,270,0,0.015738339936866536,0.0,0.005,0.002677279827813747,0.002030592,0.03117077288826057,0.03372621447658015,0.0,2.4642537755654046e-17,0.3169509772431625,0.00011135947748110301,0.015,0.006361552927693878,0.011001858796864706,0.0,0.0020722107,1.50329615e-05
8,284,0,0.0005213623551266036,0.0,0.005,0.0008721638911863246,0.0047125104,0.031170249409419936,0.03405655341992566,0.0,7.607809569100562e-19,0.3033771143169251,0.00013455507109611976,0.0,0.0027765091586643637,0.0003728669029885349,0.0,0.0052321614,7.872705e-08
8,289,0,0.005821628820570136,0.0,0.0,0.0012377216099507796,0.0021299922,0.030608298577302583,0.0337367095366046,0.0,3.916456493969956e-18,0.3254950547235981,0.00011135947748110301,0.01,0.0022973356669588746,0.004209848228420848,0.0,0.002213019,6.7693196e-07
8,293,0,0.013534949750183635,0.0,0.015,0.011942912149675654,0.0064965123,0.03232433692171856,0.03427965042789138,0.0,1.0034554449375695e-16,0.3788242951795722,0.00013455507109611976,0.005,0.011743593557731951,0.009702519433251837,0.015,0.006613591,3.3247302e-06
8,299,0,0.018666341802756566,0.0,0.015,0.03239868476500842,0.0027433569,0.03233814817096154,0.03382323787494265,0.0,3.3521996807141845e-15,0.2950670780241192,0.00011135947748110301,0.0,0.017202095857234773,0.013475002266541452,0.015,0.00290027,0.00042010727
8,303,0,0.002141216168571014,0.0,0.035,0.0027384601953680883,0.0065853028,0.03475746044961832,0.03429036717501741,0.0,1.8377005001038003e-18,0.3846740615681537,0.0001714360818784533,0.025,0.011616244781656578,0.001546819454394508,0.01,0.006524316,5.046601e-08
8,310,0,0.06681882512696137,0.0,0.06,0.07051237554151797,0.0045626517,0.038144900133221527,0.034940935125765,0.0,6.823631984865863e-16,0.3547409048394502,0.00011135947748110301,0.06,0.05047346310175094,0.04754928752895741,0.06,0.0052741496,0.0013020257
8,311,0,0.0033990139045853235,0.0,0.005,0.0016884498973175983,0.005161136,0.031170401563650273,0.03411577259066296,0.0,2.1927306441092163e-17,0.33589241677587967,0.00011135947748110301,0.005,0.0038121499312550803,0.002327300634606274,0.0,0.00467163,7.721538e-06
8,312,0,0.018473971738747347,0.0,0.175,0.01805701417831705,0.05657611,0.05741496401828965,0.041135539285497826,0.0,1.8288644000757045e-12,0.3678973957872241,0.0002539346921430387,0.085,0.0670267740849189,0.013525705970001037,0.18,0.05664221,1.1348834e-05
8,317,0,0.0671282373291566,0.0,0.005,0.011881618394248745,0.008197046,0.031178236697378823,0.034504128073400656,0.0,8.968859664699879e-17,0.39608638868421503,0.0004875632707965524,0.075,0.02305172540210795,0.04899730305730126,0.01,0.0097223995,7.898717e-05
8,327,0,0.002758355953106721,0.0,0.01,0.008663853023213383,0.003152521,0.03174248351032403,0.03387090782517886,0.0,6.862623899482561e-17,0.3169369891907,0.00011135947748110301,0.01,0.006143682517656852,0.0019083482028640648,0.01,0.0033048606,3.8614195e-05
8,330,0,0.637343786949713,0.0,0.505,0.6379411666992684,0.5655438,0.8952985207460982,0.8931435364571052,0.6,9.802169324045926e-15,0.47716632292199984,0.3597514637350159,0.3,0.5864571811097704,0.5491555188842239,0.465,0.44986773,0.98375255
8,337,0,0.0032386606746663505,0.0,0.005,0.0018602604028596726,0.002010677,0.031170277933132297,0.03372218230840225,0.0,3.4472710096202982e-18,0.3028656106762989,0.00011135947748110301,0.0,0.0030273995218367405,0.002265537740453249,0.0,0.0020932558,2.401103e-06
8,338,0,0.006645133701514597,0.0,0.01,0.014438160424388304,0.0032230956,0.031742220605891325,0.03387172687416511,0.0,1.835238530725311e-16,0.29966172756533943,0.00011135947748110301,0.01,0.008576597420190336,0.004858574877312054,0.005,0.0030844691,1.0498904e-06
8,340,0,0.0034033267902816152,0.0,0.005,0.0010094294920357384,0.0022585692,0.031170269415459962,0.03375272811004102,0.0,2.0269301004313135e-18,0.3369485556590057,0.00011135947748110301,0.0,0.0029178313793248715,0.0023635160799581672,0.0,0.002214168,1.4716796e-06
8,345,0,0.003039757862949932,0.0,0.015,0.005593338544536429,0.016773209,0.03232439640459743,0.035592684849616855,0.0,1.1861815043630498e-17,0.39631658854403773,0.00020714272389960113,0.015,0.010101576345819572,0.002071550632113811,0.005,0.01979285,2.6761945e-06
8,346,0,0.01550539256765829,0.0,0.135,0.029267240283996493,0.041545462,0.049806982896313884,0.038949899365247585,0.0,3.166959344193488e-11,0.3576237795638226,0.0012763275742629732,0.09,0.05532952367873353,0.011347452081413831,0.075,0.03949707,1.5612167e-06
8,352,0,0.02203924384931551,0.0,0.005,0.00544511085628479,0.0020763178,0.031172158340239915,0.03373406562416493,0.0,5.2331838535833564e-17,0.33671881870061,0.00011135947748110301,0.01,0.008640168123658339,0.015884286404965666,0.0,0.0021451898,1.780266e-05
8,356,0,0.00017808244527333752,0.0,0.0,0.00047576117077060447,0.002010677,0.030608284251833314,0.03372195456841424,0.0,4.342478841439055e-19,0.2603171527755474,0.00011135947748110301,0.0,0.00066613015646622,0.00012745315665485464,0.0,0.0020932558,2.30782e-08
8,357,0,0.035164470496024176,0.0,0.045,0.028157200348037374,0.0044826907,0.03621244149386769,0.03609828584568937,0.0,6.881507277359551e-16,0.36736304516633106,0.00011135947748110301,0.04,0.028201090388658985,0.024018207958178037,0.025,0.004151632,0.006914711
8,366,0,0.007635295165593018,0.0,0.005,0.004340996895428261,0.003230147,0.03117078655613061,0.03387927195770966,0.0,1.1705874321142923e-16,0.28124285580311076,8.761983586347491e-05,0.0,0.0050516097811883565,0.005261005189023037,0.0,0.0029809973,9.3850635e-05
8,367,0,0.0001526675404422358,0.0,0.0,0.001172078520036202,0.0036941145,0.030608284310299067,0.033930059186932066,0.0,6.911867519268508e-19,0.29595411408628325,0.0001714360818784533,0.0,0.0012547151421464357,0.00010865711022997725,0.005,0.0038618795,1.38350345e-08
8,370,0,0.01228249552408464,0.0,0.0,0.003338024829864752,0.008197046,0.030608500166695418,0.03449343657396918,0.0,2.226605946226183e-17,0.34068856501061867,0.00020714272389960113,0.04,0.005954391559743961,0.00889298765110858,0.005,0.009446073,9.915764e-06
8,372,0,0.006106940846668897,0.0,0.0,0.008253258232039639,0.002236978,0.0306084841724369,0.033752329240979054,0.0,8.897720531148828e-17,0.32876055704705165,0.00011135947748110301,0.005,0.004149294249195518,0.004361385950202897,0.0,0.002322293,1.3784567e-05
8,379,0,0.002108169367514611,0.0,0.0,0.0017736946905428112,0.004567627,0.03060828885711573,0.03403853556971599,0.0,1.1931691497507444e-17,0.29600317757054595,0.0001714360818784533,0.0,0.0021123727304438638,0.001495990732734757,0.0,0.004787659,4.1882157e-07
8,381,0,0.0004373642116688079,0.0,0.0,0.0006615818890120425,0.0020602695,0.0306082843811026,0.033728068071381685,0.0,1.3490452800198623e-18,0.27270342551923366,0.00011135947748110301,0.0,0.0007898038929846938,0.0003128285497548074,0.0,0.0020932558,6.019726e-08
8,389,0,0.0007554969454458988,0.0,0.0,0.0008237810967975973,0.0020830154,0.03060828456643653,0.03373087250264224,0.0,3.2574549788775215e-18,0.27270342551923366,0.00011135947748110301,0.0,0.0009155733593929746,0.0005435529981785032,0.0,0.0021734186,1.4693724e-07
8,390,0,0.012773096663368462,0.0,0.005,0.0029424234806161792,0.0045290957,0.031170450105978593,0.034034451845031066,0.0,3.1926917364356584e-17,0.3391899872831027,0.0001562185389247588,0.01,0.006311153966121099,0.008837430075498356,0.005,0.005346709,2.9756036e-06
8,399,0,0.001171426073013355,0.0,0.005,0.0012072293857099893,0.0034176218,0.03117025032827919,0.03389580632281817,0.0,3.976550027808922e-18,0.3207111827940403,0.00011135947748110301,0.0,0.002699069322766075,0.0008186124388829301,0.0,0.0030548892,1.8620042e-07
8,2,1,0.9999902183472116,1.0,1.0,0.9999999882043191,0.9988701,0.9827361959361226,0.98079822403713,1.0,1.0,0.830252101156448,0.9999608329634719,1.0,0.999715070325131,0.999987750041806,1.0,0.998367,0.99999905
8,6,1,0.9999982755012681,1.0,0.96,0.9902947803919921,0.9954918,0.9800116956116276,0.9805898364968648,1.0,1.0,0.7078353578637627,0.9999356097908042,0.96,0.9864462146464184,0.9999975886622311,0.98,0.9933971,1.0
8,11,1,0.9999997214733413,1.0,1.0,0.9999985448971179,0.99875414,0.9827361959361226,0.980791185693257,1.0,1.0,0.8349191326119796,0.9999627832033502,1.0,0.999688102521341,0.9999996681299002,0.995,0.99806625,0.9999999
8,21,1,1.0,1.0,1.0,0.9891631800449824,0.9983834,0.9827361959361226,0.9807684270600588,1.0,1.0,0.7236358023586468,0.9999447296858628,1.0,0.9968866457173461,1.0,0.995,0.9974469,1.0
8,24,1,0.9999936358539104,1.0,1.0,0.9999995806421285,0.99872977,0.9827361959361226,0.980789710718372,1.0,1.0,0.8216856911247302,0.9999673839711364,1.0,0.9996807454778076,0.999991937316551,1.0,0.9980933,0.9999983
8,30,1,0.9972883488385388,1.0,0.995,0.9999960889009458,0.9975514,0.9824166671682109,0.9807164175113726,1.0,1.0,0.6274881655386745,0.9996394040381443,1.0,0.9974589548318666,0.996635945225499,1.0,0.9963415,0.9998381
8,31,1,0.9997532430677794,1.0,0.995,0.9999999861276467,0.9975617,0.9824166785102405,0.9807178367933623,1.0,1.0,0.7928510601738488,0.9999634976163564,0.995,0.9980787305967387,0.9996805065074392,0.985,0.9964864,0.9999936
8,37,1,0.9998566572842011,1.0,1.0,0.9999994352124433,0.99752253,0.9827361959361226,0.9807147993535857,1.0,1.0,0.7238346807222248,0.9999447296858628,1.0,0.9993446563591388,0.9998161062889376,1.0,0.9957065,0.99998075
8,40,1,0.9999866251530616,1.0,1.0,0.9999999897735354,0.99903095,0.9827361588042673,0.9808080176071229,1.0,1.0,0.8502951104307248,0.9999608327645928,1.0,0.9997543906529597,0.9999830373873163,1.0,0.9986098,0.9999484
8,51,1,0.9999763632978573,1.0,1.0,0.9999999298324115,0.99872977,0.9827361959361226,0.9807896841018866,1.0,1.0,0.8216856911247302,0.9999627832033502,1.0,0.9996765146363651,0.9999703942142456,1.0,0.9980933,0.9999766
8,56,1,0.9999999873587274,1.0,1.0,0.9970496443765496,0.99875414,0.9827361959361226,0.9807911635145246,1.0,1.0,0.827057517747485,0.9999627832033502,1.0,0.9989509438625455,0.9999999860550823,1.0,0.99813026,1.0
8,57,1,0.9984755538528837,1.0,0.995,0.9999945566884314,0.9973781,0.9824166369227634,0.9807042630294143,1.0,1.0,0.6274881655386745,0.9996394040381443,1.0,0.9977120553567338,0.9981042456232694,1.0,0.99615085,0.99989057
8,59,1,0.9999681660593727,1.0,1.0,0.9999997868549604,0.99864906,0.9827361810833899,0.9807811280271079,1.0,1.0,0.7414912203941364,0.9999447296858628,1.0,0.9996542534101247,0.9999594010468682,1.0,0.9978974,0.9999747
8,62,1,0.9994931680801049,1.0,0.86,0.99999966040178,0.9852782,0.971227439398625,0.9799458685414812,1.0,1.0,0.6961004260822525,0.9899859771839243,0.995,0.9611927544160417,0.9993527248264967,0.895,0.9735033,0.99999434
8,64,1,0.9984707904641378,1.0,0.995,0.999999988925286,0.99706227,0.982416633142079,0.9806868669618324,1.0,0.4650802751246817,0.749134458777937,0.9999410606589446,1.0,0.9976332613155947,0.9978538821694051,1.0,0.9955835,0.99995685
8,72,1,0.9999996490953217,1.0,1.0,0.9999997952696235,0.99903095,0.9827361959361226,0.9808072730281917,1.0,1.0,0.8549571981135612,0.9999665125093791,1.0,0.9997575980125467,0.9999995846659051,0.995,0.9986098,0.9999947
8,78,1,0.99719366343752,1.0,0.985,0.9999990927676272,0.9971131,0.9817600501883834,0.9806831559691024,1.0,1.0,0.6996477401791752,0.9999474819790011,1.0,0.994826466210024,0.9964084133115394,0.99,0.9949875,0.99993575
8,82,1,0.9704340681146147,1.0,0.98,0.9923282360643331,0.99465984,0.9814208644455935,0.9805277754591113,1.0,1.0,0.6207477269882677,0.9995273548471854,1.0,0.9843555363098966,0.9621009467057794,0.98,0.9918541,0.999691
8,83,1,0.996385669695607,1.0,0.99,0.9999970156227699,0.9907968,0.9820912821028233,0.9802940770906818,1.0,1.0,0.699965961722722,0.9982447331137005,0.995,0.9942948724366194,0.9950575073691945,0.985,0.98141986,0.9998211
8,91,1,0.9976785512880808,1.0,0.73,0.9923419465691716,0.97812563,0.9540812797786385,0.9792164461493327,1.0,1.0,0.6663118251656255,0.9842602076843633,0.87,0.9245365324166217,0.997080744165283,0.775,0.9699396,0.9999934
8,93,1,0.9999999974773257,1.0,1.0,0.9999867246645088,0.9980532,0.9827361959361226,0.9807479677524523,1.0,1.0,0.8401035969667641,0.9999627832033502,1.0,0.9995099788085452,0.9999999972244391,1.0,0.99687934,0.999998
8,94,1,0.9960277829060254,1.0,0.975,0.9999992797688263,0.9964414,0.981079409680051,0.980647396449365,1.0,3.0866856367930045e-05,0.7263255405085612,0.9999439956482045,0.975,0.9918671216419567,0.9941910964922488,0.97,0.99427646,0.9996376
8,104,1,0.9874877325797164,1.0,1.0,0.996963584485095,0.99810314,0.9827330320205914,0.9807331786700453,1.0,1.0,0.6683730582352985,0.9997583871901411,1.0,0.9956386147123699,0.9837799931353084,1.0,0.9970732,0.99948645
8,106,1,0.9999889944760785,1.0,1.0,0.9999994848915451,0.9981159,0.9827361662306446,0.9807509909807541,1.0,1.0,0.6994386763501234,0.9999474819790011,1.0,0.9995260941365683,0.9999855711130358,1.0,0.9971169,0.9999102
8,112,1,0.9997573336604052,1.0,1.0,0.9999985121795721,0.9986993,0.9827361810833899,0.9807874584879165,1.0,1.0,0.8100948777160872,0.9999605634415862,1.0,0.9996137883204222,0.9996888346631064,1.0,0.9980453,0.9999998
8,120,1,0.9441819426899327,1.0,0.955,0.9937540584153431,0.9960283,0.9796426363472471,0.9800726601364453,1.0,1.0,0.602704160647481,0.9995146131269768,0.825,0.9722410763013282,0.9276028705133241,0.98,0.99446386,0.99947304
8,124,1,0.9999130108560828,1.0,0.985,0.9999996163341491,0.99747986,0.981760022753691,0.9807082396280937,1.0,1.0,0.7825534071888294,0.999941060359673,1.0,0.9955981208011209,0.999886288988554,1.0,0.99611,0.999985
8,125,1,0.9935857546183611,1.0,1.0,0.9999887583355549,0.9966988,0.9827353344568721,0.9806321055012206,1.0,1.0,0.6205135318893714,0.9996221097858459,1.0,0.9975683274257577,0.9912253651915772,0.995,0.99525946,0.9998041
8,131,1,0.9693230919245345,1.0,0.885,0.9909676825399398,0.9909011,0.9737234689445555,0.9802999484735024,1.0,1.1318396728834979e-07,0.7011491053225181,0.9999376981974906,0.945,0.9590479717552329,0.954792846746398,0.925,0.98683864,0.9995039
8,134,1,0.9999962685251966,1.0,1.0,0.9999940950587319,0.99872607,0.9827361847965743,0.9807894837560084,1.0,1.0,0.7838912329900042,0.999941539176911,1.0,0.9996791083777861,0.9999953619617972,1.0,0.9983005,1.0
8,146,1,0.9999660556284357,1.0,0.925,0.9999934715222026,0.98718154,0.9772853734710565,0.9800671237721332,1.0,1.0,0.7072132003541971,0.9982477616074179,0.995,0.978035267863633,0.9999565671192473,0.925,0.9771394,0.999998
8,148,1,0.9999999213976276,1.0,0.995,0.9891637641028664,0.9982286,0.9824166785102405,0.980758894356169,1.0,1.0,0.6741368463954376,0.9997509712671098,1.0,0.9955980737656035,0.9999999271019313,0.995,0.9972184,1.0
8,155,1,0.9986238520855647,1.0,0.975,0.999997869732482,0.99775213,0.9810795193718386,0.9807286464474173,1.0,1.0,0.7565435657895261,0.9999255945052106,0.985,0.9928434629624081,0.9982999186854864,0.98,0.99679226,0.99999976
8,173,1,0.9955910455275262,1.0,0.955,0.9945809647724503,0.9866366,0.979640536784011,0.979986810168633,1.0,1.0,0.660600106722265,0.9999264215896526,0.945,0.9829521473341722,0.9942545760472301,0.96,0.9808154,0.99997693
8,178,1,0.9993200150861179,1.0,1.0,0.9999874352678585,0.9955189,0.9827353121766761,0.9805402939872486,1.0,1.0,0.7341692476953476,0.9999292996046347,0.99,0.9987065932899406,0.9991410342226145,0.995,0.9952513,0.9999592
8,183,1,0.9707383394706999,1.0,0.955,0.9999821170614779,0.99173623,0.9796416367895296,0.9803507681176854,1.0,1.0,0.6299485713938292,0.9996263714450357,0.9,0.9793641724416459,0.9608463222305987,0.96,0.9891755,0.9995861
8,185,1,0.7896848993277894,1.0,0.73,0.9072701240267491,0.9736125,0.9517271156517816,0.9718809743265856,0.8,3.812544870479115e-08,0.6360884146200514,0.9984024683919989,0.85,0.8501418776676675,0.726246705845095,0.755,0.960287,0.98946536
8,201,1,0.999849802781637,1.0,1.0,0.9999999603323163,0.9983575,0.9827361959361226,0.9807647853511593,1.0,1.0,0.7182487369386307,0.9999474819790011,1.0,0.9995518094794694,0.9998102563643441,1.0,0.9971727,0.9999814
8,207,1,0.9990510625640988,1.0,0.995,0.9999995444584174,0.997482,0.9824164214224717,0.9807017113678758,1.0,1.0,0.7825534071888294,0.999941060359673,1.0,0.997883152200995,0.9986986610734271,0.99,0.9962464,0.9999117
8,211,1,0.9569334529936754,1.0,0.98,0.9941647038602327,0.99556905,0.9814197749419915,0.9805558589734122,1.0,1.510770073785374e-07,0.6429905465526693,0.9991748672859853,0.99,0.9816668017914876,0.9386039457450902,0.995,0.9931299,0.9999463
8,214,1,0.59280133278209,1.0,0.76,0.7133699238784439,0.9062841,0.9580620718851036,0.9686581287223816,0.4,3.497715170562786e-14,0.5835962125281139,0.9985572918030035,0.745,0.7431138376293364,0.5123494444447456,0.695,0.8245392,0.9879921
8,215,1,0.999648014836055,1.0,1.0,0.9999999708215275,0.9986481,0.9827361959361226,0.9807846905322398,1.0,1.0,0.7680641013994917,0.9999438179788244,1.0,0.999574023177358,0.9995525259961852,1.0,0.99781066,0.9999843
8,219,1,0.9999793766055495,1.0,0.995,0.999999977600973,0.99747986,0.9824166709488882,0.9807101238004012,1.0,1.0,0.7825534071888294,0.999941060359673,1.0,0.9981148025551936,0.9999720857160513,1.0,0.99623847,0.99998677
8,224,1,0.42310301824001567,1.0,0.85,0.43918756889629307,0.9512986,0.9675889242568735,0.9683573158353465,0.6,3.4905894365616147e-13,0.5217207448604487,0.9793757627426223,0.65,0.6658972954027753,0.33812921352242103,0.845,0.9376025,0.81218797
8,225,1,0.99999999567893,1.0,1.0,0.9943594094389504,0.99872977,0.9827361959361226,0.9807890586040694,1.0,1.0,0.8399699371720168,0.9999627832033502,1.0,0.998272292633268,0.9999999950576184,1.0,0.9980933,1.0
8,233,1,0.9860180059016982,1.0,0.945,0.9967917061565158,0.99518543,0.9788847860266938,0.980569985329457,1.0,1.0,0.7275993544780656,0.9999327345499563,0.9,0.9807487867191205,0.9818421115150394,0.95,0.99399996,0.9996921
8,237,1,0.9998361245468629,1.0,1.0,0.9999998445125214,0.9988405,0.9827361959361226,0.9807930562381999,1.0,1.0,0.8055146700302768,0.9999438176935529,1.0,0.9996691199761422,0.999797525237529,1.0,0.99819356,0.999803
8,243,1,0.9856109254300643,1.0,0.775,0.9929261618018219,0.86805624,0.9609021952230863,0.970426121526175,1.0,1.0,0.6349525262744568,0.9987698602370475,0.88,0.9053983312323719,0.9816568495831137,0.815,0.8051898,0.99955577
8,246,1,0.9999999998088407,1.0,1.0,0.9919827641798572,0.9988403,0.9827361959361226,0.9807964964106125,1.0,1.0,0.838975765668947,0.9999415388800692,1.0,0.9977057591038258,0.9999999997916789,1.0,0.99831164,1.0
8,247,1,0.35210597611734656,1.0,0.66,0.5364686038333476,0.96564466,0.29093641493383304,0.4742112159948619,0.4,2.185321827086683e-08,0.5267261674160004,0.9834288593592515,0.635,0.6285548093906352,0.27860883244425283,0.66,0.96360594,0.073842555
8,251,0,0.0011697989349347517,0.0,0.005,0.0014642117420396498,0.0019391719,0.034082005575604396,0.036743137575110066,0.0,1.69265706884388e-18,0.3209188824971425,0.0002895738453806597,0.0,0.0023932956505403782,0.0008557521522859413,0.0,0.0020752233,5.2309036e-07
8,253,0,0.003682095842672099,0.0,0.035,0.003948792475625771,0.014268983,0.03796722797312726,0.038192846449152607,0.0,8.360841331529996e-18,0.4035510078758891,0.0006717452376868734,0.015,0.014224967868446712,0.0025791503267949918,0.02,0.018487692,6.6849225e-06
8,255,0,0.005633621906556692,0.0,0.005,0.00429334388490929,0.0068196743,0.03408211312029644,0.037311479105020126,0.0,5.820482353137849e-18,0.3870302142921974,0.00032577701927294627,0.0,0.00543666001775169,0.003998902351057528,0.0,0.007444524,1.477883e-05
8,262,0,0.05157308581132277,0.0,0.035,0.012227504189028042,0.0075513385,0.03799365339122852,0.03757735880768122,0.0,1.4223783183818666e-16,0.3870804410484501,0.0002488290172910228,0.02,0.026587982130994288,0.03619965337252981,0.035,0.00814423,0.0011976936
8,264,0,0.1737935359351819,0.0,0.06,0.08444210747288268,0.009359718,0.041761069775709446,0.03796331175509118,0.0,5.939711801193637e-16,0.39364982126259823,0.00023604115212616376,0.055,0.08189884042711669,0.13144597770250624,0.025,0.009143484,0.0074270517
8,265,0,0.05523134293439018,0.0,0.0,0.030867368730528394,0.0025253836,0.033489063525344066,0.036943585843064994,0.0,1.2427412257518043e-16,0.37750910220595824,0.0002895738453806597,0.01,0.022156023817867913,0.040589290529494594,0.0,0.0024508503,0.0004586936
8,276,0,0.019258100253726824,0.0,0.35,0.029080266685772505,0.074052945,0.11339900928325498,0.04603784601821479,0.0,8.211708490522554e-11,0.4796174267694702,0.024899619190418873,0.09,0.11809782792972384,0.014283006132332838,0.36,0.0659965,7.0137336e-05
8,279,0,0.0015181770231941494,0.0,0.0,0.00031564021373871846,0.005550399,0.03347289539300051,0.03716185437955006,0.0,1.1638089964655514e-18,0.35997132202856147,0.0004617482864577618,0.0,0.0018460540484792874,0.001091810412915791,0.005,0.004935249,8.946373e-07
8,280,0,0.355338838793652,0.0,0.22,0.22904992427123935,0.0895707,0.07826440191846593,0.05114635860514043,0.2,3.865226253297541e-10,0.4549115415182495,0.005486581223769674,0.345,0.22348986604679383,0.28958072725759954,0.195,0.07318605,0.027967827
8,285,0,0.01398289724612263,0.0,0.02,0.005872718728346061,0.009122629,0.03597703990985796,0.03759631340529227,0.0,2.1298215019180543e-17,0.3434285448135173,0.0002488290172910228,0.01,0.012244561173270819,0.009926355096765972,0.015,0.008004221,9.033558e-05
8,286,0,0.01479451176593863,0.0,0.0,0.0030199845407203434,0.0048299236,0.033478096579988625,0.03711684817342223,0.0,1.3340777793966926e-17,0.3590290530946102,0.000309398988982583,0.045,0.005661104982242284,0.010572818327634076,0.005,0.0050620395,0.000112800204
8,288,0,0.02017681568680095,0.0,0.005,0.013095301994838382,0.009746283,0.03408325046167881,0.03766965409552553,0.0,0.9999999998976783,0.36059645095989507,0.0007567727038411868,0.145,0.01200460024360243,0.013936708707387889,0.02,0.013023114,7.645745e-05
8,296,0,0.00507947041920169,0.0,0.0,0.0010211578943200594,0.0021436114,0.03347301479383716,0.03676847779974043,0.0,3.268496357677584e-18,0.33316195777682006,0.000309398988982583,0.005,0.002061059936626555,0.003699790414640775,0.0,0.0022289548,1.7930553e-05
8,301,0,0.0008634017129943065,0.0,0.0,0.0003629243546576068,0.0018635687,0.033472894563627925,0.03673424531620848,0.0,5.964512809614191e-19,0.3151397637726534,0.0002895738453806597,0.005,0.0007724736849077309,0.0006377126978698783,0.0,0.0020393333,2.7462434e-07
8,306,0,0.030882353517074416,0.0,0.005,0.015345511132330913,0.0067807124,0.03408691149836568,0.03733654076851425,0.0,2.7621416157926106e-17,0.38351490694600354,0.0003996531242530352,0.005,0.014502144262259268,0.02292635504364529,0.005,0.0060801124,0.00062504085
8,315,0,0.10294756404227351,0.0,0.605,0.0752452037444754,0.1821695,0.24896126777118915,0.06436008003051115,0.2,3.6277882402194857e-10,0.5030903633563819,0.0488174800130106,0.345,0.24134056619996022,0.07546001703678244,0.615,0.15764226,0.0008180536
8,316,0,0.05672634225229766,0.0,0.015,0.015619234206581888,0.004773011,0.035336659150207346,0.03710723612284425,0.0,1.5545911445682793e-16,0.38228723920502355,0.00032615982275275136,0.03,0.02302964685607906,0.04091267962248674,0.015,0.0041697887,0.000514156
8,321,0,0.08936540997095976,0.0,0.0,0.021724706456320235,0.002426981,0.03362877346091013,0.037171692598447235,0.0,3.5729197022756416e-16,0.37984802066419526,0.00023604115212616376,0.035,0.028379274355480447,0.06501017843088437,0.005,0.0024084798,0.0025096147
8,324,0,0.21832572159081345,1.0,0.28,0.2273609375201479,0.4649117,0.10592980892933758,0.17476533343174294,0.0,3.4327540283096826e-15,0.42941829994296843,0.023312394424539095,0.215,0.29764958960150134,0.1688262890522466,0.275,0.39082235,0.06737255
8,326,0,0.019419456906575643,0.0,0.0,0.0019566464521786455,0.0022676964,0.03347763061164622,0.036806754298446855,0.0,1.1556463416530916e-17,0.3832666580219873,0.0004617482864577618,0.0,0.005910949946949574,0.013886999347088192,0.0,0.002985922,0.00011938344
8,339,0,0.2439623101872301,0.0,0.04,0.11898523129895593,0.0047707944,0.038794924120132426,0.037545064185874784,0.2,2.448658062922255e-15,0.39706296259517126,0.00023604115212616376,0.06,0.10192958397597379,0.18318219476221972,0.035,0.005416617,0.006987099
8,347,0,0.0003317480049188831,0.0,0.005,0.00023685140297749206,0.0023047589,0.03408200447206691,0.03678505717208317,0.0,5.959891550879524e-19,0.3184301406374279,0.000309398988982583,0.0,0.0019683395711146234,0.00024236046479205237,0.005,0.0028902583,5.0391275e-08
8,351,0,0.020484607950079548,0.0,0.06,0.0059385502358700595,0.0047816536,0.04153073497243441,0.03716771181027709,0.0,6.069480201116757e-16,0.37061074566737956,0.00023604115212616376,0.055,0.022801202956219683,0.0143599501370822,0.06,0.0054287836,0.00024897963
8,353,0,0.0795136513217379,0.0,0.0,0.06212190326425474,0.0076131,0.03355682571459624,0.03759366945985665,0.0,4.2441585954345667e-16,0.3782334399484481,0.000309398988982583,0.015,0.03731216367436929,0.06128790761642579,0.005,0.006632461,0.011579326
8,358,0,0.1102940305919903,0.0,0.11,0.07720376201649316,0.07100695,0.05017641524694412,0.04602627701736888,0.0,1.0795239172915202e-15,0.46245830760948553,0.0022603893339740127,0.04,0.09212618658119039,0.08137447126217756,0.115,0.05679939,0.012934132
8,361,0,0.08164609732532047,0.0,0.03,0.04775053628715684,0.010837821,0.03735770359300582,0.03800999557941344,0.0,5.736621840827337e-16,0.4060175576858435,0.00023604115212616376,0.02,0.042558613725593566,0.05930914016113516,0.015,0.007506353,0.003700895
8,378,0,0.0034734098940423573,0.0,0.055,0.0007216169892598769,0.0020811558,0.04079012021876992,0.0367595312536237,0.0,1.4899560837500724e-17,0.3583392438342713,0.000309398988982583,0.03,0.015319045665069943,0.002491220341000673,0.035,0.0022289548,1.7225067e-06
8,386,0,0.0003850960085793708,0.0,0.0,0.0010438274404835348,0.0020844322,0.033472894309465484,0.036759597673684447,0.0,1.0319356210920283e-18,0.3164749542038419,0.00023604115212616376,0.0,0.0008783389047144855,0.00028299304531084795,0.0,0.0019905127,1.3617837e-07
8,391,0,0.0013735314837787583,0.0,0.0,0.0018378926692824433,0.005000237,0.033472899150557886,0.037097831535193304,0.0,1.3462893557593279e-18,0.3607130954561289,0.00023604115212616376,0.01,0.002052915265724433,0.0009970891731700454,0.005,0.0047533023,2.468059e-06
8,392,0,0.029156275062311665,0.0,0.0,0.009002821383109098,0.0049892697,0.03347565610873173,0.037121012967712384,0.0,1.851464032713654e-17,0.36399489585883993,0.0003996531242530352,0.0,0.010787091525154655,0.0220090316060888,0.0,0.005864885,0.0004331267
8,0,1,0.6576367410091714,0.0,0.46,0.8690223845662446,0.13671353,0.8745721683658824,0.6178890383559112,1.0,1.0,0.44651961972076576,0.22911066853608272,0.8,0.5308431650422496,0.5946066274735708,0.445,0.108223885,0.70413375
8,5,1,0.99978913798352,1.0,0.935,0.9999999105572378,0.9752762,0.982267995184525,0.9811452011108023,1.0,1.0,0.800501342344424,0.999814384451374,1.0,0.9775163051754651,0.9997256272964476,0.925,0.97559357,1.0
8,13,1,0.9979597841168165,1.0,1.0,0.9999998503695783,0.99834156,0.9862354743149705,0.9826476419798436,1.0,1.0,0.6448440065089652,0.9998755875468875,1.0,0.9990752987125411,0.9973614533779549,1.0,0.9971608,0.9999994
8,29,1,0.999779961217686,1.0,0.98,0.9999990606599574,0.99882346,0.9851183578595916,0.9826776830642976,1.0,1.0,0.7547029776457344,0.9999361675358915,0.965,0.9946506214486055,0.9997131520850973,0.965,0.9980715,1.0
8,36,1,0.9994081521941504,1.0,0.99,0.9999999612638767,0.9990402,0.9856876813096707,0.9826912666933536,1.0,1.0,0.8144619088665375,0.9999528350166408,1.0,0.9971120749658022,0.9992034753731464,0.99,0.9984603,1.0
8,46,1,0.7755809741661497,1.0,0.895,0.7985857349620524,0.988208,0.9792161446549541,0.9819806981511778,0.6,8.491995957481191e-14,0.6989560850812613,0.999903325872126,0.84,0.8643436762549432,0.7090464940873559,0.885,0.98587626,0.99844694
8,47,1,0.9966854363720188,1.0,0.82,0.9999974819769485,0.9699167,0.9723272761155978,0.9807780503153423,1.0,1.0,0.6964913312464387,0.9990676825092427,0.905,0.9466499049164502,0.9955442465509249,0.83,0.94947773,0.9999983
8,48,1,0.9999958111566117,0.0,0.915,0.9999849754898514,0.9758932,0.9808350678554653,0.9811870819743477,1.0,1.0,0.6646937947954602,0.9872713616154986,0.995,0.9727184965225701,0.9999940526606186,0.94,0.95778394,1.0
8,49,1,0.9999965169741133,1.0,1.0,0.9966789473945236,0.99898714,0.986235558778855,0.9826879582441526,1.0,1.0,0.8163890037367035,0.9999311944302972,1.0,0.9989156506599921,0.9999954318032153,1.0,0.99833965,1.0
8,53,1,0.9996758020653975,1.0,0.855,0.9999929534167933,0.94664145,0.9758209185545272,0.9791017970786037,1.0,1.0,0.592584175283136,0.9987761286780634,0.98,0.9503275501605257,0.9995979230962948,0.855,0.92417955,0.99999994
8,55,1,0.999999413772869,1.0,1.0,0.9999996708199249,0.9989065,0.986235558778855,0.9826829200114893,1.0,1.0,0.8308881702438489,0.9999311944302972,1.0,0.9997263944449362,0.9999992618851422,1.0,0.9982229,1.0
8,63,1,0.9999697454244972,1.0,1.0,0.999999740428363,0.99879944,0.9862355527457373,0.9826762249159806,1.0,1.0,0.7881397591862866,0.9999311944302972,1.0,0.9996922322744486,0.9999607152539953,1.0,0.9981273,0.9999998
8,65,1,0.9677122244273803,1.0,0.81,0.9948784583774498,0.9713917,0.971241783311914,0.9808754285662429,1.0,1.3561762702145377e-05,0.6509437566300462,0.9988928473238594,0.825,0.9359955901653189,0.9551366791823629,0.805,0.94947773,0.9999601
8,67,1,0.9869944505966648,1.0,1.0,0.9999977070342977,0.99730587,0.9862349614875574,0.9825816704263473,1.0,1.0,0.6340839661331324,0.999769254999813,0.99,0.9960745069217787,0.9825471965891404,0.995,0.9958954,0.9999976
8,70,1,0.9944984274461547,1.0,0.88,0.9999820802581336,0.93732405,0.9780463132312028,0.9783910244021836,1.0,1.0,0.5773109773633659,0.9987828778803138,0.945,0.9529511386982279,0.9930987461893556,0.92,0.88365364,0.99999565
8,77,1,0.9998739523498891,1.0,1.0,0.9999999767150269,0.9989348,0.9862354350994217,0.9826846937945187,1.0,1.0,0.7806706086269202,0.9999311944302972,1.0,0.9997021836145338,0.9998402449528424,0.995,0.99821824,1.0
8,80,1,0.9998858036980105,1.0,0.99,0.9999999467331999,0.99672073,0.985686612274108,0.9825460276841912,1.0,1.0,0.721590398582843,0.9999417259701998,0.99,0.9966516204224007,0.9998537340159129,0.985,0.9950546,1.0
8,88,1,0.9999958582970735,1.0,1.0,0.9999977703981735,0.9986547,0.986235558778855,0.9826671974611124,1.0,1.0,0.7738704459246554,0.999921243825674,1.0,0.9996620879656666,0.9999947089944614,1.0,0.9978794,1.0
8,89,1,0.4163809107030712,1.0,0.845,0.2300646525140044,0.9584277,0.4908122874044415,0.5616780866116815,0.6,1.6153422989533921e-15,0.5093919438412371,0.985187942291793,0.375,0.6124683226098795,0.3311603206810473,0.815,0.9421793,0.010647777
8,90,1,0.9999850151009884,1.0,0.98,0.999999678164761,0.9933555,0.9851183643749999,0.9823331596106989,1.0,1.0,0.6882686688911911,0.9999133480836979,0.995,0.9933350514711919,0.999981098058174,0.985,0.9886868,1.0
8,95,1,0.9981980632313779,1.0,0.95,0.9999992215191421,0.98746014,0.9832729742537858,0.9819541150088598,1.0,1.0,0.7152904093660456,0.9989064060768506,1.0,0.9839143552910236,0.9975256788249885,0.935,0.9881787,1.0
8,98,1,0.9999993324043697,1.0,1.0,0.9962184187197802,0.9983664,0.986235558778855,0.9826491994774136,1.0,1.0,0.6546812714899949,0.9998755875468875,1.0,0.9986460416561977,0.9999990705379721,1.0,0.9971571,1.0
8,99,1,0.9999755425472828,1.0,0.82,0.9946557093297875,0.88613653,0.9723274375512213,0.9740462349447188,1.0,1.0,0.5917171285470336,0.9980202138466391,0.98,0.925191945926726,0.9999639302929965,0.88,0.8617362,1.0
8,100,1,0.9999123736736898,1.0,0.965,0.9999992399609862,0.9944752,0.9842222827282643,0.9824039508583287,1.0,1.0,0.7784624633437349,0.9996290771639058,1.0,0.98984669987645,0.9998863249846038,0.97,0.99216074,1.0
8,107,1,0.9999900758160462,1.0,1.0,0.9999950775226644,0.9989079,0.9862355527457373,0.9826830129898765,1.0,1.0,0.7873634745473027,0.9999311944302972,1.0,0.999723269259284,0.999987365313663,1.0,0.99808705,1.0
8,108,1,0.9412270382649986,1.0,0.815,0.9830272888679635,0.9783645,0.9717823758553608,0.9813512327104055,0.4,9.193292530454433e-12,0.7088445379043654,0.9997069694951848,0.885,0.9294047135896142,0.9154142735903386,0.845,0.96492875,0.9999301
8,113,1,0.9887687805883867,1.0,0.975,0.996588182050298,0.99501884,0.9848242066723568,0.9824377080209229,1.0,1.0,0.6669745946562056,0.9998219649390409,0.98,0.9888439506187013,0.9845389399376479,0.99,0.99282384,0.99996996
8,114,1,0.9995942741726841,1.0,1.0,0.9999981875829799,0.99894375,0.9862355135304091,0.9826843158810005,1.0,1.0,0.8308881702438489,0.9999311944302972,0.995,0.9996340519613999,0.9994866781727051,1.0,0.9982994,0.9999995
8,115,1,0.9857331686389839,1.0,0.885,0.996879636182522,0.97984236,0.9784701659782867,0.981452438843231,1.0,1.0657270314363838e-09,0.7111402054723424,0.999670039434273,0.925,0.9618637924023903,0.9799131245670929,0.89,0.96792865,0.99999976
8,117,1,0.5109184485065984,1.0,0.76,0.46565684701914406,0.97149336,0.705821579753613,0.8428423340150902,0.2,9.341348594620609e-15,0.5710641008025991,0.9938042405307779,0.27,0.6770171647265437,0.41764077100666536,0.735,0.9617719,0.059923466
8,122,1,0.9999817005506005,1.0,1.0,0.9999980460626702,0.99834156,0.9862354712983936,0.9826476382442427,1.0,1.0,0.6512737217351736,0.9998755875468875,1.0,0.9995803267442601,0.9999786591164683,1.0,0.9971608,0.9999997
8,135,1,0.9560207871230051,1.0,0.86,0.97735733458485,0.9796386,0.9762768614675629,0.9814368814273956,0.6,1.0,0.6452772573690541,0.999879092436359,0.84,0.9432541745538559,0.9395619313109533,0.89,0.9660366,0.9988237
8,149,1,0.9989780077069722,1.0,0.95,0.999997379257713,0.98184466,0.9832725612547812,0.9815856488716839,1.0,1.0,0.6833400566525892,0.9934311821081521,1.0,0.98270501264617,0.99868352549227,0.955,0.9650927,0.9999769
8,153,1,0.9999999980519743,1.0,1.0,0.9960350642443172,0.99880826,0.986235546712617,0.982676652422533,1.0,1.0,0.8353206940191628,0.9999311944302972,1.0,0.9987108317571631,0.9999999979151091,1.0,0.9981298,0.99999285
8,156,1,0.9943951385135573,1.0,1.0,0.9999985999240651,0.9985971,0.9862351153377594,0.9826631872858802,1.0,1.0,0.7653519993868879,0.999921243825674,1.0,0.9982477059783861,0.992464672492567,1.0,0.9977811,0.9999938
8,157,1,0.9942242734077607,1.0,0.975,0.9999994490207165,0.99711573,0.9848253457692128,0.9825708234715548,1.0,1.0,0.6388375877333246,0.999769254999813,0.975,0.991584863416949,0.9925779250887867,0.98,0.9951637,0.9999987
8,163,1,0.9999690045015571,1.0,0.98,0.9999999424066126,0.9947239,0.9851183448287667,0.9824200332754286,1.0,1.0,0.7215974820778347,0.9999417259701998,1.0,0.9936732157404854,0.9999581349931883,0.985,0.99187917,1.0
8,165,1,0.9083675001309202,1.0,0.875,0.9503803937831663,0.9596474,0.9774024024414643,0.9800143255019239,0.4,1.0,0.5155103553355252,0.9885681907390232,0.81,0.923348827745642,0.8779597457232496,0.91,0.9468594,0.9962499
8,174,1,0.9556252141387754,1.0,0.975,0.9971660121165656,0.9959926,0.9847802091020249,0.9824663258451933,1.0,1.0,0.6402918103903943,0.9998755875468875,0.95,0.9809459567932893,0.9442760906260944,0.97,0.9940501,0.9999508
8,187,1,0.9995887164917127,1.0,0.99,0.9999999401030619,0.996967,0.9856876813096707,0.9825615062097591,1.0,0.9999999999999929,0.7914852959895295,0.9998323527060307,0.995,0.9966389185613447,0.9994182034532405,0.995,0.99458176,1.0
8,189,1,0.9999999864837674,1.0,1.0,0.9999985975727035,0.9989348,0.9862355527457373,0.9826846937945187,1.0,1.0,0.8408372956055039,0.9999311944302972,1.0,0.9997333473624225,0.9999999849007799,0.995,0.99821824,1.0
8,190,1,0.9999975673039193,1.0,0.92,0.9999821428151507,0.9870597,0.9812036138101791,0.9819280856695797,1.0,1.0,0.7852202258620394,0.9976000774100466,0.965,0.9767598556322608,0.9999969331540324,0.93,0.9763731,1.0
8,196,1,0.9999999989734267,1.0,1.0,0.9999872005709229,0.99880826,0.9862355376629317,0.9826767941416445,1.0,1.0,0.831924246401749,0.9999311944302972,1.0,0.9996988660691777,0.9999999988069415,1.0,0.9981298,1.0
8,200,1,0.9660299220904532,1.0,0.98,0.9958377759489482,0.99562293,0.9850975300420236,0.9824714296918166,1.0,1.0,0.6546892426901012,0.9998755875468875,0.995,0.9843726577375801,0.9559948436309272,0.97,0.99268204,0.9999734
8,212,1,0.999999944399079,1.0,1.0,0.9999953082878024,0.9989666,0.986235558778855,0.9826866606789497,1.0,1.0,0.8159369441771076,0.9999311944302972,1.0,0.9997404568389414,0.9999999411937114,1.0,0.9982685,1.0
8,218,1,0.9377917260083475,1.0,0.985,0.9787805556036743,0.99125844,0.9853995885552285,0.9821902197240845,0.4,4.810101461799219e-12,0.7175383535215066,0.999670039434273,0.98,0.9732076810034769,0.9108189749429577,0.985,0.9863492,0.99995565
8,227,1,0.9978641691050716,1.0,0.98,0.9999982963664734,0.996843,0.9851178659381541,0.982553701176416,1.0,1.0,0.7270816854409664,0.9999420210042953,0.99,0.9936763614640929,0.99714757191244,0.995,0.9952277,1.0
8,230,1,0.9998558332298494,1.0,0.995,0.9999999665776887,0.9988938,0.9859642519313184,0.982682135352184,1.0,1.0,0.8086504274930996,0.9999680050889694,1.0,0.9984373993012879,0.9998134370847294,0.995,0.99819595,1.0
8,232,1,0.9971726459717624,1.0,1.0,0.9999935107556052,0.9985971,0.9862350791378643,0.9826609552215699,1.0,1.0,0.7516938835886193,0.999921243825674,1.0,0.9989408105508223,0.9962267648204349,1.0,0.9977811,0.99999475
8,249,1,0.9999999999958116,1.0,1.0,0.9949791353223044,0.9988972,0.9862355527457373,0.9826823473302648,1.0,1.0,0.8181846816498938,0.9999311944302972,1.0,0.9984690825451205,0.9999999999958045,1.0,0.9981774,1.0
8,252,0,0.003996388528276874,0.0,0.01,0.0015545534519829202,0.0027362797,0.033073516205614786,0.03594160514776888,0.0,2.4293778384967685e-17,0.2885810159374901,0.00018209066314047633,0.0,0.00457180543029735,0.0028266854986420103,0.005,0.0032191991,1.00653e-06
8,254,0,0.04067539652734777,0.0,0.075,0.02736714604445593,0.0112477,0.04237584358016365,0.03703944119013721,0.2,1.9817964383131123e-16,0.3793828659812646,0.0003660315117286736,0.05,0.038572560663019805,0.02835494837799236,0.05,0.012191744,5.615652e-05
8,258,0,0.08904837520373753,0.0,0.015,0.02216832346193044,0.0064417273,0.03371437229249063,0.03641817361011863,0.0,2.314904423030803e-16,0.3846244956053346,0.00019657447525120133,0.05,0.03316460648657118,0.06236081782624064,0.01,0.005056358,7.287521e-06
8,259,0,0.038679812984727335,0.0,0.035,0.020622498090738628,0.0047976593,0.03639015138956685,0.03620499844088861,0.0,4.054549389384941e-17,0.3993442651639928,0.0003332709135691946,0.01,0.02477499260604061,0.027718202558314448,0.02,0.005599523,7.991826e-06
8,267,0,0.020497097695772494,0.0,0.0,0.0071463750516969895,0.001859794,0.031830721281172585,0.035830454299048894,0.0,7.459337415576016e-17,0.31408422868745467,0.0001498300107028238,0.015,0.0073758166922633945,0.014117866668927276,0.0,0.0020950483,8.831967e-06
8,274,0,0.13448666530532197,0.0,0.075,0.030400640443279614,0.008715046,0.042372096892226964,0.03671182308256428,0.0,1.354463842583853e-16,0.3960358716513784,0.00019657447525120133,0.19,0.062150587846746,0.09647950339723532,0.115,0.007876968,2.8921144e-05
8,290,0,0.012133973071148291,0.0,0.005,0.002559625517872412,0.0029231857,0.03244636093498341,0.035965366694049886,0.0,1.2706250105009116e-17,0.3346101210803061,0.00019657447525120133,0.01,0.005654196073324167,0.008599879983156576,0.01,0.0030191937,1.77682e-07
8,292,0,0.021214701466728367,0.0,0.0,0.010290911627383657,0.0023933095,0.031830731752793245,0.035898104394498864,0.0,5.1219862138529324e-17,0.33767009729656833,0.00018209066314047633,0.0,0.008474730646682468,0.015049701014522993,0.0,0.0029090066,9.466252e-06
8,297,0,0.003466921827369147,0.0,0.0,0.0022535825732464877,0.0026674909,0.03183069098431512,0.03593286726878133,0.0,0.999999995993921,0.35758461814860226,0.00019657447525120133,0.095,0.0020969988148000695,0.0025456662682928444,0.005,0.0031957806,1.14849755e-07
8,302,0,0.05753462198462165,0.0,0.075,0.008531091184023587,0.0033060687,0.04236789690916992,0.03601421450484803,0.0,1.019251620367631e-16,0.31408422868745467,0.0003087182754867737,0.045,0.03609294547037267,0.04211929187472574,0.11,0.0035625023,8.50035e-06
8,307,0,0.07424548039382016,0.0,0.045,0.036102291709734904,0.01302868,0.03781379131550585,0.037273043996472896,0.2,6.524710553078136e-15,0.34637576735579767,0.00019657447525120133,0.04,0.04209411311261531,0.0535655636573403,0.025,0.011158173,7.7547484e-05
8,309,0,0.003011974397219822,0.0,0.0,0.00387168237284282,0.004998235,0.03183069143745277,0.036230067636328925,0.0,1.4895823932621006e-18,0.40291038916438165,0.00028501263246744784,0.0,0.0029704729505062592,0.002178235621019312,0.0,0.0064296103,9.396568e-08
8,319,0,0.4308039001995563,1.0,0.585,0.4148232055295429,0.8326265,0.9302682710331359,0.9671070742017368,0.2,6.8787008430562185e-15,0.4988741450586574,0.40237294231258275,0.42,0.5658134068291177,0.3412656506330328,0.565,0.73748434,0.9882874
8,329,0,0.006578383548786597,0.0,0.0,0.002149891876542812,0.003121023,0.031830705979309114,0.03599051553606734,0.0,3.0197080123476415e-17,0.36075375017160577,0.00019657447525120133,0.005,0.0029623246229178216,0.004613449064645217,0.0,0.0037555706,1.0789645e-06
8,332,0,0.0007948804023031462,0.0,0.0,0.0019218485104652496,0.0018042052,0.03183069047260912,0.03582338394836274,0.0,3.2458519466603997e-18,0.30636368483472737,0.0001498300107028238,0.005,0.00113023353812971,0.0005643759327321904,0.0,0.0018269775,1.1194786e-08
8,341,0,0.016586498441353945,0.0,0.04,0.004419260748599746,0.004415512,0.037089384757184776,0.036155560999116446,0.0,1.9852150669539816e-16,0.320826375356973,0.00018209066314047633,0.02,0.016355317818728655,0.011827512314454081,0.035,0.005508417,3.6148674e-06
8,342,0,0.010377448263545452,0.0,0.005,0.009605455169559542,0.0028064956,0.03244636246335251,0.03595054390112986,0.0,5.284550367590629e-18,0.33898619870584173,0.00018209066314047633,0.0,0.006947349768848628,0.007515155046731625,0.0,0.0032807603,4.786568e-07
8,349,0,0.0014441524740120507,0.0,0.005,0.0015638623106265387,0.00193009,0.03244635260555967,0.035839328900919155,0.0,8.069534227590153e-18,0.3004057942479884,0.00018209066314047633,0.005,0.002484526200331004,0.001017138293505967,0.0,0.0018269775,2.2783855e-08
8,350,0,0.005847295951245213,0.0,0.03,0.0021448095720807566,0.009786783,0.03570120701842188,0.03684810836533038,0.0,1.1705102115431782e-17,0.40142028895057896,0.00019657447525120133,0.0,0.01194472207739402,0.004051528507102989,0.015,0.008146849,8.205443e-07
8,354,0,0.0036958130457129174,0.0,0.0,0.001293329515508338,0.0050608986,0.031830691927445455,0.036238090012539026,0.0,2.0910076389149045e-17,0.35278562013263004,0.00019657447525120133,0.005,0.0025125102917388413,0.0026141231457199035,0.0,0.0042625256,2.0265117e-07
8,355,0,0.03798471422879748,0.0,0.03,0.01035542958893199,0.005160122,0.035701642285985366,0.03625092103757533,0.0,8.350315889661803e-17,0.36728016536924274,0.00019657447525120133,0.025,0.0208750664990561,0.027720468073655566,0.03,0.0062476983,4.7573285e-06
8,359,0,0.0056574015219624215,0.0,0.015,0.0047815960081192994,0.003182299,0.03371238843750746,0.035998309525574514,0.0,7.578965195070431e-17,0.2828279393550198,0.00018209066314047633,0.01,0.007155324124889784,0.004218040262538785,0.015,0.00324967,5.997595e-07
8,364,0,0.025847772429490122,0.0,0.005,0.00900136029409694,0.005253282,0.03244639830492982,0.03626284748412341,0.0,1.6994359596611115e-16,0.3407563527507618,0.00018209066314047633,0.015,0.011275603658389872,0.017739210787474122,0.015,0.0056689456,8.637923e-06
8,368,0,0.0025466086279289563,0.0,0.0,0.0017316925479388884,0.0016946193,0.03183069053884863,0.03580950956918628,0.0,4.911532779919991e-18,0.28978950039850393,0.00018209066314047633,0.0,0.0014932301205577525,0.0017895231152249638,0.0,0.0018269775,6.917029e-08
8,373,0,0.023630476398866663,0.0,0.0,0.005139357905340822,0.0023253153,0.03183076270708576,0.035889471568600215,0.0,5.767272778791382e-17,0.3454070189282981,0.00018209066314047633,0.01,0.00777378739136679,0.016400794676483428,0.005,0.00251513,5.732478e-06
8,380,0,0.03921795141692306,0.0,0.005,0.010411914784511183,0.009037648,0.032448136170690166,0.03675114058671511,0.0,5.709051111903673e-17,0.4149588390280883,0.00019657447525120133,0.02,0.01591687863227072,0.028064006025608743,0.005,0.0077565014,1.4355633e-05
8,385,0,0.00805335841729731,0.0,0.0,0.0011973664049725957,0.0026674909,0.03183069354038037,0.03593286903401511,0.0,6.745935922091605e-18,0.33959606321338753,0.00019657447525120133,0.0,0.002979553920213637,0.0057927155303983255,0.0,0.003310877,2.6757638e-07
8,387,0,0.003477243707442364,0.0,0.0,0.0015115124020252191,0.0103005,0.03183069424012156,0.036915011537738344,0.0,4.4302996266477485e-18,0.4089140727627944,0.00019657447525120133,0.005,0.003822314106968899,0.0023769679555724317,0.005,0.009957001,7.992626e-08
8,396,0,0.0006199957333706892,0.0,0.0,0.0007753602102910618,0.0022539985,0.03183069047740577,0.03588038722371371,0.0,3.0134245445030884e-19,0.3840399711316078,0.00028501263246744784,0.005,0.0009123386200695788,0.0004352413611918597,0.0,0.0023626732,3.6584034e-09
8,398,0,0.007249802922002465,0.0,0.01,0.006644769714442235,0.0034498903,0.03307351991811185,0.03603238879741178,0.0,1.5600160854884978e-17,0.35067223443920814,0.00018209066314047633,0.0,0.006836115733337734,0.005171490781219739,0.005,0.003980468,3.443535e-07
8,14,1,0.9999999994508413,1.0,1.0,0.9999974081552319,0.99892706,0.9837350569184089,0.9838839010185988,1.0,1.0,0.8599474477994649,0.9999640657936762,1.0,0.9997311160988678,0.9999999993062445,1.0,0.99837494,0.9999996
8,15,1,0.9999995973009227,1.0,1.0,0.999995861781344,0.997264,0.9837350569184089,0.9837752550250154,1.0,1.0,0.8569474044811324,0.9999640657936762,1.0,0.9993148716694467,0.9999995467273622,0.995,0.99620795,0.9999995
8,16,1,0.9847490432379264,1.0,1.0,0.9999881177996596,0.99870193,0.9837350569184089,0.9838559791413373,1.0,1.0,0.8444094522691368,0.9999641330170225,0.985,0.9958597727709169,0.9793571368736125,1.0,0.9978278,0.9995126
8,17,1,0.9886882760208329,1.0,1.0,0.999987810873508,0.9982345,0.9837350538100852,0.9838283377655362,1.0,1.0,0.7237381136865794,0.9999640657936762,1.0,0.9967276493290235,0.9852294481192877,1.0,0.9973712,0.99948967
8,18,1,0.9938728720100541,1.0,0.87,0.9973962055295297,0.9755778,0.9720677017986851,0.9822292462598642,1.0,1.0,0.5607086203656781,0.9993361347165381,0.885,0.9592117123008124,0.9911641630159411,0.905,0.9581883,0.9999664
8,19,1,0.9996369738888408,1.0,0.995,0.9999997705126641,0.9990094,0.9833914034625272,0.9838870826554308,1.0,1.0,0.8663954433788579,0.9999666409282407,1.0,0.9984115288013344,0.999519775366206,1.0,0.99848276,0.9999966
8,20,1,0.9999991180475354,1.0,1.0,0.9999952234392385,0.99892706,0.9837350569184089,0.9838836712845171,1.0,1.0,0.8559070833709713,0.9999640657936762,1.0,0.999730349569043,0.9999989492555562,1.0,0.99837494,0.99998724
8,39,1,0.9999892697207249,1.0,1.0,0.9999999810550999,0.9974974,0.9837350569184089,0.983789868709911,1.0,1.0,0.7898754776529506,0.9999663783258682,1.0,0.9993716576389101,0.9999871722318485,1.0,0.99580103,0.99993575
8,41,1,0.9703285385187259,1.0,0.925,0.9999889669966591,0.9595958,0.9777623085670736,0.9811008843037418,1.0,7.785520614092926e-10,0.6917936466339143,0.9967083868719693,0.98,0.9637283262403727,0.9580822233988344,0.93,0.93291724,0.99991655
8,66,1,0.998227794651105,1.0,1.0,0.9999905843091149,0.9981665,0.9837350569184089,0.9838126614469733,1.0,1.0,0.6901675727223354,0.9999194712015148,1.0,0.999096220120571,0.9977647158854807,0.995,0.99685115,0.9999598
8,68,1,0.9994872774043829,1.0,1.0,0.9999999903250307,0.99887806,0.9837350569184089,0.9838800967125477,1.0,1.0,0.8537477126328501,0.9999640518654279,1.0,0.9995913323752016,0.9993292475385349,1.0,0.9982377,0.9999693
8,73,1,0.9999998107899686,1.0,1.0,0.9999913639305067,0.99889934,0.9837350569184089,0.9838818727819864,1.0,1.0,0.8536255590878322,0.9999640657936762,1.0,0.9997226288375132,0.9999997571077804,0.995,0.998351,0.99999964
8,79,1,0.9987836432338273,1.0,0.985,0.9999993035344458,0.9947231,0.9826825466308042,0.9836033990751817,1.0,1.0,0.7893199714731888,0.9999565276690848,0.98,0.9946265070892546,0.9984125670305775,0.97,0.9903895,0.99980485
8,85,1,0.9981707408707945,1.0,1.0,0.9999999342515834,0.99887806,0.9837350569184089,0.9838770871864345,1.0,1.0,0.8537477126328501,0.9999640518654279,1.0,0.9992621842234427,0.9974436605282243,1.0,0.9982377,0.99994284
8,86,1,0.8183391629107414,1.0,0.985,0.8970993299386316,0.99631894,0.9826576519962605,0.9830814123695576,0.4,1.4105529795291152e-07,0.6735746901801436,0.9999195024013291,0.9,0.9241893572993336,0.7555095324028915,0.985,0.9947076,0.97108924
8,87,1,0.9999800153381777,1.0,0.995,0.9999999244221753,0.99846375,0.9833914034625272,0.9838536714082153,1.0,1.0,0.8663954433788579,0.9999640657936762,0.995,0.998360922411478,0.9999744204525666,0.99,0.9979215,0.9999965
8,92,1,0.9999982877227402,1.0,1.0,0.9999999841989211,0.9988865,0.9837350569184089,0.9838812176494132,1.0,1.0,0.8536255590878322,0.9999640518654279,1.0,0.9997211993881531,0.9999979472386348,1.0,0.99831045,0.99999374
8,101,1,0.9992211643541483,1.0,0.995,0.9999997852912121,0.9986846,0.9833914034625272,0.9838665838880186,1.0,1.0,0.8537477126328501,0.9999640657936762,0.99,0.9982263836849531,0.9989314185117303,0.995,0.99806327,0.9999432
8,105,1,0.7655947378653432,1.0,0.76,0.9380964950278885,0.93719685,0.956133877273133,0.97900313042016,0.8,1.0,0.6630901018867693,0.9993773623569215,0.75,0.850222020917476,0.7007334103561271,0.755,0.89381784,0.99833226
8,110,1,0.9353887708026949,1.0,0.98,0.9903433208235745,0.9945133,0.9822899547129241,0.9830016614329575,0.6,8.073549277612647e-10,0.7426593460999246,0.9999811754788702,0.93,0.9750613412163512,0.9034986142171536,0.975,0.9908173,0.99351996
8,111,1,0.9999999722589389,1.0,1.0,0.9999998975785918,0.99892706,0.9837350569184089,0.9838838947245573,1.0,1.0,0.8599474477994649,0.9999640657936762,1.0,0.9997317316567322,0.9999999671464808,1.0,0.99837494,0.9999876
8,121,1,0.9777627677714085,1.0,0.805,0.9969538653048168,0.91513175,0.9635011128635911,0.977395811944864,1.0,1.0,0.6162257162104181,0.9990876426235082,0.955,0.9237120951997128,0.9716697332243837,0.805,0.8547904,0.9991036
8,126,1,0.9973236488399719,1.0,0.985,0.9999984051888526,0.9969157,0.9826823813338624,0.9837496575901595,1.0,1.0,0.776106983461712,0.9999665883261117,0.98,0.9948094380200694,0.9965781295029468,0.995,0.9955515,0.99989945
8,127,1,0.999987353922508,1.0,1.0,0.9999955226606888,0.9989146,0.9837350569184089,0.9838829671257582,1.0,1.0,0.8559070833709713,0.9999640518654279,1.0,0.9997243690004592,0.9999849143558853,1.0,0.99833494,0.9999775
8,128,1,0.9999999999320537,1.0,1.0,0.9921584174546456,0.99892706,0.9837350569184089,0.9838839010185988,1.0,1.0,0.8599474477994649,0.9999640657936762,1.0,0.9977713685440244,0.9999999999508065,1.0,0.99837494,0.9999997
8,129,1,0.9598804386440927,1.0,0.975,0.994109921744293,0.99804866,0.9819439395362652,0.9837988873309832,1.0,1.0,0.6780619873251378,0.9999640819041806,0.93,0.9817597558819322,0.94442088539082,0.99,0.9969432,0.9997471
8,130,1,0.9999992709060259,1.0,1.0,0.9966840933367468,0.9987632,0.9837350569184089,0.983873228630035,1.0,1.0,0.8344424318360413,0.9999640657936762,1.0,0.9988616419659209,0.9999990475370021,1.0,0.9980844,0.9999981
8,132,1,0.9999852766248972,1.0,1.0,0.9999910741909545,0.9983606,0.9837350569184089,0.9838469427484252,1.0,1.0,0.6852346473302902,0.9999640518654279,1.0,0.9995842312653261,0.9999809698275377,1.0,0.9973999,0.999987
8,141,1,0.9999974483766345,1.0,1.0,0.999999972055836,0.9989146,0.9837350569184089,0.9838830646886532,1.0,1.0,0.8663954433788579,0.9999640518654279,1.0,0.9997280049627777,0.9999967845199059,1.0,0.99833494,0.99999917
8,142,1,0.9416660084321195,1.0,0.99,0.9916096064658885,0.9959676,0.983037355821314,0.9834573050481483,1.0,1.0,0.6405011405604992,0.9999195024013291,0.96,0.9798108103674158,0.9248336152488131,1.0,0.9941941,0.9938662
8,144,1,0.9999362448178807,1.0,0.995,0.999999001147835,0.9987632,0.9833914034625272,0.9838702808355423,1.0,1.0,0.8344424318360413,0.9999640657936762,0.995,0.9984246123966566,0.9999151432616282,0.995,0.9980844,0.99958265
8,167,1,0.5343957126772991,1.0,0.59,0.9225082899408918,0.14295621,0.41546338432080626,0.5084285474305021,0.6,1.0,0.470591894704059,0.006568014379888653,0.695,0.5474650536952906,0.4586496656399666,0.54,0.12227784,0.16747001
8,168,1,0.9999993451813967,1.0,1.0,0.9999983501864929,0.9990243,0.9837350569184089,0.9838902297338524,1.0,1.0,0.8767180440568302,0.9999706013515859,1.0,0.9997554918332291,0.9999992594696921,1.0,0.99848276,0.9999988
8,181,1,0.9884788431743471,1.0,0.945,0.9946252844311115,0.99556017,0.979537205374592,0.983627920766763,0.8,1.0,0.6591783929269648,0.9999640819041806,0.92,0.9809160742063573,0.9813353499501932,0.935,0.9941434,0.99994415
8,182,1,0.685942179327367,1.0,0.51,0.7712732243245846,0.31326798,0.768312032191324,0.6377128394770976,0.6,5.5534606963619106e-14,0.4452133088222214,0.7066525238077028,0.385,0.57012084492439,0.5873907155960747,0.485,0.22617422,0.8029724
8,188,1,0.7606818345568247,1.0,0.985,0.8413613660317283,0.9908778,0.9825082620782876,0.9827304086298738,0.6,0.0001116317154420037,0.644431034645748,0.9999640518654279,0.89,0.8944802519322259,0.6933774508957637,0.99,0.9875081,0.9650641
8,192,1,0.9450007700071144,1.0,0.92,0.9929890227721917,0.9543062,0.977294031998283,0.9806599610551934,1.0,5.8029020144008556e-09,0.6917936466339143,0.9953828873057808,0.975,0.953073994506205,0.9173991986048727,0.915,0.9251047,0.996365
8,193,1,0.9999997803045247,1.0,0.96,0.9934153831242398,0.99807113,0.9807778451025823,0.9838280621028556,1.0,1.0,0.6780619873251378,0.9999640958207907,0.995,0.987871574379797,0.9999997348980451,0.98,0.99694914,0.99999934
8,194,1,0.9997960092632399,1.0,0.985,0.9999999756981428,0.9987613,0.9826825466308042,0.9838720115841518,1.0,1.0,0.852244596621852,0.9999394160017744,1.0,0.9958893203084151,0.9997457384524105,0.99,0.99810684,0.9999089
8,195,1,0.9999965573807275,1.0,1.0,0.9999957671685248,0.99844813,0.9837350569184089,0.9838513031254393,1.0,1.0,0.7343968014375385,0.9999640657936762,1.0,0.99961011450447,0.9999955986709075,1.0,0.9976306,0.9999991
8,203,1,0.9995263995831039,1.0,1.0,0.9999996654354958,0.99587655,0.9837350569184089,0.9836807271741941,1.0,1.0,0.6767765992967183,0.9999640657936762,1.0,0.9988506539232596,0.9993603134451523,1.0,0.9936971,0.99999565
8,205,1,0.9745456556739531,1.0,1.0,0.9946052515571986,0.9983516,0.9837350538100852,0.9838042872353019,1.0,1.0,0.7086128281539694,0.9999341399323544,0.995,0.9918756202938108,0.9654767055596785,1.0,0.99713033,0.9996847
8,210,1,0.9999999938899591,1.0,1.0,0.9999959614116841,0.99892706,0.9837350569184089,0.9838839010185988,1.0,1.0,0.8599474477994649,0.9999640657936762,1.0,0.9997307530227604,0.9999999928672982,1.0,0.99837494,0.99999654
8,226,1,0.999999988925124,1.0,1.0,0.9999879635204236,0.997264,0.9837350569184089,0.9837752581929009,1.0,1.0,0.8587486595536602,0.9999640657936762,1.0,0.9993129950102668,0.9999999869255007,1.0,0.99620795,0.9999997
8,231,1,0.9935395217985531,1.0,0.995,0.9999942231235833,0.99844813,0.9833914034625272,0.9838445915717854,1.0,1.0,0.7237381136865794,0.9999640657936762,1.0,0.9967454695976911,0.9910087009972244,1.0,0.9976306,0.99990344
8,238,1,0.99992930667447,1.0,1.0,0.9974759841990044,0.9983816,0.9837350196184854,0.9838474200607954,1.0,1.0,0.6891851838425352,0.9999640657936762,1.0,0.9989467263896332,0.9999153631414955,1.0,0.9974376,0.9999441
8,240,1,0.9989430513349101,1.0,0.995,0.9999994973273635,0.9990094,0.9833914034625272,0.9838869316271005,1.0,1.0,0.8663954433788579,0.9999640518654279,0.995,0.9982379798665266,0.998630221311802,1.0,0.99848276,0.99997306
8,241,1,0.9931730636910941,1.0,0.975,0.9999930605383097,0.9968556,0.9819439912011961,0.9837452687022384,1.0,0.008122547846501854,0.8301528641245635,0.9999640518654279,0.955,0.9912554351997307,0.9905370906693118,0.99,0.99536574,0.999927
8,244,1,0.9999879906434115,1.0,0.995,0.9999999491067331,0.99889934,0.9833914034625272,0.9838819451722501,1.0,1.0,0.8577192628095791,0.9999640657936762,1.0,0.9984718200949305,0.99998520529086,1.0,0.998351,0.9999686
8,248,1,0.9999918361789126,1.0,1.0,0.9999961740981382,0.99888486,0.9837350569184089,0.9838792517992742,1.0,1.0,0.8617276751310231,0.9999641330170225,1.0,0.999718216744487,0.9999906615105223,1.0,0.99815637,0.99999356
8,250,0,0.04986265788355233,0.0,0.11,0.06275632777302315,0.018532757,0.05025906223659909,0.03801696610917227,0.0,3.5353301977900967e-15,0.36567069729404517,0.00012465665674977252,0.045,0.06028793559314711,0.03233518356057197,0.115,0.019751908,0.001606626
8,256,0,0.011498740935327394,0.0,0.015,0.008110780320282212,0.0024985203,0.03407042131723863,0.035267030958910546,0.0,7.38282295577667e-16,0.2957776581317131,5.7251869642011016e-05,0.005,0.009277010390247458,0.007568612507792363,0.025,0.0023610462,0.00018188346
8,257,0,0.06507525071383045,0.0,0.025,0.03947608260888197,0.004750175,0.035501157603248776,0.03578470195497093,0.0,1.7365485824988236e-16,0.31060422387667935,6.271591710925079e-05,0.03,0.03357537706465489,0.04552602086025264,0.025,0.0051971627,0.0015658173
8,260,0,0.05906777684008339,0.0,0.005,0.016307531532755035,0.00220129,0.03270260361473927,0.03537917628031608,0.0,1.968164349554342e-16,0.31085110644994657,6.271591710925079e-05,0.03,0.020644149618878494,0.04167273605411468,0.005,0.0023751245,0.0016901863
8,266,0,0.302924720557449,0.0,0.09,0.19361625974228572,0.039490685,0.047459367242249265,0.04275328819277042,0.0,2.5580128892855257e-15,0.3957809469016114,0.0012007579387819309,0.14,0.15650791629165997,0.22495631823725623,0.08,0.042355295,0.039697863
8,269,0,0.008264694211323502,0.0,0.005,0.0016997177680709225,0.005943131,0.0326985274366515,0.03572372815389833,0.0,1.5810095939345567e-17,0.3524812677231449,0.00013655285504245987,0.04,0.0052268857867090075,0.005637546007209791,0.01,0.005958484,3.8747912e-05
8,272,0,0.014857743836459691,0.0,0.035,0.00801513929797209,0.012208213,0.03698288242588207,0.03662292570772355,0.0,9.217885458336143e-17,0.3522182202284559,6.952549987936783e-05,0.02,0.017520274058194743,0.010013611096129478,0.05,0.013108046,8.634702e-05
8,275,0,0.04045937226795012,0.0,0.085,0.021372396715184996,0.012676487,0.04534761705905393,0.0368007914724935,0.0,1.1356367414823347e-16,0.39614549937241883,0.00013655285504245987,0.08,0.039877063932152956,0.029174943564577886,0.075,0.013490145,0.0002695786
8,278,0,0.01379358748180547,0.0,0.0,0.015654399928133788,0.00544952,0.03203276210854065,0.035673889194896995,0.0,2.3497827298140506e-17,0.3508773070233872,7.616083818325039e-05,0.005,0.008724376842071585,0.00996475653654821,0.0,0.0060927463,6.14057e-05
8,281,0,0.0017112178053781957,0.0,0.005,0.001842095194181524,0.0054847654,0.03269844300985507,0.03565554494971738,0.0,1.027566336488585e-17,0.33925450307928245,7.616083818325039e-05,0.0,0.0035095195987704594,0.0012119350613902066,0.0,0.0060927463,5.7717384e-06
8,287,0,0.061009055359737344,0.0,0.165,0.02071170546734491,0.008813221,0.06258307389872488,0.0364453580851948,0.2,3.7909509153581923e-16,0.34447762573635754,6.271591710925079e-05,0.115,0.06388349545866695,0.040506196762330124,0.14,0.009467487,0.0012525895
8,291,0,0.006849444284039236,0.0,0.0,0.0021545069328326016,0.0021725316,0.03203273374693718,0.035193874494110704,0.0,7.389105949945989e-18,0.29730213261417016,6.271591710925079e-05,0.0,0.0027941206942338,0.004764699798253806,0.0,0.002324175,2.7415952e-05
8,294,0,0.05685599774991489,0.0,0.01,0.03395430580441615,0.0047251545,0.03337886591852037,0.03565696774131837,0.0,2.845086878451045e-16,0.3063571133370852,6.271591710925079e-05,0.025,0.02638386451090246,0.04108989218374204,0.0,0.0052734716,0.00043309308
8,300,0,0.017703934039861088,0.0,0.0,0.006520252687163425,0.0023859118,0.03203289337646365,0.03524193636832698,0.0,1.2259870919072566e-17,0.3042535433874132,6.271591710925079e-05,0.01,0.006652524622900386,0.012479310878832943,0.005,0.0023610462,0.00011131972
8,304,0,0.1340798177187324,0.0,0.185,0.07916904858338854,0.020827599,0.06779817032009017,0.03878249072431801,0.0,2.0463863714524337e-15,0.32033697269758393,0.0016050160709316942,0.065,0.10476911629298037,0.0925178619402241,0.135,0.01638926,0.0076166783
8,305,0,0.018105210950822084,0.0,0.01,0.01030767224884902,0.0047671255,0.03338009003168953,0.03559642871343828,0.0,3.486350893459092e-17,0.34017628227383667,6.271591710925079e-05,0.01,0.01079500216802438,0.012663840451126668,0.02,0.0045948145,0.00011371288
8,318,0,0.0013043343890863381,0.0,0.01,0.0007665734300612361,0.0049373014,0.0333775303944088,0.035577887079456534,0.0,2.3641316702876955e-18,0.33313673742890076,6.271591710925079e-05,0.0,0.004252052302255151,0.0009045840915125958,0.01,0.005702213,1.9296929e-06
8,322,0,0.06551048134344564,0.0,0.16,0.05582167335071946,0.06898015,0.061331697103279424,0.04587272704944458,0.0,1.6918004048807748e-10,0.4113986717099203,0.0013218715943426962,0.21,0.08757807615473005,0.05075896333649693,0.13,0.066049084,0.0007050583
8,323,0,0.009640806988537167,0.0,0.03,0.0026397316294496202,0.0033006116,0.03623259946064531,0.03535869897509487,0.0,2.947170742846169e-17,0.28534216963202175,6.271591710925079e-05,0.015,0.01139528756155157,0.006654072113545549,0.015,0.0033836963,6.790896e-05
8,331,0,0.026769755552588877,0.0,0.02,0.0060070079563340675,0.0034898145,0.03477705802606508,0.035422388747038826,0.0,1.737765520212667e-16,0.2957776581317131,6.271591710925079e-05,0.045,0.014066644493697109,0.018831170918446043,0.02,0.0039387583,0.00021252067
8,336,0,0.042871278056948105,0.0,0.07,0.015496822514155252,0.0063133114,0.04266495860939327,0.035859683024976594,0.0,6.853769072781579e-17,0.35163045332118364,6.271591710925079e-05,0.045,0.03367035299321449,0.030208117182944465,0.075,0.0065920474,0.0003124671
8,344,0,0.033316995984117595,0.0,0.015,0.010769193720151924,0.0032600486,0.03407083597889353,0.03540957547007347,0.0,1.214472961638121e-15,0.31085110644994657,6.271591710925079e-05,0.005,0.015586559569060889,0.02395819380030802,0.015,0.003363686,0.0007399852
8,365,0,0.08045363197267916,0.0,0.165,0.11942231529053436,0.04922797,0.06257846608224163,0.04320156718940134,0.0,2.384368670622846e-15,0.41083864875942394,0.00016673994786974965,0.03,0.10352597971170459,0.05597261191124748,0.17,0.049099375,0.0098285135
8,371,0,0.0005696783950438889,0.0,0.0,0.0007740326125498477,0.0021725316,0.03203271364622625,0.035190182436224064,0.0,7.528180203375614e-18,0.28534216963202175,6.271591710925079e-05,0.0,0.0008790606419142746,0.00042640707785404636,0.0,0.002324175,2.2457512e-07
8,374,0,0.0005236755831757186,0.0,0.005,0.002076759393826658,0.0054298523,0.032698442546120254,0.03564719423223333,0.0,1.3505740158665816e-18,0.33240289461452,7.616083818325039e-05,0.0,0.003257571816304682,0.00037039418214730393,0.0,0.005958484,1.5660436e-06
8,377,0,0.1052325392865492,0.0,0.01,0.02022853609916039,0.0023921963,0.033387889358049594,0.035358442553701276,0.2,2.2895275583214077e-16,0.3066021214651252,6.271591710925079e-05,0.07,0.03446331792875503,0.07692965629057348,0.0,0.0024510068,0.0015271184
8,382,0,0.0007887761924429592,0.0,0.005,0.007560932473336742,0.0051750857,0.032698443003747524,0.03561121626115735,0.0,1.4055920413975438e-18,0.3159580716011508,6.271591710925079e-05,0.01,0.004631198601020244,0.0005498333312885868,0.02,0.005927699,9.54902e-07
8,383,0,0.025782978944663158,0.0,0.005,0.008428049599659752,0.0021725316,0.03269874592026536,0.0352094206619431,0.0,1.4197971362816144e-16,0.3096598099201992,6.271591710925079e-05,0.015,0.01034589002609657,0.01813254921967994,0.01,0.0024670253,0.0002636161
8,388,0,0.008164323602129996,0.0,0.05,0.013813603554903787,0.006021501,0.039321970364752726,0.035741326471435374,0.0,2.6125235491239962e-17,0.3554253595705452,6.952549987936783e-05,0.01,0.019499857046951678,0.005607026034512166,0.045,0.0060927463,0.00016723936
8,397,0,0.034915826715582514,0.0,0.03,0.009738815584736105,0.005131669,0.03623593369012844,0.035651723536621514,0.0,2.4162370186563286e-17,0.3360632323976938,6.271591710925079e-05,0.035,0.019946577794293797,0.024573952415591273,0.025,0.0058419793,0.00020852567
9,0,1,0.6289156181281401,0.0,0.555,0.811980388920698,0.26021516,0.8912853364276259,0.1921486811666964,1.0,1.0,0.4400085295729604,0.01596025673086024,0.86,0.5640277925699335,0.565523394226377,0.515,0.22761612,0.98835516
9,3,1,0.9999999659433829,1.0,1.0,0.9962158772382569,0.99856704,0.9851877957967182,0.981641746774952,1.0,1.0,0.7904607784795825,0.9999673500803551,1.0,0.9986957219791487,0.9999999570685799,1.0,0.99770325,1.0
9,9,1,0.999999677948298,1.0,1.0,0.9952429683922609,0.99790394,0.985187371050232,0.98159824972992,1.0,1.0,0.6859143195895665,0.9999447371799186,1.0,0.9982866473505969,0.9999995751378956,1.0,0.99636817,1.0
9,12,1,0.9999969624608243,1.0,1.0,0.9999999316681374,0.999148,0.9851876233447041,0.9816797275336373,1.0,1.0,0.8448966929129079,0.9999673500803551,0.995,0.9997862263341355,0.9999962002161238,1.0,0.99854624,1.0
9,21,1,1.0,1.0,1.0,0.9901758915098764,0.9976962,0.9851877989902553,0.9815846031241834,1.0,1.0,0.6278124324701049,0.9999447371799186,1.0,0.9969680280961657,1.0,1.0,0.99596906,1.0
9,23,1,0.9754303562421124,1.0,0.995,0.9999905872467485,0.9958488,0.9848957857071657,0.9814626690508182,1.0,0.0002605798121975596,0.7104866770919626,0.9998744360828898,1.0,0.9915674295997086,0.9669166708333822,0.99,0.9937084,0.9999986
9,24,1,0.9999929892863337,1.0,1.0,0.999999268758484,0.9986029,0.9851876680546754,0.9816440934710505,1.0,1.0,0.8051258134039566,0.9999676472656939,1.0,0.9996487961939818,0.9999908178189978,1.0,0.997761,1.0
9,31,1,0.9998185568036317,1.0,0.99,0.999999953886692,0.99800044,0.9846017026088101,0.9816045319637687,1.0,1.0,0.8191047364985611,0.999968039774207,0.985,0.996954738418011,0.9997478705891505,0.995,0.99695444,1.0
9,35,1,0.9998024323771696,1.0,0.975,0.9999943215336515,0.99698514,0.9836793811357535,0.9815377621534989,1.0,1.0,0.761764519687259,0.9999384301264562,1.0,0.9929454728433593,0.9997512465348852,0.98,0.9950813,0.99999994
9,42,1,0.9998447681936861,1.0,0.98,0.9999998268793562,0.988086,0.983991751057817,0.9809418114590582,1.0,1.0,0.7150384219899082,0.99960175177673,1.0,0.9919826450641895,0.999785129220072,0.97,0.977896,0.9999733
9,44,1,0.9999997906823809,1.0,1.0,0.9999991936723485,0.9986773,0.9851877798290222,0.9816489702010609,1.0,1.0,0.8154737650172807,0.9999673500803551,1.0,0.9996690744206296,0.999999756386606,1.0,0.9977883,1.0
9,47,1,0.9935839385091606,1.0,0.825,0.9999878409339371,0.9767194,0.9709103344232805,0.9801534181480134,1.0,1.0,0.6299863951472287,0.9997919131405999,0.955,0.9488227897170366,0.9914920145262475,0.855,0.9604648,0.9999991
9,48,1,0.9999915501272653,1.0,0.94,0.9956205217187261,0.9813348,0.9813078785255138,0.9804779491976774,1.0,1.0,0.6669457708758214,0.9991088704609465,0.995,0.9792367193336444,0.9999879765438393,0.965,0.96777064,0.99999803
9,59,1,0.9999775595928191,1.0,1.0,0.9999997855707328,0.9986828,0.9851876584739785,0.9816488810522049,1.0,1.0,0.6670376122666889,0.9999447371799186,1.0,0.9996650355296651,0.9999699685322749,1.0,0.9976191,0.9999997
9,67,1,0.9884021045954051,1.0,0.99,0.9999920418145763,0.9972893,0.9846013376327796,0.9815571945498722,1.0,1.0,0.6858848324383623,0.9998269907620919,0.965,0.9939208615937216,0.9844050304073401,0.995,0.99539787,0.99997205
9,72,1,0.9999995745122355,1.0,1.0,0.9999998150775016,0.99911684,0.9851877926031802,0.9816777263934625,1.0,1.0,0.8493003877236447,0.999968356484216,1.0,0.9997790568920251,0.9999994782627635,1.0,0.9985329,1.0
9,81,1,0.9999523185856969,1.0,0.99,0.9999994381807876,0.99742484,0.9846015566194197,0.9815660923916643,1.0,1.0,0.6324479870624972,0.9999447371799186,0.99,0.9968441494234022,0.9999326873613025,0.995,0.9959194,0.9999998
9,84,1,0.9999999994480135,1.0,1.0,0.9943892026861155,0.9984617,0.9851877926031802,0.9816348448217269,1.0,1.0,0.8057018216564755,0.9999673500803551,1.0,0.9982127313654414,0.999999999406934,1.0,0.99753714,1.0
9,86,1,0.8330429316903644,1.0,0.99,0.8967564618055766,0.9972893,0.9844837726052599,0.9815071226770766,0.8,2.6501987676040517e-08,0.6251907304479322,0.9998269907620919,0.895,0.9292721733652114,0.7776079890288364,1.0,0.99539787,0.9983585
9,93,1,0.9999999978055438,1.0,1.0,0.9999893568515046,0.9983028,0.9851877926031802,0.9816244015909255,1.0,1.0,0.8473352733145799,0.9999673500803551,1.0,0.9995730430004285,0.999999997474762,1.0,0.9974638,1.0
9,95,1,0.9978000741628184,1.0,0.945,0.9999966653986216,0.98797613,0.9816669701172577,0.9809304516619837,1.0,1.0,0.6842784490005424,0.9923132109009778,1.0,0.9826932183462087,0.9969936812300314,0.96,0.9840905,0.99998856
9,113,1,0.9926177870809445,1.0,0.995,0.9999974190509825,0.9957592,0.9848964595871083,0.9814564277469542,1.0,1.0,0.7335463558654575,0.999907489511629,0.995,0.9958435988152007,0.9898099493372284,0.995,0.9936512,0.99999994
9,118,1,0.9995449910780094,1.0,1.0,0.9999999438214954,0.99779594,0.9851877447000311,0.9815911222070061,1.0,1.0,0.8014187350480606,0.999966536549663,1.0,0.9993352185862501,0.9993914540296515,1.0,0.99683654,1.0
9,119,1,0.9564266434673585,1.0,0.97,0.9957240412332095,0.9890872,0.9833436327258798,0.9810082567871725,1.0,1.3443260087206645e-09,0.6817899374846865,0.9995734319683518,0.985,0.9778094771768052,0.9400854941227911,0.95,0.9856991,0.99998325
9,124,1,0.9999290197248747,1.0,0.99,0.9999993155836674,0.9971198,0.9846015433475893,0.9815462305128932,1.0,1.0,0.7537295078456592,0.9999482282879042,1.0,0.9967620299159264,0.9999049559427996,0.99,0.9958305,0.9999987
9,126,1,0.9980181177157407,1.0,0.99,0.9999977310451811,0.9966009,0.9846007071995785,0.9815114197122379,1.0,1.0,0.719294069425546,0.9999482282879042,0.99,0.9961541936708289,0.9974774632716634,0.985,0.99424756,0.99999034
9,128,1,0.9999999995373989,1.0,1.0,0.9901759804425518,0.99838877,0.9851877989902553,0.9816300623494952,1.0,1.0,0.8230662568371911,0.9999673500803551,1.0,0.9971411868055956,0.9999999995300337,1.0,0.9975146,1.0
9,131,1,0.938743957621158,1.0,0.9,0.9939449156904534,0.9845675,0.9781226268556655,0.9806957157496354,1.0,3.385236350546937e-07,0.7017907730286026,0.9998417665225278,0.925,0.954314099078559,0.9162060639334878,0.9,0.9739847,0.99979484
9,132,1,0.9999982188651754,1.0,1.0,0.9970943867718712,0.9980799,0.9851875051819973,0.9816098014446214,1.0,1.0,0.6273469328271847,0.9999447371799186,1.0,0.998793125402563,0.9999978419620326,1.0,0.99658895,1.0
9,136,1,0.9981741528148222,1.0,0.98,0.9999967103274355,0.996567,0.983991585590571,0.9815056019052296,1.0,1.0,0.6095767273137087,0.9999447371799186,0.975,0.9936844685054436,0.9976098558407197,0.98,0.9947836,0.99999523
9,144,1,0.9999797278098691,1.0,1.0,0.9999991805186484,0.9984888,0.9851877478935793,0.9816366100946129,1.0,1.0,0.81254427356056,0.9999673500803551,1.0,0.9996169230412205,0.9999730231587136,1.0,0.9976145,0.9999999
9,145,1,0.999999999909376,1.0,1.0,0.9912183762124505,0.99838877,0.9851877926031802,0.9816300623494952,1.0,1.0,0.8202255775309121,0.9999673500803551,1.0,0.9974017858410645,0.9999999999105944,1.0,0.9975146,1.0
9,148,1,0.9999997937310122,1.0,1.0,0.990181530074863,0.99837047,0.9851877989902553,0.9816288626324994,1.0,1.0,0.6645032560857027,0.9998186194430002,0.985,0.9971379481055902,0.9999997968543752,1.0,0.9971937,1.0
9,164,1,0.30865215830277276,1.0,0.68,0.3679112612759482,0.8807301,0.41021637382756154,0.42362435766765766,0.0,4.952344451393655e-14,0.48300104393818993,0.9992433752842627,0.61,0.5593233780260508,0.23756252675010175,0.715,0.8112323,0.009440561
9,171,1,0.9999986119839795,1.0,0.995,0.9999865289879408,0.9981171,0.9848971041402212,0.9816122423592961,1.0,1.0,0.6857113104262187,0.9999447371799186,0.995,0.9982755575608664,0.9999980548244637,0.99,0.99651414,0.99999994
9,172,1,0.9999244163632358,1.0,0.995,0.9999996178298647,0.996743,0.984897312474829,0.981521845654529,1.0,1.0,0.7377631981497501,0.9999636237056108,0.975,0.9979167643971597,0.9998983731150309,0.985,0.9953762,1.0
9,183,1,0.965011224876052,1.0,0.965,0.9964062289165739,0.9928181,0.9830333930920481,0.9812610389977151,1.0,1.0,0.6699565052868607,0.9996942673643169,0.93,0.9798088927335874,0.9541350770725365,0.965,0.9895858,0.9999987
9,184,1,0.9999969867889748,1.0,1.0,0.9999994859988477,0.9983234,0.9851877830225626,0.9816256379089315,1.0,1.0,0.8210018036052797,0.9999673500803551,1.0,0.9995799634337339,0.999996568043874,0.995,0.99741495,1.0
9,185,1,0.8077701033454064,1.0,0.795,0.8667641881678684,0.9806786,0.9656581261193395,0.978923597789362,0.8,6.322787824646899e-09,0.6157262810797752,0.9995959670493364,0.825,0.8625532273668822,0.7436991759775466,0.8,0.9617072,0.9570322
9,192,1,0.9479600545272233,1.0,0.935,0.9893228713716403,0.9757667,0.9809153318155055,0.9800373050845428,1.0,6.023025073988479e-09,0.6380627369416298,0.9979840958138293,0.96,0.9620124110716168,0.9235611601815318,0.94,0.95200205,0.9994092
9,198,1,0.9999975787897902,1.0,0.995,0.990564160838134,0.9982963,0.9848973905995774,0.9816240004515082,1.0,1.0,0.7467448917333085,0.9999447371799186,1.0,0.9959645150165773,0.9999967146455992,0.995,0.9965321,1.0
9,202,1,0.9941380519679041,1.0,0.985,0.9999988219656566,0.9969023,0.984297980726147,0.9815310789703732,1.0,0.9999368442181535,0.6052945984086681,0.9999447371799186,0.935,0.9940097902349847,0.991779675156151,0.995,0.9943963,0.9999991
9,210,1,0.999999999059419,1.0,1.0,0.9999838779285707,0.9986773,0.9851877702483964,0.9816489702010609,1.0,1.0,0.8204610457373204,0.9999673500803551,1.0,0.9996652975789447,0.9999999989185975,1.0,0.9977883,1.0
9,218,1,0.9355895870498467,1.0,0.975,0.982154587876059,0.99293995,0.9836245842380273,0.9811528360733953,0.6,3.148299948263209e-11,0.7276474851435376,0.999841935182084,0.94,0.9714210309903876,0.9081151787757266,0.985,0.98593247,0.9990999
9,219,1,0.9999737583669794,1.0,1.0,0.9999999655211249,0.9977028,0.9851874189545711,0.9815848132636134,1.0,1.0,0.7504129544841877,0.9999482282879042,1.0,0.999419125318454,0.9999648220252457,0.995,0.9962353,0.99999976
9,223,1,0.9998830160967938,1.0,0.975,0.9999995707800947,0.98881894,0.9836790262819091,0.9809919705527721,1.0,1.0,0.6514138609560406,0.9998859569456231,0.99,0.9909253825943518,0.9998496620018665,0.985,0.9841889,1.0
9,224,1,0.39414878450322655,1.0,0.875,0.31189443184829857,0.9715784,0.5630279711635969,0.5143913800259349,0.4,5.022551059970322e-13,0.5548637560485924,0.9973727211417824,0.585,0.638155408890013,0.31349558523784643,0.89,0.9627679,0.14114994
9,233,1,0.9874533088931757,1.0,0.96,0.9944831421474357,0.9964478,0.9826989273594621,0.9815005529386094,0.8,0.9999999999924647,0.7891952366756263,0.9999547419663062,0.915,0.9845960631576444,0.9825988098269005,0.955,0.99540544,0.99999225
9,236,1,0.9988514584442099,1.0,1.0,0.9999998223616198,0.9980957,0.9851869654540445,0.9816099729200879,1.0,1.0,0.6273469328271847,0.9999447371799186,1.0,0.9992367430024751,0.9984565392861422,1.0,0.9965321,0.9999987
9,244,1,0.9999875130884966,1.0,1.0,0.9999999153282634,0.9986029,0.9851875722474313,0.9816440311910553,1.0,1.0,0.8204610457373204,0.9999673500803551,1.0,0.9996475887869674,0.9999845856941435,1.0,0.997761,1.0
9,250,0,0.046509481328901335,0.0,0.07,0.050417757008674464,0.012105477,0.04197883002501579,0.030089306660108797,0.0,7.227490201994802e-15,0.293871778406609,0.00019271257215687005,0.04,0.044758178845018,0.03137460651061993,0.045,0.014418997,0.0002525344
9,254,0,0.038847976031751545,0.0,0.09,0.016986524533129523,0.007568669,0.044831873979100816,0.029606575656702626,0.0,9.896693696990922e-16,0.35083824531319435,0.0010806488504122142,0.015,0.03835079240115928,0.027001587462514555,0.11,0.008073333,5.6434073e-05
9,261,0,0.020307170417825513,0.0,0.01,0.005550905904474377,0.0048129125,0.03309946537229475,0.02931984942870944,0.0,7.189829564331096e-17,0.3431862414984788,0.00026760641395247775,0.02,0.010167747218030853,0.014636751426531133,0.01,0.004849274,3.4484792e-06
9,262,0,0.04382822451104131,0.0,0.0,0.010482953405520357,0.0051305,0.03186438194560102,0.029352743531840125,0.0,3.2620634890614106e-16,0.34001948984302827,0.00010364650548764316,0.015,0.014860419495896773,0.03070705335810312,0.0,0.005237373,1.4963519e-05
9,264,0,0.1859863957850876,0.0,0.055,0.06279209773556053,0.011305922,0.03947895569837555,0.030000602665083736,0.2,1.0972160700482712e-15,0.4120641271723657,0.00014393160561675954,0.08,0.07877110380791894,0.13779384145117618,0.055,0.008684836,0.00063057826
9,265,0,0.05268231466016358,0.0,0.0,0.048424404758429615,0.0024602942,0.032140951982229625,0.02915564477247822,0.0,4.2621367892679803e-16,0.3091865613892517,0.00014393160561675954,0.015,0.025891753397224583,0.038114480413901405,0.0,0.0022621062,5.0574152e-05
9,267,0,0.02610288173600542,0.0,0.0,0.011382835609600371,0.0022929977,0.03190834693475619,0.029061516577293202,0.0,1.36898793260691e-16,0.29512490946074216,0.00014393160561675954,0.01,0.009944678753758596,0.0181428990996231,0.005,0.0023113636,3.133338e-05
9,273,0,0.4631545948903395,1.0,0.62,0.3514401311775026,0.33119777,0.37982857883670845,0.09827711630746035,0.4,8.291365715987944e-15,0.5176978147233635,0.4080888486415181,0.525,0.4414481236294064,0.3721235184836041,0.555,0.30299646,0.024965702
9,283,0,0.016010273767339992,0.0,0.32,0.0276616091500812,0.1250524,0.10443194587399608,0.04469951200365675,0.0,8.526959383800955e-12,0.4076909355520174,0.001094899905826017,0.09,0.12218107257533499,0.011720059059106707,0.23,0.095063016,0.00014959714
9,287,0,0.05962181070970129,0.0,0.125,0.013064738391277251,0.01858505,0.05116435935845781,0.030779207184995945,0.2,9.595566555881855e-16,0.39074313527732785,0.00014393160561675954,0.115,0.05406789989488904,0.04100705276385814,0.115,0.017708275,4.163134e-05
9,291,0,0.006658318141713423,0.0,0.0,0.0015308505775752017,0.0025440522,0.03185864355015975,0.029086008349029496,0.0,1.3924015957605194e-17,0.3648640709532785,0.00014393160561675954,0.0,0.0026833052299201285,0.004676134066743814,0.0,0.0023660667,6.3832186e-07
9,297,0,0.003363029646352219,0.0,0.0,0.0013596288060498244,0.0036132603,0.03185722977885374,0.02919596727770239,0.0,0.9999999980259986,0.3280533495753834,0.00014393160561675954,0.07,0.002083979698552561,0.0024960732543585487,0.0,0.0031172954,1.090743e-07
9,301,0,0.0007424921387331941,0.0,0.0,0.0003931214859972401,0.0021998608,0.03185626199729184,0.029050666760566026,0.0,1.815010910186108e-18,0.30839476827182033,0.00014393160561675954,0.0,0.0008338685950211501,0.0005443542306712132,0.005,0.0023269765,3.0099574e-09
9,310,0,0.06548876945634026,0.0,0.05,0.0631801571214284,0.0066516967,0.0388693881890444,0.029617263847507846,0.0,1.7329761233356947e-15,0.41996834930481697,0.00014393160561675954,0.05,0.046330155831700054,0.04705920729942848,0.045,0.0057499357,0.00015493656
9,316,0,0.0503067256136556,0.0,0.045,0.01465862982689722,0.003800394,0.03782039591079635,0.029215317271519183,0.0,2.442343883879733e-16,0.3307248223720478,0.00010364650548764316,0.025,0.02844143736351922,0.03598878005913796,0.04,0.0034204568,1.3230897e-05
9,323,0,0.011164374438995928,0.0,0.025,0.002095598940080017,0.0042237365,0.03505130635206217,0.0292589991539559,0.0,4.912938610521326e-17,0.3054390115802531,0.00014079084927877208,0.0,0.010620927461944625,0.007826467110257335,0.005,0.004698372,1.7498787e-06
9,326,0,0.013225485640721145,0.0,0.0,0.0021434441911993953,0.002370254,0.031863206381409305,0.029068255312967126,0.0,3.5469236421989034e-17,0.37320012394086544,0.00014079084927877208,0.005,0.004434795933927962,0.00960476797989677,0.0,0.002595497,1.6623867e-06
9,335,0,0.030410033627452256,0.0,0.005,0.02835980435786045,0.0041443463,0.03255805453168124,0.02927232512600567,0.0,7.519685437997017e-16,0.35433935399367167,0.00014393160561675954,0.0,0.016978546081700862,0.02185378270239664,0.005,0.003348028,2.8260883e-05
9,341,0,0.0214179747874775,0.0,0.045,0.0071083594811733875,0.0077363257,0.03784773200037368,0.029625907482165502,0.0,1.081160920467734e-16,0.34703460101486033,0.00014393160561675954,0.03,0.020315664999572304,0.015354744326402029,0.025,0.0072916555,1.7447763e-05
9,344,0,0.029625052324627508,1.0,0.06,0.011852830346821002,0.004423894,0.040033769939014675,0.029281918874053407,0.0,5.827192607527398e-16,0.3232817712953202,0.014042676416487985,0.015,0.026475444164895244,0.02176806303461929,0.055,0.0047305757,8.325381e-06
9,351,0,0.017207857719404144,1.0,0.095,0.013103968331830322,0.0066089346,0.04571156297556016,0.029506581215592843,0.0,1.8485703419057486e-15,0.3494671067497276,0.014042676416487985,0.045,0.032980190164647816,0.012295173445840574,0.09,0.0064023985,3.0651474e-06
9,354,0,0.0034960682105277187,0.0,0.0,0.0008416660222455188,0.0044247615,0.03185661328455032,0.02927970784323702,0.0,2.9227272869714954e-17,0.27409408089554316,0.00014393160561675954,0.005,0.002190623936970992,0.002497147749400333,0.0,0.004103792,4.8526392e-08
9,365,0,0.06174820518679357,0.0,0.255,0.15572800324689265,0.12627855,0.08371615456914569,0.04498351024488364,0.0,2.5469397912306675e-15,0.4152609485658874,0.0018391139392920114,0.085,0.14968868946661018,0.044165764867656984,0.23,0.12399774,0.00025129932
9,369,0,0.12879678767976557,0.0,0.005,0.07657870146223014,0.003077309,0.03338207821081557,0.029446897896452474,0.2,4.606946541135926e-15,0.3306909782354113,0.00014393160561675954,0.1,0.053363199563747896,0.09473951346854155,0.005,0.00333059,0.00043493792
9,370,0,0.013834848568207537,0.0,0.01,0.0031998592752638857,0.003932851,0.0331037628656001,0.029229055474780483,0.0,5.703969515199027e-17,0.3290926054132764,0.00026760641395247775,0.01,0.007741889686127219,0.00995829220311572,0.01,0.004607004,2.1602302e-06
9,373,0,0.0271389389537407,0.0,0.01,0.005783282321592881,0.002805647,0.03312838946356766,0.02911346641969887,0.0,1.9961800539094573e-16,0.36450445935072256,0.00014393160561675954,0.015,0.011431967062481745,0.018943905153999654,0.015,0.003259683,2.019811e-05
9,378,0,0.003130728018344489,0.0,0.03,0.000800775597974264,0.0023898112,0.035711538249488084,0.02907016728238388,0.0,4.6326451578767246e-17,0.35617817106816635,0.00014393160561675954,0.01,0.009080328707128925,0.0022611429519614644,0.01,0.0023323048,1.6199823e-07
9,385,0,0.0070298980004191115,0.0,0.0,0.0010928482549494526,0.0024809935,0.03185901158476895,0.029079550715702677,0.0,1.5385893761151518e-17,0.32192913298211717,0.00014393160561675954,0.0,0.002650934942096614,0.005122656181539019,0.0,0.002595497,2.6682363e-07
9,392,0,0.026574798048216747,0.0,0.0,0.008018099146079847,0.0027976022,0.0318760828385423,0.02911263788862324,0.0,4.3943501596916975e-17,0.31007703401160847,0.00026760641395247775,0.0,0.009347624851122616,0.019513128858495727,0.0,0.0032569976,6.93657e-06
9,397,0,0.02779065364755708,0.0,0.005,0.005044666941926997,0.0034436681,0.032475983859997754,0.029178513479930043,0.0,5.3402677106609224e-17,0.36664488600501915,0.00014393160561675954,0.01,0.010319747180067326,0.019665844368644894,0.005,0.0035831174,3.306186e-06
9,4,1,0.9993487742858603,1.0,0.995,0.9999999845149531,0.99898297,0.9838503132070405,0.9820437435622591,1.0,1.0,0.8256444691903424,0.9999497052481782,0.99,0.9983329311867527,0.9990982112015407,1.0,0.9982791,0.9999981
9,6,1,0.9999780049951966,1.0,1.0,0.9999934809142047,0.99621564,0.9841689351366987,0.9818564596929935,1.0,1.0,0.6943517328181985,0.9999339200982429,0.97,0.9990467818519918,0.9999674470898486,0.985,0.99388665,0.9999999
9,8,1,0.9999897579703266,1.0,1.0,0.9999999736035127,0.99905354,0.9841634419633127,0.982048483649285,1.0,1.0,0.8252891973309275,0.9999459721630988,1.0,0.9997608173548628,0.9999864705003405,1.0,0.9986671,0.9999998
9,13,1,0.9985846789122071,1.0,1.0,0.9999997429901671,0.9983273,0.9841416405528403,0.9819993690921712,1.0,1.0,0.6858247471573818,0.9999357547705278,0.995,0.9992279341890106,0.998104538056794,1.0,0.99730325,0.99999374
9,14,1,0.9999999995523208,1.0,1.0,0.9999979527481233,0.99880385,0.9841690444665501,0.9820316794787158,1.0,1.0,0.8084456375747717,0.9999459721630988,1.0,0.9997004515722729,0.9999999994355255,0.995,0.99815613,0.99999964
9,27,1,0.9999998328652666,1.0,1.0,0.9999984236794853,0.998841,0.9841677742651033,0.9820341812718194,1.0,1.0,0.8121509252958647,0.9999459721630988,1.0,0.9997098110567736,0.9999998062701505,1.0,0.9982222,0.9999971
9,29,1,0.9997812307808389,1.0,0.99,0.999998805143652,0.99876106,0.9835282716499376,0.9820287883612725,1.0,1.0,0.769623170853132,0.9999245623082104,0.99,0.9971352734445474,0.9997080263009129,0.995,0.99788266,0.9999999
9,38,1,0.999942983740998,1.0,1.0,0.9999981442446184,0.99823016,0.9841508404647134,0.9819920236140578,1.0,1.0,0.7450191339483938,0.9999357547705278,1.0,0.9995428218170752,0.9999324112660224,1.0,0.9970624,0.99994624
9,39,1,0.9999915712742513,1.0,1.0,0.9999999761603533,0.99728537,0.9841459690620709,0.981929044322623,1.0,1.0,0.7388113687180862,0.9998991815186552,1.0,0.9993192283732386,0.99998955574682,1.0,0.99554175,0.99999136
9,50,1,0.999394162318626,1.0,0.995,0.9999993757104912,0.9966828,0.9838434023710844,0.9818881662521516,1.0,1.0,0.6812701769314948,0.9999357547705278,0.995,0.997769090183358,0.9992106750204228,0.995,0.994232,0.9999651
9,53,1,0.999776029142899,1.0,0.905,0.9999938088283955,0.972982,0.9769435438583157,0.9802065921273792,1.0,1.0,0.629712742010644,0.9993094061894953,0.995,0.969437956838748,0.9997173742085339,0.935,0.9585674,0.9999939
9,57,1,0.9974900904654606,1.0,1.0,0.9999945330443271,0.9971215,0.9841490054099403,0.9819179502852521,1.0,1.0,0.6099942089856544,0.9997519110224163,1.0,0.9986515340999124,0.9969136102472296,1.0,0.99586356,0.9999416
9,58,1,0.9999542705380713,1.0,1.0,0.9999973808367512,0.9985915,0.9841620522921191,0.9820158862606814,1.0,1.0,0.7658243601944734,0.9999357547705278,1.0,0.9996357835035338,0.9999471238831643,1.0,0.9979373,0.9999776
9,60,1,0.9902693100925816,1.0,1.0,0.999985350638893,0.99807894,0.9840244925236982,0.9819817692800722,1.0,1.0,0.6364404851086567,0.9997519110224163,1.0,0.9970834007575909,0.9872624143393925,1.0,0.99719393,0.9999099
9,61,1,0.9999930060528136,1.0,0.905,0.9926149018790557,0.99241126,0.97695214727286,0.9815958313273033,1.0,1.0,0.6679610016181721,0.9996502718421174,0.94,0.972504790942089,0.9999958193548352,0.925,0.98834103,0.99721056
9,64,1,0.9982251147349076,1.0,1.0,0.9999999476646257,0.9971162,0.9841672243493251,0.9819176167188897,1.0,0.004564941522502017,0.7128155779835244,0.9999386129540102,1.0,0.9988353176190026,0.9974760651873952,1.0,0.9955136,0.99999815
9,68,1,0.9995986120402117,1.0,1.0,0.999999992326758,0.9989881,0.9841649633870051,0.982044088706816,1.0,1.0,0.7972595628574467,0.9999383928303903,1.0,0.9996466740781544,0.9994688759842543,1.0,0.99836487,0.99999654
9,77,1,0.9999051041062684,1.0,0.995,0.9999999674589939,0.9989291,0.9838483029030829,0.9820397598273007,1.0,1.0,0.8123254669503426,0.9999459721630988,1.0,0.9984585387281457,0.9998753438297884,0.995,0.9982096,0.99999374
9,78,1,0.9971265088059553,1.0,1.0,0.9999987037471288,0.9967129,0.9841102531150461,0.9818900683204619,1.0,1.0,0.6841540412163231,0.9999357547705278,1.0,0.9984595339007527,0.9961806124921073,0.995,0.9939541,0.99999464
9,80,1,0.9999265899113604,1.0,0.99,0.9999999299254209,0.9967152,0.9835244261284958,0.981890348976203,1.0,1.0,0.7270657825891484,0.9999420496649685,1.0,0.9966604269658024,0.9999027003451251,0.995,0.9953264,0.99999785
9,82,1,0.969184039370724,1.0,0.985,0.9934269068360901,0.9940686,0.9828955623785797,0.981708197480478,1.0,1.0,0.6138798750492389,0.9997519110224163,0.995,0.9854198921989814,0.9600103757257129,0.99,0.99083567,0.9998467
9,89,1,0.4146909731713753,1.0,0.81,0.3041338363120305,0.9470691,0.6385405377356167,0.6552877150134131,0.4,1.717748055478682e-15,0.48744706173361707,0.9630791005997805,0.49,0.6189734794923953,0.3277730292689834,0.795,0.93238467,0.06935515
9,96,1,0.9994078266119975,1.0,0.99,0.9999999912546599,0.9989502,0.9835270244601304,0.9820415360883936,1.0,1.0,0.7864884694211104,0.9999026198152499,0.995,0.9970895003145571,0.9991777726157572,0.995,0.9982863,0.99999803
9,100,1,0.9999128161706738,1.0,0.99,0.9999991721243607,0.98727906,0.9835283084289248,0.9812384500805172,1.0,1.0,0.765353265046154,0.9990155212226429,1.0,0.9942977614494453,0.9998850035546137,0.99,0.9795507,0.9999561
9,102,1,0.8552261827861968,1.0,0.805,0.9688319888799944,0.92819196,0.9654934207187048,0.9766009634613713,1.0,2.1827857228126056e-10,0.5675129302728864,0.9992417012586897,0.805,0.889312532881033,0.8102740929952283,0.845,0.8729919,0.9999856
9,108,1,0.941768808381104,1.0,0.815,0.988414217795675,0.98058164,0.9671633491653826,0.9807616265896644,0.6,9.043419940370355e-12,0.6691359563631377,0.9967380918257612,0.85,0.9314411668434959,0.9149445180135279,0.86,0.9711023,0.99976265
9,110,1,0.9399360861362599,1.0,0.985,0.988107764011388,0.99611074,0.9831752082351385,0.9818491729257083,0.6,3.8483728085111634e-10,0.727588959167797,0.9999648404892714,0.915,0.9772886468678522,0.9115791604585957,0.975,0.992546,0.99995714
9,115,1,0.9859894875538434,1.0,0.925,0.9999923614348729,0.9884283,0.9786917219094166,0.9813190651074394,1.0,1.2398960364128553e-09,0.7131576909596145,0.9997799729671845,0.95,0.9748525359118443,0.9802233326792136,0.94,0.9816191,0.9999866
9,116,1,0.9998550791886183,1.0,0.95,0.999998807692448,0.98993826,0.9807014804249561,0.9814243604553932,1.0,1.0,0.7473546099752072,0.9987418377357806,0.995,0.9849480365014556,0.9998111207280685,0.97,0.98567945,0.9999035
9,122,1,0.9999900300612099,1.0,1.0,0.9999927979075397,0.9983273,0.9841686939652818,0.9819995434307871,1.0,1.0,0.6921530294616132,0.9999357547705278,1.0,0.9995775357056045,0.9999880475839587,1.0,0.99730325,0.99999857
9,125,1,0.9940299142858118,1.0,1.0,0.9999940176980263,0.9971565,0.9840935624702885,0.9819198266902948,1.0,1.0,0.6209157355929755,0.9997519110224163,1.0,0.9977951082000458,0.9916133257756089,0.995,0.9956864,0.9999959
9,141,1,0.999998188550107,1.0,1.0,0.9999999757584473,0.9989291,0.9841685556920392,0.982040115137023,1.0,1.0,0.8123254669503426,0.9999459721630988,0.995,0.9997318119139688,0.9999976971413872,1.0,0.9982096,0.9999993
9,151,1,0.9982459645614528,1.0,0.99,0.9999991792376449,0.9966725,0.9834627440334375,0.9818872458367994,1.0,1.0,0.6872022127609153,0.9999357547705278,0.985,0.9962294137249667,0.9975912575576237,0.995,0.99372864,0.9999911
9,155,1,0.999015835249653,1.0,0.975,0.999999244194111,0.997849,0.9825149398870555,0.9819660075041403,1.0,1.0,0.7356687338037012,0.999900980216015,0.995,0.9929660167557774,0.9987300081725885,0.975,0.996405,0.9998124
9,156,1,0.9954987126888692,1.0,1.0,0.9999991988353871,0.9986732,0.9840898209366242,0.9820227779834467,1.0,1.0,0.7395769184307663,0.9998731946047504,1.0,0.998542778032889,0.9939818240057692,1.0,0.99777836,0.9999264
9,157,1,0.9957047641043352,1.0,0.99,0.9999990509062693,0.99713504,0.9835008388073638,0.9819188824593755,1.0,1.0,0.6402813643268488,0.9997519110224163,0.99,0.9957097145387076,0.9943349422500715,0.99,0.9956422,0.99998564
9,165,1,0.9180540339177646,1.0,0.855,0.9773666680729519,0.9493541,0.9695120466880245,0.9780127906623863,0.8,1.0,0.5009635511158638,0.9763218137962482,0.84,0.9249437035347504,0.8908197631031219,0.92,0.93426317,0.9974557
9,174,1,0.9642574128011618,1.0,0.99,0.9967583390147782,0.9945523,0.9831338982017715,0.9817428832498712,1.0,1.0,0.6414539228750191,0.999900980216015,0.96,0.9863920165243509,0.9551085816385158,0.995,0.98876137,0.9985665
9,177,1,0.9956182691095159,1.0,0.955,0.9999957861697443,0.9957048,0.980991530220769,0.9818216093693521,1.0,1.0,0.6912821829471162,0.9998520928974233,1.0,0.9865797212430252,0.9946390458957773,0.985,0.9917276,0.99784905
9,180,1,0.9999984304770344,1.0,1.0,0.9999968233607991,0.9989502,0.9841689930173008,0.9820414472685093,1.0,1.0,0.816660566495186,0.9999383928303903,1.0,0.9997363593073512,0.9999980409108058,1.0,0.9982863,0.99999976
9,187,1,0.9995970752712715,1.0,0.99,0.9999999409834579,0.99686736,0.9835279506662599,0.9819007377415512,1.0,1.0,0.7872098680317375,0.9998730058286596,0.985,0.9966160937348173,0.9994181894046912,0.985,0.99515283,0.99999964
9,189,1,0.9999999894756991,1.0,0.995,0.9999978868732289,0.9989291,0.9838518740563521,0.9820400300113642,1.0,1.0,0.8537901245169757,0.9999459721630988,1.0,0.9984817399240622,0.9999999877375184,1.0,0.9982096,0.9999908
9,199,1,0.9998753098822979,1.0,0.98,0.9999997821237453,0.99601257,0.9828603944964951,0.9818426373378291,1.0,1.0,0.7298944064733897,0.999946165207073,1.0,0.9939719151199647,0.9998204121957807,0.99,0.99338925,0.99999595
9,208,1,0.9794737862583486,1.0,0.965,0.9949363707854799,0.99783164,0.9815703834745425,0.9819640504561244,1.0,1.0,0.712483062313828,0.9999357547705278,0.99,0.9843104499178861,0.9723003299170652,0.965,0.9970715,0.99993503
9,212,1,0.999999967639475,1.0,1.0,0.999990844836993,0.9988267,0.9841679511346048,0.9820332175396908,1.0,1.0,0.8084456375747717,0.9999459721630988,1.0,0.9997043737610161,0.9999999651550379,1.0,0.9982015,0.99999774
9,216,1,0.9719010756600421,0.0,0.895,0.9972203192182484,0.99490273,0.9760026612885359,0.9817669216136021,1.0,1.7550403019503385e-06,0.659088751433001,0.9964049783097707,0.945,0.9647560312165971,0.9598781086273288,0.915,0.9934604,0.9999965
9,232,1,0.9976509188805885,1.0,1.0,0.9999954445911244,0.9986732,0.984158188247049,0.9819678563855184,1.0,1.0,0.7628559132394352,0.9998731946047504,1.0,0.9990798910197533,0.996841474827806,1.0,0.99777836,0.9999099
9,234,1,0.998293460171545,1.0,0.92,0.9999880742952515,0.9808202,0.9782141600147357,0.9807770522718965,1.0,1.0,0.7122678377156858,0.9997232771299029,0.96,0.974775428363098,0.9977807610657491,0.935,0.9656118,0.99999076
9,235,1,0.9999531919547043,1.0,1.0,0.9999999958089438,0.9989881,0.9841687325529517,0.982044088706816,1.0,1.0,0.7972595628574467,0.9999383928303903,0.99,0.999735319927324,0.9999391617714645,0.995,0.9983145,0.9999944
9,249,1,0.9999999999981861,1.0,1.0,0.9931715103686578,0.99880385,0.9841690894845083,0.9820316794787158,1.0,1.0,0.8084456375747717,0.9999459721630988,1.0,0.9979938410888729,0.999999999998189,1.0,0.99809927,1.0
9,255,0,0.006477693066252542,0.0,0.015,0.005782762404837208,0.0054355,0.03554968417607551,0.035147573504664305,0.0,1.1236043586974103e-17,0.3800883789841226,0.00045131671166677786,0.005,0.008173988824849644,0.004426641864526022,0.005,0.0061676386,7.0282413e-06
9,260,0,0.06021995645898165,0.0,0.005,0.01640506739708376,0.0021690775,0.03483837511293999,0.03489949943432327,0.0,1.4104051966212173e-16,0.3507270646813665,0.00020326403818202862,0.025,0.020948525343382544,0.04285687368038936,0.0,0.0021204625,0.0002823583
9,269,0,0.007685837113689419,0.0,0.01,0.0014092543933807195,0.0066595655,0.034831001870154844,0.03530050252331974,0.0,9.167704329663192e-18,0.4199330631728163,0.00045131671166677786,0.0,0.006438664250133652,0.005339961077138583,0.0,0.0070851482,3.3573288e-06
9,272,0,0.013677342100283913,0.0,0.04,0.005515708501487589,0.01255894,0.0391591019371026,0.03607797911057966,0.0,5.4571767830715785e-17,0.3958519229436728,0.0004192766187936553,0.02,0.017937997617123284,0.009423573302166314,0.03,0.013725475,1.6983577e-05
9,277,0,0.007568817660677263,0.0,0.02,0.002806202748977122,0.0045952094,0.03616155459305384,0.03503230327788381,0.0,4.0629092617335766e-17,0.3404901119925435,0.00018883049312293758,0.015,0.008742557447100879,0.0054308505385810045,0.015,0.0047363825,1.1426987e-06
9,278,0,0.011251904244421391,0.0,0.0,0.01348503600583405,0.0042611654,0.03347724256362699,0.03502053619744022,0.0,2.125354243432155e-17,0.3605404799978217,0.0004092306203701925,0.0,0.007249526410477304,0.008120989514572281,0.0,0.004893526,1.6560818e-05
9,289,0,0.008450497919204459,0.0,0.005,0.0012851817158877658,0.0021926758,0.03412564335758697,0.034726760294933094,0.0,2.299801429192325e-18,0.3150935983029334,0.00018791779184378066,0.0,0.004232088867403469,0.006117941342231562,0.005,0.0022004324,4.889565e-06
9,293,0,0.017002669124732164,0.0,0.035,0.008944369577643174,0.00907984,0.038476900926358464,0.03563230084536915,0.0,8.69232437071858e-17,0.40105085166805476,0.00045131671166677786,0.035,0.017506719684155448,0.012406624646227434,0.025,0.0073483265,2.0729503e-05
9,294,0,0.04555917390785913,0.0,0.005,0.02599153875061212,0.0045717955,0.03436979988095116,0.03509590334760619,0.0,2.1325088333661423e-16,0.3497508573925821,0.00018883049312293758,0.005,0.020280627030508314,0.03298572061635133,0.005,0.0048819412,7.349104e-05
9,299,0,0.019968300907482132,0.0,0.01,0.0191319018625606,0.0029682186,0.034884558590147566,0.03486305073085515,0.0,3.243748240953325e-15,0.31799264250564313,0.00020326403818202862,0.0,0.013017105353315253,0.014316007968882546,0.025,0.0028244548,5.993289e-05
9,300,0,0.014570156968008844,0.0,0.01,0.005663167683080281,0.0024861062,0.03484652586483167,0.03479731062705358,0.0,9.640307474005794e-18,0.38916786544435744,0.00023304738326644346,0.005,0.008179857723052752,0.010248543091054918,0.0,0.0025423658,6.6782726e-05
9,303,0,0.004317487280820858,0.0,0.055,0.003774081081842282,0.009373953,0.04142205000061329,0.03566304126021476,0.0,1.1871350758699963e-18,0.4056307059936265,0.00023304738326644346,0.025,0.01811638024932393,0.0030945320444709444,0.045,0.009219357,4.2085967e-06
9,320,0,0.002573306397218962,0.0,0.0,0.006683149178208127,0.0042611654,0.03344622036115854,0.034990619077682195,0.0,3.99346631995871e-17,0.31156667340627886,0.0004092306203701925,0.0,0.0033794052417702165,0.0018927051361493418,0.0,0.004893526,7.5968245e-07
9,329,0,0.006201307540425401,0.0,0.0,0.001959706525673562,0.002806358,0.03345566147446007,0.0348052184027353,0.0,3.590512619354232e-17,0.3749522907245882,0.00023304738326644346,0.02,0.0027418430263695206,0.0043155288705789665,0.0,0.0027736705,7.309934e-06
9,333,0,0.004310583129959731,0.0,0.01,0.0052863607412356375,0.006101745,0.03483078881727132,0.03522829171155859,0.0,1.0655261509637965e-17,0.36577832321075776,0.0004092306203701925,0.015,0.006424672262995257,0.0031996293306647476,0.005,0.0053489665,8.9416903e-07
9,343,0,0.0016691642525312506,0.0,0.0,0.0017441967300815893,0.004808792,0.033442172357502103,0.03505860974302268,0.0,2.1662125876530516e-18,0.33988550469355727,0.00017457377577324127,0.0,0.002055538223926244,0.0011884603574518389,0.0,0.0046400465,2.3967556e-07
9,346,0,0.03294460841218285,0.0,0.12,0.04141522756968291,0.060653035,0.05328558764180731,0.043078852236143675,0.0,3.562593864122618e-11,0.4493728966610848,0.0030327580679150945,0.04,0.06375321764487527,0.025081208373106224,0.125,0.06024256,3.335332e-05
9,349,0,0.0015327217882207987,0.0,0.0,0.0016246287205267486,0.0020033238,0.033451123549471586,0.03469846054388203,0.0,1.1028868655094082e-17,0.3242183904767012,0.00020326403818202862,0.0,0.0012901685652951522,0.001077000945930561,0.005,0.0019478431,4.1194872e-07
9,352,0,0.029644295508995014,0.0,0.0,0.006251126279492237,0.0021566378,0.03354615962501506,0.03474211957629942,0.0,4.389766978008195e-17,0.360961200738205,0.00020326403818202862,0.005,0.009513014907580717,0.02179014727525196,0.0,0.0021047597,2.2706517e-05
9,356,0,0.0003116565563709278,0.0,0.0,0.0004914988918078306,0.0021926758,0.03344089634359481,0.03472177068842765,0.0,2.5687185887660997e-19,0.2900027910708566,0.00020326403818202862,0.0,0.0007489578206751025,0.00022593115706058672,0.0,0.0022004324,8.856687e-09
9,358,0,0.1027732483110119,0.0,0.175,0.07543821779357009,0.25910723,0.06804713284918144,0.09022001080449132,0.0,7.570260648489111e-16,0.489968707623271,0.08912624917409032,0.095,0.15307967454959825,0.07396898756709057,0.16,0.21308519,0.0022531303
9,364,0,0.02870270630253122,0.0,0.03,0.009010405161685121,0.008039756,0.037966483777245534,0.03550770832990152,0.0,2.0667310596357698e-16,0.3744888419534894,0.00020326403818202862,0.015,0.01893821680273464,0.0196512072671404,0.025,0.007197412,5.7787165e-05
9,366,0,0.008193339758750424,0.0,0.035,0.003951022131695364,0.0036880753,0.038514998626804714,0.03492497894482224,0.0,8.421496757915907e-17,0.3589711612481522,0.00023304738326644346,0.02,0.0127081093093295,0.005445973257579002,0.03,0.0037130765,1.6494907e-05
9,368,0,0.0029072050408103065,0.0,0.0,0.001579366926611083,0.002106077,0.033470685183652996,0.034711467039019554,0.0,7.890006598537296e-18,0.3089377788757558,0.00020326403818202862,0.0,0.001648162251293266,0.0020551301521768268,0.0,0.002106469,3.0878425e-07
9,376,0,0.0012403064617196227,0.0,0.01,0.0005268932503125254,0.0035778063,0.03477832789872916,0.034900211253729524,0.0,7.949290913483723e-18,0.32205223095302754,0.00023304738326644346,0.005,0.0038362515001021495,0.0008559581922946254,0.01,0.0035016425,7.304255e-07
9,388,0,0.00806969716012609,0.0,0.03,0.01034155778115736,0.0061881263,0.037708114981322725,0.03529762656576649,0.0,1.9183972872303457e-17,0.35675639598749387,0.00045131671166677786,0.03,0.013649845305546818,0.005563762850842279,0.025,0.006559369,3.619774e-05
9,389,0,0.0010581762565819984,0.0,0.0,0.0007809711145842169,0.002223204,0.03345299772767879,0.03472575618593493,0.0,1.914490746765314e-18,0.31422651801657353,0.00020326403818202862,0.0,0.0010155878152979577,0.0007634723132077733,0.0,0.0022320366,3.212414e-08
9,390,0,0.013836305867941991,0.0,0.005,0.003135662026581604,0.005771293,0.03421673512629072,0.03518983982425569,0.0,2.230766836614579e-17,0.4086312862585206,0.00021649941516625745,0.005,0.006935815183430725,0.0094617471754248,0.0,0.006147699,2.0207588e-05
9,393,0,0.017099241723747455,0.0,0.09,0.006923807468909598,0.012361258,0.04742809964432181,0.03605536276245593,0.0,5.071530090003219e-17,0.3731242907562658,0.0006691233061266426,0.035,0.03159607686525334,0.012115564968684888,0.065,0.010828301,8.806416e-06
9,394,0,0.2415457906195626,0.0,0.03,0.1251274660904652,0.0056544496,0.04053951815652169,0.035601624306030207,0.0,1.3698825544582352e-15,0.3841394858289054,0.00020326403818202862,0.08,0.1005819265711693,0.1815149576476273,0.03,0.0057701105,0.0013439127
9,1,1,0.9926944993361737,1.0,0.95,0.9999919610236242,0.9594066,0.9814208351746879,0.9828598332429831,1.0,1.0,0.6308610994674495,0.9997840606521866,0.94,0.9755232686658467,0.9900779268184052,0.95,0.9315759,0.9999857
9,2,1,0.9999939003108587,1.0,0.995,0.9999999775607304,0.9988366,0.9844485812314312,0.9853545175084049,1.0,1.0,0.824838890633725,0.9999751958292772,1.0,0.9984576137025546,0.9999920931279116,1.0,0.9980914,1.0
9,5,1,0.9998844242159146,1.0,0.96,0.9999999525900796,0.99603647,0.982140276617235,0.9851895983679517,1.0,1.0,0.75357034963738,0.9999434283456141,0.99,0.9889802116855912,0.9998495836758529,0.965,0.99292576,1.0
9,16,1,0.9868365466510617,1.0,0.995,0.9999865866383324,0.9980148,0.9844485649286383,0.9853053270451038,1.0,0.9999999998052882,0.729325598371206,0.9999742315321987,0.995,0.9949594852476262,0.9820774266529865,0.995,0.9968426,0.99971306
9,19,1,0.9996620236455921,1.0,1.0,0.999999800500029,0.99901533,0.9847534133586674,0.9853648431043261,1.0,1.0,0.8437877770656754,0.9999690969746364,1.0,0.9996692888534828,0.999547542039494,1.0,0.9983701,0.99999917
9,20,1,0.9999991742296324,1.0,1.0,0.9999944103639827,0.9989498,0.9847534197539355,0.9853608017061067,1.0,1.0,0.8041623039772455,0.9999751958292772,1.0,0.9997358525893294,0.9999990192853189,1.0,0.99829024,0.99999994
9,22,1,0.9999741489526545,1.0,0.98,0.9999983463299568,0.99779296,0.9834976272358776,0.985293135914631,1.0,1.0,0.6788014145629775,0.9999757749642795,1.0,0.9944413636239671,0.999969135702881,0.975,0.99611926,1.0
9,45,1,0.9999731240700614,1.0,1.0,0.9999999888741476,0.9985135,0.9847534197539355,0.985335380591653,1.0,1.0,0.7193780681718889,0.9999751958292772,1.0,0.999621658177039,0.9999650138963906,1.0,0.997442,1.0
9,51,1,0.9999879439431246,1.0,1.0,0.9999999693614026,0.99890864,0.9847534197539355,0.9853586975806371,1.0,1.0,0.8269648446879472,0.9999751958292772,1.0,0.9997241380646724,0.9999843302635771,1.0,0.9981359,1.0
9,52,1,0.994205951030557,1.0,0.99,0.9999967167216682,0.9969662,0.984137739326047,0.9852403746412873,0.8,3.5471066026444046e-08,0.7248144472258867,0.9999785791120823,0.965,0.9952922127344507,0.9916228804364978,0.98,0.9958573,0.99991804
9,66,1,0.9976208266589278,1.0,1.0,0.9999851934276928,0.99735826,0.9847534165563018,0.9852669472141522,1.0,1.0,0.6280038864983326,0.9999742315321987,1.0,0.9987410706563826,0.9969918358140409,0.995,0.99574775,0.99992377
9,70,1,0.9969524525770264,1.0,0.935,0.9999903661293442,0.96202356,0.9802886585959351,0.9830383327588703,1.0,1.0,0.663042553491985,0.9999298287149653,0.955,0.9734915937347057,0.996169854216649,0.955,0.92582893,0.9999917
9,71,1,0.9999823643231613,1.0,1.0,0.9999990299457245,0.998599,0.9847534197539355,0.9853406006207414,1.0,1.0,0.8015821455812591,0.999956801245671,1.0,0.9996450967733601,0.999977298140297,1.0,0.9977442,0.9999992
9,74,1,0.9999990360289368,1.0,1.0,0.9999971295361806,0.9989498,0.9847534197539355,0.9853611020378183,1.0,1.0,0.8001805983361961,0.9999751958292772,1.0,0.999736497832205,0.9999988239123471,1.0,0.99829024,0.99999994
9,75,1,0.9987153681192276,1.0,0.97,0.9999999378676233,0.9952236,0.982832127232932,0.9851417362367462,1.0,0.021916242287709605,0.7604685714430848,0.9999724615423677,0.995,0.9909847219444438,0.9980731359045997,0.97,0.99320567,0.99999195
9,90,1,0.9999937704784381,1.0,0.98,0.9999998733470168,0.9960247,0.9834976272358776,0.9851891380657544,1.0,1.0,0.705338436609163,0.999962033829162,0.99,0.9940045929117012,0.9999922540068955,0.99,0.9933775,1.0
9,92,1,0.9999987878155286,1.0,1.0,0.9999999851640423,0.99890864,0.9847534197539355,0.9853587216107995,1.0,1.0,0.7874678858105923,0.9999751958292772,1.0,0.9997268529834333,0.9999985068837635,1.0,0.9980744,0.9999999
9,98,1,0.9999997892395276,1.0,1.0,0.995129206555093,0.9984554,0.9847534197539355,0.9853322123883239,1.0,1.0,0.682955764411219,0.9999751958292772,0.995,0.9983961002574777,0.9999997053268543,1.0,0.9972114,1.0
9,103,1,0.9999760686819172,1.0,1.0,0.9999961586415306,0.9989498,0.9847534197539355,0.9853610329620623,1.0,1.0,0.8216080075660438,0.9999751958292772,1.0,0.9997305132717875,0.9999727916179035,1.0,0.9982805,0.9999999
9,106,1,0.9999874016801815,1.0,1.0,0.9999998268422267,0.9984554,0.9847534197539355,0.9853322003518171,1.0,1.0,0.7088853571337674,0.9999751958292772,1.0,0.9996106584394246,0.9999827770497973,1.0,0.9972114,1.0
9,109,1,0.8626881587376382,1.0,1.0,0.9363495964781166,0.9968154,0.984747333461941,0.9852103865259636,1.0,1.9910657358278097e-08,0.6878576700142022,0.9999751958292772,0.96,0.9489632846625126,0.8150914641481282,1.0,0.9947607,0.9984792
9,114,1,0.9979577410672523,1.0,1.0,0.9999814923061058,0.9988366,0.9847528505647338,0.9853542741323905,1.0,1.0,0.7996080899220459,0.9999751958292772,0.985,0.9991939525779968,0.9973925046728594,1.0,0.99802846,0.9999979
9,117,1,0.5038181151062135,1.0,0.83,0.48984592547800493,0.9750518,0.915291099128151,0.8846666223190326,0.4,9.970819820331435e-15,0.5797501831838824,0.9990262746198841,0.415,0.6996789652155966,0.40813934485668907,0.825,0.9627758,0.62081605
9,120,1,0.9561495238267925,1.0,0.96,0.9955159508627224,0.9904124,0.982140276617235,0.9848517721837501,1.0,1.0,0.6258115420175248,0.9999748331813232,0.96,0.9755194721908648,0.9401067859105255,0.98,0.98518234,0.99998355
9,129,1,0.9523410819209506,1.0,0.99,0.9943524870295936,0.99787605,0.9841374866484767,0.9852868169549953,1.0,1.0,0.6931440983442774,0.9999757749642795,0.965,0.9836424042596544,0.9349817491845684,0.995,0.99632263,0.999966
9,134,1,0.9999871216176399,1.0,1.0,0.999999974586778,0.9987999,0.9847534197539355,0.9853523739029708,1.0,1.0,0.7879549524471067,0.9999751958292772,0.995,0.9996967540716275,0.9999823547236816,1.0,0.9980914,1.0
9,138,1,0.9921620225672602,1.0,0.98,0.9999987061492718,0.99742174,0.9834976272358776,0.9852709916576735,1.0,0.0005304732386668753,0.6978537955176948,0.9999551218653361,0.96,0.9923956175505318,0.989389132225968,0.995,0.9963229,0.9999949
9,139,1,0.9998152604155497,1.0,1.0,0.9999999898888843,0.99890864,0.9847534197539355,0.9853583791773171,1.0,1.0,0.8111360332906816,0.9999751958292772,1.0,0.9996809723146491,0.9997591595756122,1.0,0.9980744,0.99999946
9,140,1,0.9992732813802617,1.0,0.85,0.9999984430385259,0.9929832,0.9724776476278723,0.9850082794906565,1.0,1.0,0.6009057364374942,0.9999359839988822,0.96,0.9605637366066347,0.9990698082543082,0.88,0.98824906,1.0
9,146,1,0.999932307099287,1.0,0.915,0.9999910175689737,0.98428357,0.978673127944867,0.9844787423749123,1.0,1.0,0.7166125491071202,0.9998214394865141,1.0,0.9748017227857939,0.9999133956507911,0.945,0.9768847,0.9999998
9,149,1,0.9968791520331548,1.0,0.935,0.9974119634924321,0.9809487,0.9802886956333782,0.9842688204013156,1.0,1.0,0.6957255883424232,0.9990410906126521,1.0,0.9775599505313296,0.9958918397574545,0.935,0.94952404,0.9999838
9,154,1,0.9999999999864988,1.0,1.0,0.9948913531313262,0.9986519,0.9847534197539355,0.9853437161703301,1.0,1.0,0.8381168784620339,0.999956801245671,1.0,0.9983858187167349,0.9999999999862519,1.0,0.9978162,1.0
9,158,1,0.9999150272596494,1.0,0.995,0.9999998236115369,0.9984554,0.9844485812314312,0.9853321010502648,1.0,1.0,0.7266985944132828,0.9999751958292772,1.0,0.9983425640266193,0.9998916253603933,1.0,0.99711955,0.99999636
9,161,1,0.9995531989176382,1.0,0.92,0.9999917114563525,0.99193656,0.9790887719948287,0.9849454036053377,1.0,1.0,0.7526852563161088,0.9992165188560224,0.985,0.9778703687048715,0.9994702342957059,0.96,0.98661256,0.999998
9,166,1,0.8717056122528742,1.0,0.98,0.9459855815904796,0.99315804,0.983157457616418,0.9849533648305732,0.4,0.36960890933049523,0.5575762327748052,0.9999742315321987,0.87,0.9477123090685579,0.8235067063314028,0.98,0.99012965,0.993554
9,167,1,0.5323790843920763,0.0,0.645,0.9382470890272082,0.2765053,0.8188021386766116,0.7665321078963694,0.6,1.0,0.46269435366065464,0.009231978436886586,0.685,0.5980328662203073,0.45283237669853094,0.6,0.23021159,0.8406643
9,168,1,0.9999994706878883,1.0,1.0,0.9999967824593582,0.99901533,0.9847534197539355,0.9853649662075731,1.0,1.0,0.8752957239307576,0.9999723711693431,1.0,0.9997528961038893,0.9999993757600409,1.0,0.9983701,1.0
9,169,1,0.9999891439468437,1.0,1.0,0.9999999836798049,0.9972609,0.9847534197539355,0.9852620979049399,1.0,1.0,0.8129348959927539,0.9999785791120823,1.0,0.9993125139451601,0.9999860901609288,1.0,0.9962202,1.0
9,186,1,0.9842217372589412,0.0,0.675,0.9999816547778361,0.67618734,0.9458738797549878,0.9479100725034368,1.0,1.0,0.4484747954561468,0.10524881004340449,0.84,0.833847682120408,0.9789248761919628,0.72,0.6357198,0.99994034
9,191,1,0.9999997338734885,1.0,1.0,0.999999964834938,0.99890864,0.9847534197539355,0.9853587156032625,1.0,1.0,0.787558364104502,0.9999751958292772,1.0,0.9997270844156473,0.9999996731676446,1.0,0.9980744,0.99999976
9,194,1,0.9998350301022448,1.0,0.955,0.9999999842729896,0.99821633,0.9817841538333532,0.9853181210129212,1.0,1.0,0.7382461966399314,0.9999653781564033,1.0,0.9882628363450827,0.9997911747974795,0.97,0.99708396,0.9999999
9,195,1,0.9999975821165596,1.0,1.0,0.9999954715704614,0.9984068,0.9847534197539355,0.9853293643370302,1.0,1.0,0.7633108609371572,0.9999751958292772,1.0,0.9995999702842049,0.9999969704169036,1.0,0.9972849,1.0
9,196,1,0.999999997270858,1.0,1.0,0.9969154077724012,0.99890864,0.9847534197539355,0.985358724614567,1.0,1.0,0.7960283080064929,0.9999751958292772,1.0,0.9989560109993554,0.9999999967721105,1.0,0.9981359,1.0
9,205,1,0.9745698747868241,1.0,1.0,0.9961271556621304,0.99773324,0.9847533717893606,0.9852823875358702,1.0,1.0,0.7056413817547716,0.9999714570600772,1.0,0.9921075664520366,0.9657140953891304,1.0,0.99616647,0.99998087
9,225,1,0.9999999866592353,1.0,0.995,0.9951450852840663,0.99890864,0.9844485812314312,0.9853587306221003,1.0,1.0,0.8139533146137087,0.9999751958292772,1.0,0.997263427724366,0.9999999854163084,0.995,0.9981359,1.0
9,226,1,0.9999999950179659,1.0,1.0,0.9999853783370521,0.9986519,0.9847534197539355,0.9853437161703301,1.0,1.0,0.8381168784620339,0.999956801245671,1.0,0.9996593237760333,0.9999999941345943,1.0,0.9978162,1.0
9,237,1,0.9998396709193931,1.0,1.0,0.9999999091409099,0.998566,0.9847534197539355,0.9853377293695922,1.0,1.0,0.8018325429547122,0.9999742315321987,1.0,0.999601387977913,0.9998012408938127,1.0,0.99758995,0.99999523
9,238,1,0.999961025892423,1.0,1.0,0.9999846416374776,0.9985135,0.9847534197539355,0.9853355851672404,1.0,1.0,0.7193780681718889,0.9999751958292772,1.0,0.9996147968234618,0.999953556766152,1.0,0.997442,1.0
9,240,1,0.9991395720576328,1.0,1.0,0.9999997891801804,0.9989498,0.9847534165563018,0.985360870782938,1.0,1.0,0.8179006816382215,0.9999751958292772,0.995,0.999522296750379,0.9988691724785265,1.0,0.9982805,0.9999987
9,243,1,0.9893091904383756,1.0,0.775,0.9954257664862819,0.83234364,0.9631442150630349,0.9715936975631452,1.0,1.0,0.6212717367536643,0.9997762827857289,0.91,0.8980196487169814,0.9860509591529083,0.805,0.72652435,0.99998885
9,251,0,0.0012380514578104534,0.0,0.005,0.0012469990807168795,0.0021239745,0.03210119666942807,0.0347953484336139,0.0,1.0192248850808505e-17,0.29514210622202647,5.399094478995027e-05,0.0,0.0024022562587565095,0.0008848806168595406,0.0,0.00223918,3.2658505e-07
9,256,0,0.011142817985272965,0.0,0.03,0.00639691484488467,0.003518573,0.03538737860051761,0.03499145308189981,0.0,5.608396759394624e-16,0.37124548774822985,5.399094478995027e-05,0.015,0.012764576459658832,0.007544062435917271,0.01,0.0037388748,6.605353e-05
9,258,0,0.10688582844948284,0.0,0.015,0.035914019822711966,0.0036340198,0.03352520997556361,0.03523207493138949,0.0,3.337534918961749e-16,0.3937230490114765,5.399094478995027e-05,0.03,0.04035846700675546,0.07529200375884308,0.03,0.003704281,0.002795095
9,259,0,0.04660876440698699,0.0,0.035,0.04599902634228593,0.012684773,0.036083473631270076,0.03637665380475759,0.0,1.366662311763169e-16,0.3888614421688515,0.0002147629223953974,0.03,0.035073140867924,0.033329725248730645,0.04,0.014785879,0.0005708602
9,266,0,0.3194658362540178,0.0,0.065,0.25314644898756666,0.037175544,0.057375485602588754,0.13900348291605105,0.0,1.5347578766189533e-15,0.43290719160001184,0.00028224986725484567,0.13,0.16869695721196643,0.24015451800263116,0.035,0.035270188,0.7219376
9,282,0,0.13027727894093716,0.0,0.01,0.047252647450452906,0.0037082303,0.032780534207116706,0.035296961053103024,0.0,2.846017421224768e-16,0.3210860042869154,5.399094478995027e-05,0.05,0.047809539180732545,0.09495658790181043,0.005,0.0037558742,0.00050811464
9,284,0,0.000826024532873142,0.0,0.0,0.0011518651532590792,0.0072379154,0.03148229221402764,0.03549800153848811,0.0,5.188478598167864e-19,0.31189205312085916,7.002053085468897e-05,0.005,0.00230395127536226,0.0005845878784898563,0.0,0.0070807016,1.9565198e-07
9,286,0,0.017650745971851886,0.0,0.0,0.004999025280867013,0.0034515841,0.03154989401534966,0.03503335382875737,0.0,3.042298592772345e-17,0.3564450832509736,5.399094478995027e-05,0.04,0.006525338848139429,0.012436105297554744,0.01,0.0035122158,6.363296e-05
9,292,0,0.025335500468294733,0.0,0.0,0.010740632230014839,0.002536993,0.03152153964356453,0.03487399959519114,0.0,1.246631264183208e-16,0.35705824981380113,5.399094478995027e-05,0.0,0.00965328142660413,0.018014125543833203,0.0,0.0026530253,9.784465e-05
9,302,0,0.06613032925567638,0.0,0.105,0.012738137623770853,0.016379554,0.047474820338628314,0.03692315769648985,0.0,1.3476948108151488e-16,0.37269582154224007,0.00023733897791426164,0.08,0.0500620051760276,0.04841020602983646,0.075,0.016105035,0.00034890362
9,305,0,0.016856900453284186,0.0,0.015,0.007712106406154619,0.003881393,0.033396611694949514,0.035078560286208635,0.0,3.2977978266895267e-17,0.4004337030648936,5.399094478995027e-05,0.04,0.010862599964980579,0.011852214444870775,0.01,0.004520983,9.860276e-05
9,306,0,0.03604567294463547,0.0,0.025,0.03408396016236356,0.008870588,0.034704978243496366,0.03575689331761312,0.0,2.124464087537808e-17,0.4281428797984807,6.996351553902475e-05,0.035,0.026000055197803285,0.02585807857927453,0.01,0.008586508,0.00045669958
9,324,0,0.2970105745494085,0.0,0.39,0.2953746012833483,0.21700828,0.26302837465012113,0.10951551236356348,0.2,1.9894638655340494e-14,0.4427994849943831,0.0033688784348629617,0.22,0.2998483634016535,0.2263885042341796,0.355,0.209146,0.41540793
9,345,0,0.004969912719068386,0.0,0.02,0.004669874527881083,0.013042758,0.03403090463307729,0.03631307371393403,0.0,9.277914447341772e-18,0.41474518861338555,9.494327044774943e-05,0.03,0.010670636366473385,0.0033645496567697723,0.005,0.011557109,1.1601818e-05
9,347,0,0.0002534831072689076,0.0,0.0,0.000399998012055138,0.0031000623,0.031482285795125894,0.03492840580604551,0.0,9.205543409812051e-19,0.31027856869892145,5.399094478995027e-05,0.0,0.0009383858435350848,0.00018214251722801716,0.0,0.0034123831,1.8506542e-08
9,350,0,0.005632487167401758,0.0,0.015,0.0017044682215442467,0.006314209,0.033376165057944544,0.03537115432839529,0.0,2.045270471342361e-17,0.30286266572783255,5.399094478995027e-05,0.015,0.007162791146415637,0.003875851643556444,0.025,0.0071543837,7.1910204e-06
9,355,0,0.03874564870480154,0.0,0.02,0.01010650566947403,0.006452546,0.03406952741021541,0.03550621673009918,0.0,1.282808267024287e-16,0.342808321053296,5.399094478995027e-05,0.015,0.018826175090895087,0.028076837277950666,0.02,0.0071543837,0.00015894567
9,359,0,0.00566613203809414,0.0,0.01,0.003766847303955998,0.0036196108,0.03273196273691915,0.03499978299417465,0.0,1.383083852421023e-16,0.2652189478735832,5.399094478995027e-05,0.025,0.005763147534915999,0.004237790923630403,0.015,0.003930035,1.3033001e-06
9,360,0,0.0025256403680208477,0.0,0.0,0.002978627894881454,0.0036102212,0.03148240500138992,0.03499822007432962,0.0,5.3092439795912835e-18,0.28666776051590115,5.399094478995027e-05,0.005,0.002278622366579722,0.0017492440211718978,0.0,0.003689926,9.658726e-07
9,361,0,0.10576983377918821,0.0,0.025,0.07630480067729431,0.0044473554,0.03476644314863788,0.03547776634088303,0.0,4.838007581837042e-16,0.3930620887205779,5.399094478995027e-05,0.04,0.05288049746431336,0.07465207822964327,0.03,0.0046099047,0.0049484437
9,362,0,0.01332145655850897,0.0,0.0,0.006060885496070545,0.003518573,0.031489602548134446,0.034992658044178115,0.0,1.0801818137977209e-16,0.37124548774822985,5.399094478995027e-05,0.01,0.005725228765764301,0.00909308589180868,0.005,0.0037388748,5.1589883e-05
9,372,0,0.010473387683814357,0.0,0.0,0.004377957674959895,0.0031000623,0.03150709085965867,0.03494183770733912,0.0,8.185408069989624e-17,0.3564450832509736,5.399094478995027e-05,0.005,0.004487851903397636,0.007552418161564466,0.0,0.0033323173,8.8681845e-06
9,374,0,0.0006137301296802219,0.0,0.0,0.0015171278443011171,0.0070177377,0.031482289756001244,0.035467464172330786,0.0,1.4067525880366472e-18,0.3066475773382034,7.002053085468897e-05,0.0,0.002287148923535754,0.0004377046666628119,0.005,0.0070807016,6.701734e-08
9,380,0,0.034966359560812565,0.0,0.01,0.00763140724492773,0.0038936795,0.03273951951361538,0.035092856078911994,0.0,8.582074101851437e-17,0.40175929360372786,5.399094478995027e-05,0.015,0.014122861569822356,0.02476948844184916,0.02,0.0038137385,0.000114235096
9,381,0,0.0006920259304603814,0.0,0.0,0.000586232649263329,0.0021227116,0.031482294767419046,0.03479516073956693,0.0,1.0233063698575251e-18,0.2672920030193608,5.399094478995027e-05,0.0,0.000850242550702809,0.0004986096744734207,0.0,0.0021425844,5.337466e-08
9,383,0,0.027832826415791934,0.0,0.0,0.013277631239471602,0.0022182707,0.03148446327118512,0.0348105144607629,0.0,1.0789095796075525e-16,0.3406755741886431,5.399094478995027e-05,0.02,0.010832182082402853,0.019582170066560798,0.005,0.0023825432,4.3515534e-05
9,386,0,0.0003895031193233631,0.0,0.0,0.001591540425088013,0.0020834813,0.03148228195508016,0.034789818931490836,0.0,1.2349279518415716e-18,0.2574495747150663,5.399094478995027e-05,0.0,0.0010161312084644325,0.0002793020505922511,0.0,0.0020686707,1.4192382e-08
9,396,0,0.0006348489942324737,0.0,0.0,0.0005924344167547313,0.0074407477,0.031482291441795554,0.035526148909405454,0.0,5.611369451479705e-19,0.35284767929233407,9.494327044774943e-05,0.005,0.0021670077760420608,0.0004442811349988289,0.005,0.007301596,7.358462e-08
9,398,0,0.00610269867316084,0.0,0.0,0.0028591791060495297,0.003949537,0.03148373900290689,0.03504527201135498,0.0,2.2085022163746417e-17,0.3024473859012068,5.399094478995027e-05,0.0,0.0032278536802889807,0.004249070111210936,0.0,0.0042007994,4.226927e-06
9,399,0,0.0018896143972997994,0.0,0.005,0.0018739672705339022,0.0034536351,0.03210119311225272,0.03497677271362762,0.0,3.5712116554475425e-18,0.32692746715594206,5.399094478995027e-05,0.005,0.0030543042032031157,0.0012969094020435564,0.0,0.0035466955,1.7906314e-06
9,10,1,0.9999996297465824,1.0,1.0,0.9999997698612831,0.99898154,0.9829294912850509,0.9816933169981605,1.0,1.0,0.8524700970850577,0.9999411930060809,1.0,0.9997452337606471,0.9999995603990867,1.0,0.9984871,1.0
9,11,1,0.9999996133604434,1.0,1.0,0.9999997635362198,0.99898154,0.9829294912850509,0.9816933169981605,1.0,1.0,0.8320660773936036,0.9999411930060809,0.995,0.9997452280828465,0.999999535003429,1.0,0.9984871,1.0
9,18,1,0.9965218699860453,1.0,0.93,0.9999934513520033,0.98769826,0.9777717307802715,0.9809228141753209,1.0,1.0,0.6407574377534313,0.9961679954610493,0.875,0.9785533945768752,0.9952522987333318,0.925,0.98573697,0.9999974
9,25,1,0.9628247889059166,1.0,0.855,0.9957216935422359,0.96267253,0.9705531466902023,0.979088085397498,1.0,1.0,0.5794619073632137,0.9999035151315134,0.885,0.9440547535132298,0.9493485062226116,0.92,0.93988687,0.99841183
9,33,1,0.9999487743303518,1.0,1.0,0.9999994791825353,0.99854386,0.9829294876510327,0.9816640074983265,1.0,1.0,0.7656115479020895,0.9999412043085223,1.0,0.999623028010256,0.9999337006714447,1.0,0.9977221,0.9999966
9,36,1,0.9996258805487539,1.0,1.0,0.9999999937600077,0.99900514,0.9829294912850509,0.9816948963203411,1.0,1.0,0.8510135155235651,0.9999598017803073,1.0,0.9996577532957038,0.9994919703952012,1.0,0.99852103,0.9999992
9,37,1,0.9998547600223133,1.0,0.99,0.9999997308088987,0.9957,0.9822719031393801,0.9814724408536537,1.0,1.0,0.6993014559741485,0.9999426076379377,1.0,0.9963886231369564,0.9998009128176749,0.995,0.9911418,0.99998283
9,40,1,0.9999864143068599,1.0,1.0,0.999999998312885,0.99898154,0.9829294912850509,0.9816933169981605,1.0,1.0,0.8347622535090532,0.9999411930060809,1.0,0.9997419870136169,0.9999825440977697,1.0,0.9984871,0.99999976
9,41,1,0.9777569918777596,1.0,0.925,0.9999967558787216,0.99293995,0.9773498353413759,0.9812846422570342,1.0,3.552563778833913e-10,0.6529947593843795,0.99926057740889,0.97,0.9739234241980315,0.9689685725328674,0.94,0.98717064,0.9999931
9,43,1,0.9999995334503794,1.0,0.995,0.9999965107593092,0.99888974,0.982603749090104,0.9816871502643606,1.0,1.0,0.7781083622338805,0.9999411930060809,1.0,0.9984714471228644,0.9999994297635008,0.975,0.99817,0.99999994
9,46,1,0.7956413465927645,1.0,0.915,0.9201748686018522,0.992008,0.9760495077893178,0.9812180602075761,0.8,1.1517586889719378e-13,0.6853753699073633,0.999889010371823,0.85,0.9057060465011383,0.7331995519983479,0.915,0.9830377,0.9982364
9,54,1,0.9999910889255775,1.0,1.0,0.9999999958827437,0.9971854,0.9829294912850509,0.9815727439168213,1.0,1.0,0.7524764122897691,0.9998701490413785,1.0,0.9992941234693457,0.9999890473316873,0.995,0.99558973,0.9999996
9,55,1,0.9999991353398308,1.0,1.0,0.9999998505869637,0.99888974,0.9829294912850509,0.9816871739184233,1.0,1.0,0.8068094304294886,0.9999411930060809,1.0,0.9997221825521408,0.9999989124761045,1.0,0.99817,1.0
9,63,1,0.9999696847233056,1.0,0.995,0.999999871647352,0.99888974,0.982603749090104,0.9816871739184233,1.0,1.0,0.7935021887829746,0.9999411930060809,1.0,0.9984648251631066,0.9999602944419066,1.0,0.99817,0.9999941
9,65,1,0.9761494156888755,1.0,0.9,0.9999908012859055,0.98525465,0.9751202933981221,0.980751828966784,1.0,0.0005183648324290252,0.686959796868165,0.9995991928550777,0.88,0.9653487155805941,0.9674369407085304,0.9,0.9751628,0.9999883
9,79,1,0.9989769907892603,1.0,0.975,0.9999998434482746,0.990081,0.9812386330728865,0.9810881467777707,1.0,1.0,0.7187923958104598,0.9998609510881394,0.985,0.991014461621632,0.9986770757549016,0.985,0.9861903,0.9999977
9,85,1,0.9979505816321869,1.0,1.0,0.9999999489500419,0.99888974,0.9829294912850509,0.9816871739184233,1.0,1.0,0.8015473725638296,0.9999411930060809,1.0,0.9992100687159994,0.9971587806685009,1.0,0.99817,0.9999983
9,87,1,0.9999856804841417,1.0,0.985,0.9999999880763256,0.99678266,0.9819338433764446,0.9815456008338797,1.0,1.0,0.8364938875399428,0.9999445270054921,0.99,0.9954420822611953,0.9999814274660708,0.995,0.99574333,1.0
9,88,1,0.9999965195729226,1.0,1.0,0.9999991397373805,0.99890625,0.9829294912850509,0.9816882790241634,1.0,1.0,0.7831310531427995,0.9999400765147177,1.0,0.9997254785196686,0.9999955648150944,1.0,0.99834347,1.0
9,101,1,0.9993138610184806,1.0,1.0,0.9999999659794382,0.9988612,0.9829294912850509,0.9816852627688539,1.0,1.0,0.7722836477404332,0.9999411930060809,0.99,0.9995437551637101,0.9990624003895081,0.995,0.9980627,0.9999918
9,107,1,0.9999957906076805,1.0,1.0,0.9999988888631502,0.99895537,0.9829294912850509,0.9816915660276369,1.0,1.0,0.8396034870637498,0.9999411930060809,1.0,0.9997375121166243,0.9999946707829567,1.0,0.9984475,1.0
9,127,1,0.9999812258302048,1.0,1.0,0.9999983338826399,0.99898154,0.9829294912850509,0.9816933169981605,1.0,1.0,0.8212902909116531,0.9999411930060809,1.0,0.9997402737868919,0.9999772793950249,1.0,0.9984871,0.9998912
9,130,1,0.999999590969909,1.0,0.995,0.9999903204047962,0.99888974,0.982603749090104,0.9816871739184233,1.0,1.0,0.7791394482210076,0.9999411930060809,1.0,0.9984699139141184,0.9999994709562695,1.0,0.99817,0.99999994
9,147,1,0.9999999755538184,1.0,1.0,0.9999992143461549,0.99898154,0.9829294912850509,0.9816933169981605,1.0,1.0,0.8291157737165642,0.9999477759407392,1.0,0.9997451813336741,0.9999999677000019,1.0,0.9984871,1.0
9,150,1,0.7355653413318932,1.0,0.91,0.9502772245449413,0.9849931,0.9759034996531208,0.9805324615127392,1.0,1.0,0.6966832415509672,0.9942947953213654,0.86,0.8952089165107888,0.6667152557533128,0.905,0.97326905,0.966028
9,152,1,0.9964558069974784,1.0,0.93,0.9999999491974999,0.9954947,0.9777717307802715,0.9814585372389174,1.0,7.375132886344983e-08,0.7208082517723039,0.999871694302831,0.885,0.9804876198787464,0.9949324674855343,0.93,0.9907268,0.9999999
9,153,1,0.9999999988848094,1.0,1.0,0.9968379389288055,0.99898154,0.9829294912850509,0.9816918745204817,1.0,1.0,0.8363780196082252,0.9999411930060809,1.0,0.9989548683120845,0.9999999987542814,1.0,0.9984871,0.99999994
9,159,1,0.9999913309128342,1.0,0.98,0.9999999024394435,0.99888974,0.981589457926517,0.9816871739184233,1.0,1.0,0.7781083622338805,0.9999297556958022,1.0,0.9947202444085116,0.9999881370534351,0.99,0.99817,1.0
9,162,1,0.9921368142638327,1.0,0.995,0.9999970473147793,0.99780005,0.982603749090104,0.9816140920542135,0.8,0.0020954371242043125,0.6898078660860452,0.9999297691962892,0.885,0.9962334784361493,0.9885966905553483,0.995,0.9960181,0.99999523
9,163,1,0.999986571292006,1.0,0.995,0.99999999449005,0.9930211,0.982603749090104,0.9812901884703181,1.0,1.0,0.7201400137827844,0.9999518891451828,1.0,0.9970019091848099,0.9999814995304027,0.995,0.9889788,1.0
9,170,1,0.9999972433809189,1.0,0.995,0.9999989878971448,0.99898154,0.982603749090104,0.9816933169981605,1.0,1.0,0.835733274439309,0.9999411930060809,1.0,0.9984944416781967,0.9999967006746401,0.995,0.9984871,1.0
9,175,1,0.9999579646117004,1.0,0.975,0.9999985463815679,0.9970138,0.9812386330728865,0.9815611836755611,1.0,1.0,0.6838191717214727,0.9998962016753637,0.975,0.9929925795725053,0.9999445367698725,0.965,0.9958014,0.9999643
9,178,1,0.9991079668638033,1.0,1.0,0.9999952650691637,0.99766004,0.982929465846908,0.9816040714440771,1.0,1.0,0.7028905700903251,0.9999412043085223,0.995,0.9991908181970937,0.9988608882735129,1.0,0.9959137,0.9997968
9,188,1,0.7624553587566566,1.0,0.96,0.8636870493801904,0.99222386,0.9611504056725152,0.9789891004720792,0.6,0.000782951344299894,0.6323599322919318,0.9999426076379377,0.895,0.8945915667425399,0.6974654582706845,0.97,0.98294306,0.9716605
9,193,1,0.9999999721659033,1.0,0.96,0.9962623093935151,0.9984004,0.9801463567974108,0.9816543070332208,1.0,1.0,0.7201776736414575,0.9999647419934445,0.995,0.9886656679268953,0.9999999660206931,0.985,0.9976502,1.0
9,200,1,0.9766701031287537,1.0,0.945,0.9999823762159179,0.9955243,0.9789895517248457,0.9814604684247002,1.0,1.0,0.6746476115934302,0.9999426076379377,0.995,0.9792941916421218,0.9687462289908937,0.97,0.9919674,0.99940526
9,201,1,0.9997007861924515,1.0,1.0,0.9999999799432937,0.99854386,0.9829294912850509,0.9816640035510907,1.0,1.0,0.7561242291333888,0.9999412043085223,1.0,0.9995611561659705,0.9996027010105786,1.0,0.9977221,0.99999434
9,203,1,0.9995660076225222,1.0,1.0,0.9999999649011102,0.9954608,0.9829294876510327,0.9814562271965933,1.0,1.0,0.696531368107561,0.9999426076379377,1.0,0.9987566952001907,0.9994163561311622,0.99,0.99086434,0.9999523
9,207,1,0.999190299731468,1.0,0.995,0.9999999590696593,0.9974782,0.982603749090104,0.9815924509834968,1.0,1.0,0.775184754317916,0.9999507127513675,0.995,0.9979171114713313,0.9989288053217906,1.0,0.9962741,0.99999744
9,209,1,0.7297746284462667,1.0,0.935,0.8417025212648814,0.98414963,0.9505984797981135,0.9796484946408769,0.6,3.4728422643122564e-08,0.6269741552045104,0.9999011560261135,0.77,0.8726566961373131,0.6552515899798161,0.885,0.9692104,0.861015
9,217,1,0.9986287011958287,1.0,1.0,0.9999999072994002,0.9968777,0.9829294912850509,0.9815520075158635,1.0,0.9913676192520121,0.7553129785411757,0.9999425966052464,0.995,0.9988765696958287,0.9981007392079926,1.0,0.9926041,0.99999857
9,220,1,0.9931269575690665,1.0,1.0,0.9999998550998598,0.9972511,0.9829294912850509,0.981577166968829,1.0,0.005382783865745978,0.7374556940257601,0.9999507127513675,1.0,0.9975944765141325,0.9905030536927091,0.995,0.99549484,0.99998915
9,222,1,0.961503839298638,1.0,1.0,0.995598583241256,0.9983551,0.9829289243690325,0.9816449443959083,1.0,1.0,0.6890736108652922,0.9999172045274994,1.0,0.9888643782895069,0.9501107258039947,1.0,0.99750596,0.99950665
9,227,1,0.9989795178920265,1.0,0.995,0.9999999172885379,0.9974782,0.982603749090104,0.9815924509834968,1.0,1.0,0.775184754317916,0.9999507127513675,0.995,0.9978644055661906,0.9986082215615703,1.0,0.9962741,0.9999857
9,229,1,0.999999543718603,1.0,0.995,0.9999896094773192,0.99888974,0.982603749090104,0.9816871739184233,1.0,1.0,0.77228519654109,0.999951696238139,1.0,0.9984697243694227,0.9999994330930183,1.0,0.99817,0.9999915
9,230,1,0.9998968625020771,1.0,0.995,0.9999999914920982,0.99890447,0.982603749090104,0.9816881593407812,1.0,1.0,0.8128991668313527,0.9999683921656515,1.0,0.9984503301558009,0.9998659283595351,1.0,0.99842215,0.9999994
9,231,1,0.9949501027380954,1.0,1.0,0.9999993181297065,0.9985065,0.9829294876510327,0.9816615027022347,1.0,1.0,0.7444097685388382,0.9999412043085223,1.0,0.9983639768209163,0.9931426934107088,1.0,0.9976622,0.99998164
9,239,1,0.9955993644015276,1.0,1.0,0.9999996386942033,0.99888974,0.9829294912850509,0.9816871739184233,1.0,1.0,0.7966662062317338,0.9999411930060809,0.995,0.9986221868443749,0.993920066410655,0.995,0.99817,0.9999934
9,241,1,0.9941597076484835,1.0,0.985,0.9999968502147466,0.9970409,0.9819338433764446,0.9815630111408232,1.0,0.010445257113696978,0.7333796150521033,0.9999425966052464,0.925,0.9940493713183389,0.9918320128125668,0.995,0.9932943,0.9999655
9,245,1,0.9999981846638343,1.0,1.0,0.9999998209969186,0.99854386,0.9829294912850509,0.9816640074983265,1.0,1.0,0.73031308132681,0.9999412043085223,1.0,0.9996354660472225,0.999997441732672,1.0,0.9976502,0.9999999
9,257,0,0.06582157271382728,0.0,0.005,0.0403724472581724,0.0070032775,0.03205209505346537,0.032603642887541216,0.0,9.351057576564611e-17,0.3449552650047585,0.00023122009940006408,0.015,0.029549324378051647,0.04756788308888632,0.0,0.007101762,0.00031705678
9,263,0,0.044727863465024414,0.0,0.03,0.012234451481198342,0.011600073,0.035172962595653764,0.03315104403149605,0.0,7.138549556911332e-17,0.3789928238230717,0.0004106457498704259,0.01,0.024640597093296163,0.03241835867958847,0.015,0.0133708585,0.00015855274
9,271,0,0.04599528010592264,0.0,0.035,0.012316810852869006,0.0050503546,0.035835707895920756,0.032389875542664384,0.0,2.2169613523429082e-16,0.3122468097273376,0.00013201264527324725,0.01,0.02459061139899931,0.03178197471362611,0.025,0.0062357755,0.00014549476
9,275,0,0.046887283010090694,0.0,0.105,0.027665334624584235,0.030933548,0.04638703764883226,0.0355427356009853,0.0,1.0064563836263398e-16,0.4198745816376555,0.0012018412046975915,0.05,0.05262154134992287,0.03375733362571676,0.1,0.03728267,0.00020496074
9,276,0,0.011978210475661458,0.0,0.2,0.013709514571521766,0.061167307,0.06550763683373448,0.03958777728818085,0.0,4.791018086735913e-11,0.40521465239939186,0.0009426859741452785,0.06,0.07171375806130771,0.0086290425556941,0.165,0.06724351,3.3914077e-06
9,279,0,0.001398650894565548,0.0,0.005,0.00046418109647624256,0.004064584,0.03204773451545855,0.032248709982374106,0.0,8.015404161146445e-19,0.312529497206697,0.0001231899584075063,0.01,0.002731854035488042,0.0009884703863284488,0.005,0.0032303082,1.06553486e-07
9,281,0,0.0012643249125915597,0.0,0.0,0.0008245183721511668,0.0033467647,0.031456428381317424,0.032165425647000166,0.0,5.9497978518374204e-18,0.2726965565988581,8.781212609011833e-05,0.0,0.0013589020000327858,0.0009003668955729676,0.005,0.003613868,7.4761104e-08
9,290,0,0.011268937588137327,0.0,0.0,0.0022170264749308746,0.0025198238,0.03145644681955919,0.0320703712333656,0.0,1.3013572815597541e-17,0.30458242844207056,0.00010497839351967343,0.0,0.004001446976670367,0.008057774446884757,0.0,0.002547417,8.115187e-06
9,296,0,0.004210737086833821,0.0,0.0,0.0023784741158697537,0.0019769245,0.03145643172675068,0.03200718097547687,0.0,2.7973943513355973e-18,0.2767396729276337,7.835016901147061e-05,0.0,0.0021415339213591467,0.0030728745149214286,0.0,0.0019139671,2.4246522e-06
9,304,0,0.16887700985521029,0.0,0.145,0.09427748205867946,0.048117418,0.05374852949070961,0.03819454501982813,0.0,1.1935542271426877e-15,0.3660821853075367,0.02703102705683339,0.08,0.11406797743900987,0.12158850929250033,0.115,0.026502816,0.0004916642
9,311,0,0.00388928701699357,0.0,0.005,0.0012906804820036286,0.004741895,0.03204773480596075,0.032327512985086536,0.0,1.114825121425177e-17,0.3342353295771629,0.00016080559059170296,0.0,0.0037304656278886765,0.002718083998503825,0.005,0.0041746707,5.580599e-07
9,313,0,0.01674552587715789,0.0,0.0,0.004552859367236744,0.0026310657,0.03145774258823626,0.032088733523140796,0.0,1.9105377081796778e-17,0.36433172414817505,0.00010497839351967343,0.01,0.005982362728233211,0.012013075488977941,0.0,0.0026021851,0.00012386224
9,314,0,0.005363948218969855,0.0,0.005,0.0008830155066457219,0.0036983043,0.03204776077647049,0.03220636979309824,0.0,2.340030343466733e-17,0.2703968807832714,0.00013278197517087916,0.0,0.003736317005288858,0.003787098023181417,0.005,0.0039294846,2.834355e-06
9,318,0,0.0013619094081079618,0.0,0.005,0.0005048401732835459,0.007946789,0.032047735189769964,0.03270297093767267,0.0,2.221385200515312e-18,0.35608933133304177,0.0002040518128841823,0.005,0.0037033847115176158,0.0009646856644572458,0.005,0.009523039,4.304621e-07
9,319,0,0.5044062118398753,1.0,0.755,0.5690670687282288,0.92900586,0.9566608385554809,0.9760614596868809,0.6,8.084285920232706e-15,0.5487877690634232,0.9613538431419758,0.54,0.6893697854626132,0.411996482304462,0.72,0.9056066,0.9943007
9,322,0,0.04814916245569506,0.0,0.1,0.047254715473200676,0.046925906,0.04554219671410567,0.03763048426646505,0.0,1.7485647084352689e-10,0.39905401990525485,0.0008338598472888458,0.125,0.060582446005206056,0.03601798168681558,0.125,0.050056305,0.00039234947
9,325,0,0.02686888830017408,0.0,0.0,0.02600480393710311,0.003500881,0.03145645494411712,0.03218709862320973,0.0,7.773272983249046e-17,0.31281815169253446,0.0001287337636889301,0.01,0.014093643285908888,0.019417661420540553,0.0,0.0037605034,6.585459e-06
9,330,0,0.6741770554891847,1.0,0.69,0.7371575519158121,0.89182824,0.9423960139448984,0.9726538990717152,0.8,6.742440469025975e-15,0.5333584209828591,0.9656284246130806,0.395,0.7482907115922693,0.5866353834842754,0.64,0.86902267,0.95054793
9,331,0,0.02351634541643189,0.0,0.02,0.005196834072028351,0.0038035004,0.033886968651587177,0.032221127413287566,0.0,9.660285732337133e-17,0.290190077436324,0.00013278197517087916,0.02,0.013129169982107981,0.016472535861193287,0.025,0.0040934393,1.7302726e-05
9,334,0,0.03703240282894206,0.0,0.315,0.01867528473499313,0.11801407,0.09837186960111231,0.04852105515987881,0.0,3.580987746140151e-10,0.4059306525022486,0.002393060032901791,0.105,0.12218043874383948,0.026431128006879093,0.29,0.12287764,7.934175e-05
9,336,0,0.04243806729721596,0.0,0.07,0.014906284290594467,0.009258757,0.0407893016385947,0.03286332139527117,0.0,4.2469516103120093e-17,0.4340996944369642,0.00036351552036859795,0.035,0.03415077723329721,0.030484470665096637,0.045,0.010630898,0.00025373293
9,342,0,0.009632626375965542,0.0,0.01,0.008658451255144405,0.005616453,0.0326497906839675,0.03243014570114349,0.0,9.558732831235935e-18,0.356596156543293,0.00023122009940006408,0.015,0.008476882660424708,0.00700962819850069,0.01,0.0063584535,6.63409e-06
9,348,0,0.01779865769126449,0.0,0.0,0.01309912123595639,0.00419788,0.03145645104799502,0.03226560074381925,0.0,1.2042370933979653e-16,0.30734366140559094,0.00010497839351967343,0.0,0.008773914771821096,0.012581701822352066,0.005,0.0033028568,4.288119e-06
9,371,0,0.00039782300521205567,0.0,0.0,0.0005568474807062253,0.0019420221,0.03145642817427627,0.03200295265658687,0.0,9.022838033030864e-18,0.2609622578044615,7.835016901147061e-05,0.005,0.0007241731518574201,0.0002897486035491596,0.0,0.0019188784,6.883664e-08
9,375,0,0.029616840548951147,0.0,0.0,0.006927952883439591,0.0019853257,0.031457046279506566,0.03201379159747031,0.0,2.687312645715464e-17,0.2870553411516657,7.835016901147061e-05,0.005,0.009632529785809679,0.021218742352354658,0.0,0.0018784648,3.5120487e-05
9,377,0,0.09814237975844017,0.0,0.005,0.020711956270681554,0.0025989767,0.03204942564279073,0.03209014395663012,0.0,1.3309133759469212e-16,0.3334230074224864,0.00010497839351967343,0.07,0.03161332818638023,0.0712254303364001,0.005,0.0027204575,0.00025061434
9,379,0,0.0024342143529185872,0.0,0.0,0.0014501700872738064,0.005636072,0.0314564283574312,0.03243205182196601,0.0,7.103684659928701e-18,0.29854414700957826,0.00012978301853656447,0.0,0.00238011405661921,0.0017271119444259167,0.0,0.006164877,1.9954113e-07
9,384,0,0.02504427382932367,0.0,0.065,0.029695891326165055,0.009652523,0.04005932750470861,0.032922071152769065,0.0,7.16338179558111e-16,0.3763070431060423,0.0002765889476502289,0.05,0.03234817211984557,0.017863197504368288,0.065,0.009645023,0.0004977368
9,387,0,0.004473163789361682,0.0,0.005,0.0015537966361756357,0.012825802,0.032047739288051505,0.03328386760203668,0.0,7.266609458814608e-18,0.4115434104922935,0.0002040518128841823,0.005,0.005963190598527961,0.003115176494205689,0.005,0.011555508,1.5723139e-06
9,395,0,0.015379784188108097,0.0,0.0,0.004361552715848809,0.0019853257,0.03145648911308425,0.03200901000833542,0.0,2.880565870040298e-16,0.2775418075050579,7.835016901147061e-05,0.005,0.00543166565370122,0.011156013965150228,0.0,0.0019188784,1.723961e-05
9,7,1,0.9991336982629961,0.0,0.9,0.9999929295083366,0.9915114,0.975863733890589,0.982109611967503,1.0,1.0,0.7604073188938931,0.9998285316751717,0.92,0.9726595080714114,0.9989632869869621,0.92,0.9904909,0.9999702
9,15,1,0.999999866050798,1.0,0.995,0.9999915190544645,0.9965765,0.9834674602284958,0.982459717874878,1.0,1.0,0.8044419518556096,0.9999574379243547,1.0,0.9978919682808246,0.9999998542678349,0.99,0.99505085,0.99998003
9,17,1,0.9916805231913236,1.0,1.0,0.9999902355213041,0.9972658,0.9837946120304608,0.9825068350498319,1.0,1.0,0.6871500251873033,0.9999370153358322,1.0,0.9972341436118728,0.9892986220810583,1.0,0.9960477,0.99872893
9,26,1,0.9980908913818186,1.0,0.985,0.9999972902351848,0.99557835,0.9827932533696149,0.9823912440439931,1.0,1.0,0.7046703619532915,0.999953326417481,0.985,0.9946666325634077,0.9973207347394591,0.995,0.99264354,0.9969166
9,28,1,0.9710553508954353,1.0,0.995,0.9957091424079709,0.9979442,0.9834419004410564,0.982552202524658,1.0,1.0,0.6740435934611525,0.9999047185633131,0.995,0.9899271673751145,0.9623223128195783,0.995,0.99731463,0.9922797
9,30,1,0.9965102924282623,1.0,1.0,0.9999947904790369,0.99790406,0.9837943572947194,0.9825503632338302,1.0,1.0,0.6696146866959274,0.9998903761479379,1.0,0.9986022862946043,0.9956135368011341,1.0,0.9966498,0.9993334
9,32,1,0.9999840983345037,1.0,1.0,0.9999999838051343,0.9986405,0.9837943010538303,0.9826004463250361,1.0,1.0,0.7819130934307521,0.9999481253619736,1.0,0.999656139949239,0.9999789722217252,1.0,0.9978551,0.99965507
9,34,1,0.997972325717457,1.0,1.0,0.9999995422670596,0.9989556,0.9837945756398818,0.9826218349132476,1.0,1.0,0.7909688602943907,0.9999379221612675,1.0,0.9992318688496905,0.9974478417768665,1.0,0.9982089,0.99808896
9,49,1,0.9999993808115101,1.0,0.99,0.9914915442491457,0.99906915,0.9831337449079759,0.9826295352701966,1.0,1.0,0.8507135151439762,0.9999629068868326,1.0,0.9951400198307996,0.999999087786747,1.0,0.9984566,0.99893856
9,56,1,0.9999999753050149,1.0,1.0,0.9963719204398601,0.9985719,0.9837946682702886,0.9825957865216722,1.0,1.0,0.8172863724214623,0.9999637286933842,1.0,0.9987359421140142,0.9999999724794887,1.0,0.9977477,0.9999687
9,62,1,0.9997509332180877,0.0,0.835,0.9999997340728047,0.97057444,0.9687931269916065,0.9805882067351376,1.0,1.0,0.6657317655478298,0.9704191997966157,0.995,0.9513312764657056,0.9996799154136498,0.865,0.92879766,0.9991567
9,69,1,0.6068663694330807,1.0,0.695,0.974168974516873,0.8629073,0.9461303307588719,0.9705318198418632,1.0,1.0,0.480900091338558,0.9981624981081538,0.63,0.7847356586021582,0.547428146463168,0.745,0.8054115,0.99568665
9,73,1,0.9999999438702214,1.0,1.0,0.999986374960744,0.9983322,0.9837946715785079,0.9825794979499298,1.0,1.0,0.8291995791577083,0.9999524249783897,1.0,0.9995796303163763,0.9999999328895578,0.995,0.99730957,0.9999969
9,76,1,0.999999977921092,1.0,0.995,0.9999887856199637,0.9982973,0.9834674602284958,0.9825771228868797,1.0,1.0,0.8081025207276739,0.9999481253619736,1.0,0.9983215094134393,0.9999999758454176,0.995,0.99705577,0.9999914
9,83,1,0.9968074257227726,1.0,0.98,0.9999972068290366,0.9929531,0.9824456135770996,0.982209944059212,1.0,1.0,0.7269686808349801,0.9996121400894704,1.0,0.9924394385534873,0.9956349249772456,0.975,0.98789304,0.9988006
9,91,1,0.9984488804186801,1.0,0.715,0.9928795553956499,0.9615687,0.9501493568776321,0.9798924734729015,1.0,1.0,0.6704540736558336,0.8434962602639303,0.82,0.9169742872506254,0.9980902474090785,0.705,0.9484559,0.99874187
9,94,1,0.9979314301604912,1.0,0.985,0.9999995808437064,0.99732167,0.9827926182152168,0.9825106510948287,1.0,9.891421578175781e-06,0.7242374209749634,0.9999457143240675,0.985,0.9950631690728039,0.9969677032363751,1.0,0.99487287,0.9984981
9,97,1,0.9998914393007599,1.0,1.0,0.9999999660506261,0.9985323,0.9837945888728289,0.9825930873775031,1.0,1.0,0.7795841055665232,0.9999605124016009,1.0,0.9996059251446092,0.9998494707564427,1.0,0.9976356,0.9996911
9,99,1,0.9998340207723231,1.0,0.73,0.9862798144707986,0.79258347,0.9529624695874904,0.9614038353316829,1.0,1.0,0.5685378565163068,0.6206619797923504,0.985,0.8771743252048234,0.9997924721829133,0.805,0.70489407,0.9999989
9,104,1,0.9878405919284602,1.0,1.0,0.9971294878010081,0.9983211,0.9837945888728289,0.9825787406572289,1.0,1.0,0.7011565931884455,0.9998651449262617,1.0,0.99582279892502,0.9844254395036226,1.0,0.9973986,0.99779254
9,105,1,0.7161839594324417,1.0,0.745,0.9358482755063715,0.8920911,0.9555916360382835,0.9736737114531815,0.4,1.0,0.6272418232353709,0.991454701949398,0.685,0.8222808325965884,0.6478950975609099,0.78,0.8405609,0.9761747
9,111,1,0.9999999627426327,1.0,1.0,0.999999431675262,0.9986405,0.9837945657151644,0.9826004463250361,1.0,1.0,0.8081539809401213,0.9999481253619736,1.0,0.9996599680188032,0.9999999564431991,1.0,0.9978551,0.9999846
9,112,1,0.9998822556725894,1.0,0.975,0.9999991218745541,0.9982352,0.9820918628264426,0.9825725629852952,1.0,1.0,0.8093414185939374,0.999959740864435,0.995,0.9932791508061585,0.9998503214106422,0.99,0.9972951,0.9995648
9,121,1,0.9855404839086811,1.0,0.815,0.996267952336713,0.90355605,0.9662386837632212,0.974816210556594,1.0,1.0,0.6463387729993082,0.9988156421425893,0.925,0.9250911212788702,0.9817448195643277,0.81,0.8632761,0.9923639
9,123,1,0.9981447207968869,1.0,0.915,0.9963815789487489,0.9745224,0.9772582685900376,0.9808843613810602,1.0,1.0,0.6834368909666186,0.9995594607026058,0.94,0.9710121778922272,0.997522663192798,0.92,0.9607018,0.99676394
9,133,1,0.9987955906558502,0.0,0.925,0.9904880385388195,0.9979766,0.9781450516584171,0.9825553028304894,1.0,1.0,0.7511759640640682,0.9882051365030254,0.95,0.9780650575796199,0.9987107924575536,0.925,0.99712545,0.9996622
9,135,1,0.9354807478789834,1.0,0.895,0.9902095651925424,0.9402765,0.975332729736248,0.97815144999225,0.6,1.0,0.5746977493613019,0.9998778791055836,0.85,0.9402417041586133,0.9139354933479225,0.88,0.9232388,0.98845375
9,137,1,0.9999905768299515,1.0,1.0,0.9999999840903151,0.99875367,0.9837946550374052,0.982608131714491,1.0,1.0,0.8049799748541001,0.99996045061547,1.0,0.9996860569495033,0.9999880657594626,1.0,0.9979584,0.99986446
9,142,1,0.9581823015170988,1.0,1.0,0.9962940496420772,0.99657565,0.98379268652763,0.9824596467899792,1.0,1.0,0.6045314503373878,0.9998562158798887,0.975,0.9877630011780463,0.9469132688441982,1.0,0.9960133,0.9913885
9,143,1,0.9999894271199838,1.0,0.99,0.994156551499952,0.9983133,0.9831335040481962,0.9825782131856872,1.0,1.0,0.7742497496294982,0.9999131851420455,1.0,0.9956148215955205,0.9999881616446402,0.995,0.9973738,0.9999754
9,160,1,0.9994248010784945,1.0,0.965,0.9999834585441165,0.9951407,0.9813633993930648,0.9823611542590188,1.0,1.0,0.6432974463765326,0.9999646116415337,0.98,0.9898872328381632,0.9992151229275829,0.95,0.9941485,0.9875633
9,173,1,0.9924164573004794,1.0,0.92,0.9931452367902951,0.97712076,0.9777051383514536,0.9810719180304562,1.0,1.0,0.7009275517461324,0.9998704234374672,0.96,0.9706706127984353,0.9894793382550435,0.92,0.9681875,0.9880045
9,176,1,0.9999997283526513,1.0,0.995,0.9999998102191819,0.9980755,0.9834674602284958,0.9825620342179849,1.0,1.0,0.7679149447183963,0.9999482064022672,1.0,0.9982687559503314,0.9999996328951464,1.0,0.99705815,0.99998516
9,179,1,0.9993233961761113,1.0,1.0,0.9999999860503176,0.99885356,0.9837946715785079,0.9826149118366748,1.0,1.0,0.8044110181468188,0.9999513470736732,1.0,0.9995442366222048,0.9991280731363773,1.0,0.9981864,0.9997849
9,181,1,0.9952203920832872,1.0,0.945,0.9892969968584353,0.9962573,0.9798115647510308,0.982004566497794,1.0,1.0,0.6615526084317978,0.9999530440495291,0.865,0.9814436735217466,0.9925408148876208,0.965,0.9952003,0.977195
9,182,1,0.6543175891210457,1.0,0.41,0.7799961561231462,0.18803526,0.8129655845430811,0.4985787548336548,0.6,1.7915937634876655e-14,0.42803716137698533,0.15653625016684375,0.38,0.508087252463859,0.565763248095096,0.44,0.18266314,0.8201713
9,190,1,0.9999991397593132,1.0,0.89,0.9942680245026365,0.98855245,0.9748878075201393,0.9819016279009835,1.0,1.0,0.7546016425851192,0.9998071389316601,0.975,0.9682049038489194,0.9999988667136825,0.94,0.98854315,0.99975264
9,197,1,0.9999975290760804,1.0,0.99,0.9999971887591872,0.9964091,0.9831337552304623,0.9824482572624984,1.0,1.0,0.6620863812951027,0.9999383143739857,0.995,0.9966009590026936,0.9999967780163199,0.995,0.99476296,0.9999827
9,204,1,0.9999999604617786,1.0,0.995,0.999996801702048,0.9971385,0.983467406246097,0.9824981477832759,1.0,1.0,0.7867218273816374,0.9999574379243547,1.0,0.9980338155943624,0.9999999585108617,0.995,0.9962708,0.9999695
9,206,1,0.9993928069219652,1.0,0.96,0.9999996358226251,0.99393624,0.9809880067849892,0.9822780680414306,1.0,1.0,0.7217186044552656,0.99994926184818,0.975,0.9883321708544138,0.9992287484569127,0.975,0.9892029,0.99929625
9,211,1,0.9182444218428053,1.0,0.98,0.9927575713700334,0.99593383,0.9824463293041009,0.982406966757016,1.0,1.5198261961057163e-08,0.6650027784192225,0.9992865697608448,0.985,0.9717339559877265,0.8883984782529385,0.985,0.9918901,0.9964409
9,213,1,0.9999992942360433,1.0,1.0,0.9999999859472224,0.99872535,0.9837946616538483,0.9826062096681405,1.0,1.0,0.834391888345586,0.9999481253619736,1.0,0.999681158713686,0.9999991789546614,1.0,0.9978551,0.9999644
9,214,1,0.4968403759180039,1.0,0.64,0.6172736451537493,0.8947592,0.9003027184892143,0.9661443925548701,0.0,6.229436036133025e-15,0.575729594507508,0.9982183029745426,0.6,0.6622182998083436,0.4200450679760614,0.71,0.8453029,0.69637156
9,215,1,0.9996767849928633,1.0,1.0,0.9999999904534852,0.9989453,0.9837946715785079,0.9826211354496767,1.0,1.0,0.8163760152258475,0.9999379221612675,1.0,0.999655517814262,0.9995976757424112,1.0,0.9982089,0.99988395
9,221,1,0.9755916105900505,1.0,1.0,0.9919845664005047,0.99839264,0.983793778335206,0.9825835584169497,1.0,1.0,0.7172175933741706,0.9998961708872904,0.995,0.9914922046337243,0.9674101160270978,1.0,0.9974516,0.996923
9,228,1,0.9809868707795453,1.0,1.0,0.994939361650666,0.9984962,0.983794271279164,0.9825906331307034,1.0,1.0,0.7172175933741706,0.9998971840473301,1.0,0.9936056018106321,0.9748498652301888,1.0,0.99755573,0.9976044
9,242,1,0.999999999145996,1.0,1.0,0.9999831824258464,0.9985323,0.9837946649620687,0.9825930977717409,1.0,1.0,0.8123994480196712,0.9999605818043787,1.0,0.9996288691997233,0.9999999989826192,1.0,0.9976356,0.9999917
9,246,1,0.9999999993387121,1.0,1.0,0.991478536496393,0.9979085,0.9837946715785079,0.9825506636265086,1.0,1.0,0.8377930439354493,0.9999481253619736,1.0,0.9973467522124841,0.9999999992814239,1.0,0.99674016,0.99999547
9,247,1,0.328670822657634,1.0,0.795,0.537468099815672,0.97127414,0.7504176371722246,0.6296055565369848,0.4,0.030551409343607904,0.54032421601868,0.9940619216177742,0.775,0.6581032649925636,0.258447661579655,0.78,0.9565628,0.08946108
9,248,1,0.9999978500293333,1.0,1.0,0.9999855433768301,0.9989247,0.9837936658492831,0.9826197364395679,1.0,1.0,0.8538294207402126,0.9999379221612675,1.0,0.9997270165024426,0.9999973733119304,1.0,0.99811065,0.99994695
9,252,0,0.00588665503103701,0.0,0.005,0.0022094856407911356,0.0034140164,0.03168980281459376,0.0349544604922921,0.0,1.4491897353217957e-17,0.3141816803144226,0.0001393751059650116,0.0,0.004127539280413031,0.004217269347563297,0.005,0.0036522595,0.0001927366
9,253,0,0.0019913852327560796,0.0,0.0,0.0028673287562144163,0.012176524,0.031071269307802005,0.03614779625512017,0.0,1.3272048090640455e-18,0.31342861456957033,0.00026887382662255067,0.0,0.004258809476348454,0.0014070609839677123,0.005,0.013299042,0.00019023419
9,268,0,0.13135707786110318,0.0,0.29,0.12362277109515515,0.16042967,0.09730739768353065,0.06331921752416939,0.0,0.00036600801669402216,0.41863965519859203,0.002206605161243323,0.355,0.17635238009075105,0.10099996654036607,0.27,0.1426554,0.0072625345
9,270,0,0.012176206075042193,0.0,0.01,0.002567391160169623,0.0026698427,0.0323240202443307,0.03485493163173623,0.0,6.581450426371538e-18,0.3306531761954191,0.00014357898524103952,0.01,0.006853359979032001,0.008754214270735958,0.005,0.0026396762,0.0009020439
9,274,0,0.14179952161688264,0.0,0.07,0.06035065876714123,0.0040347995,0.041227736468987156,0.03504394127059037,0.0,7.27503091505245e-17,0.34683660944200284,0.000165947306660489,0.06,0.06904624497691887,0.103448667845344,0.065,0.004342982,0.013415462
9,280,0,0.3570116199728706,0.0,0.34,0.35083977145656464,0.2233922,0.6157619697537956,0.08484636135626196,0.6,0.0007418903785929388,0.42954318799074404,0.043882596135983644,0.485,0.31781089871990953,0.2915559883376459,0.31,0.17555414,0.10752487
9,285,0,0.00954512169223574,0.0,0.0,0.004736282399540354,0.005600338,0.03107390879339174,0.03524922366293923,0.0,2.6214811641475375e-18,0.2818047289290549,0.00021617503291911588,0.015,0.004970435490548779,0.006845502543208194,0.005,0.005790705,0.0006135315
9,288,0,0.026448330814735847,0.0,0.02,0.022616744145169294,0.015043704,0.03362301567767282,0.03654759609343792,0.0,0.9999999995824211,0.38351353992878645,0.00035392270504656063,0.13,0.021027194699771996,0.018157610618747367,0.025,0.013076666,0.0038516007
9,295,0,0.012376113755926925,0.0,0.31,0.017693053033877484,0.13020131,0.1016772637183171,0.05654637825976275,0.0,3.412078013750639e-05,0.36374378296255666,0.04045279348901094,0.245,0.11756761917729042,0.009264596969818087,0.255,0.11573066,0.0012855459
9,298,0,0.291913671175746,0.0,0.045,0.2882228291598524,0.012418047,0.04555933364331187,0.07730296041641124,0.4,6.088852889735182e-16,0.39669942546181003,0.0004213816852672063,0.11,0.15938863673231612,0.22078929574607764,0.04,0.013285665,0.20493242
9,307,0,0.10652391268747069,0.0,0.03,0.06567396746998626,0.0057471315,0.03764762524228932,0.03546657791790913,0.0,2.5392557751476792e-15,0.33758799375338194,0.00015243235566215696,0.02,0.05198625292377575,0.07774723498986057,0.01,0.004979141,0.06492822
9,308,0,0.04650121392264232,0.0,0.02,0.020164592219556993,0.008502371,0.03362978345557612,0.03564310627136653,0.0,1.370940587307412e-16,0.3666662031667588,0.00023369581961044726,0.005,0.02379204420502193,0.033078706814629974,0.01,0.009093382,0.0038260175
9,309,0,0.003423204798994453,0.0,0.0,0.0025041750693306627,0.007294483,0.0310733162302498,0.03547855784806273,0.0,6.438702389799307e-19,0.3492436408834261,0.00035401258983177794,0.0,0.0033054657213753766,0.0024211226341751776,0.005,0.007335486,0.00051027205
9,312,0,0.02197509818053132,0.0,0.16,0.015354000723708683,0.048513554,0.058058522325834874,0.04155331818133125,0.0,3.210511839192506e-12,0.3692502702939346,0.0012000031740378506,0.09,0.06146066323521432,0.01607451228422864,0.15,0.052290704,0.004018375
9,315,0,0.10271800289277305,0.0,0.47,0.08752559142533915,0.18891844,0.18065517225505226,0.07084278374485202,0.2,1.412677529624132e-10,0.5292271191497375,0.2888986474393519,0.265,0.2122905089630386,0.07404720357702958,0.435,0.17866836,0.04031211
9,317,0,0.09125149441080992,0.0,0.01,0.02820058072029053,0.0062378854,0.0324783210229942,0.03538248999240835,0.2,2.5264440460642348e-17,0.44664274332870507,0.0005614163844387441,0.06,0.033922490145045524,0.06631053246601086,0.01,0.005758537,0.008796684
9,321,0,0.1316455589626863,0.0,0.0,0.06689352058667405,0.002997129,0.032544619620740976,0.03602358298235273,0.2,1.7771594588291107e-16,0.3485155653837414,0.00015545968200242786,0.05,0.05038405213519262,0.09505454238769334,0.0,0.0028701895,0.0677976
9,327,0,0.004808056005787105,0.0,0.0,0.0035058997939115227,0.004974156,0.031072575909764647,0.03516418620306626,0.0,1.3618965188240684e-17,0.29002774804757064,0.000165947306660489,0.01,0.0033220279880389067,0.00334487265814886,0.0,0.0041278144,0.0006805942
9,328,0,0.03148413315552618,0.0,0.225,0.017289466378012305,0.20423958,0.07581967190734044,0.07444553296797694,0.0,2.4480844232372803e-17,0.3684003690056439,0.0007419224179256446,0.05,0.11950329414712899,0.022695536107228128,0.235,0.15776256,0.0033728976
9,332,0,0.0008843210036811498,0.0,0.0,0.0009439845450626123,0.0026465934,0.031070821917219292,0.03485177390378963,0.0,1.0480607993958767e-18,0.2956774068150118,0.00015521684280938108,0.0,0.0011187247314344737,0.0006273019065114527,0.0,0.0028784685,9.137227e-05
9,337,0,0.003622531173352663,0.0,0.0,0.0015483150105506892,0.002881996,0.031072265996103066,0.03488327191055663,0.0,6.289469983433684e-19,0.319031439796889,0.00015219424465054323,0.0,0.00201321057116795,0.002586192735758781,0.0,0.0029695258,0.0004406822
9,338,0,0.00747678207993981,0.0,0.015,0.010963447885572,0.0044487957,0.03296003088433577,0.03509338145233793,0.0,4.11209953590721e-17,0.3150174207277233,0.00015243235566215696,0.005,0.00947225641416109,0.0056522549064427444,0.005,0.0035792585,0.00024947862
9,339,0,0.27245361406812396,0.0,0.02,0.17392361653258365,0.0074328706,0.03413934890234359,0.03580856007564471,0.4,7.821596381778677e-16,0.37613878202701806,0.00023406141165473938,0.06,0.11845252529188814,0.20761562856725785,0.005,0.007978354,0.073998526
9,340,0,0.0035724792227640784,0.0,0.0,0.0008899988637395542,0.0024629566,0.03107211864097757,0.034827278338992546,0.0,3.8249949038293482e-19,0.30595443158364827,0.0001692429962460507,0.005,0.001731358668804737,0.002555705422810611,0.0,0.0026360343,0.00038127045
9,353,0,0.10499891840440023,0.0,0.015,0.08849552781820308,0.0061342157,0.03836896715363472,0.03558311865003423,0.0,7.952222849170468e-16,0.3517019594117987,0.00015219424465054323,0.025,0.05365716549123824,0.07971740089325616,0.005,0.005881175,0.046809725
9,357,0,0.039817967544160164,0.0,0.005,0.01723882718750191,0.004768922,0.03172092066695578,0.03514207354975519,0.0,1.9133312811516303e-16,0.36017520081532756,0.00015545968200242786,0.03,0.01670642918133373,0.02661206088593945,0.015,0.0032325168,0.006412332
9,363,0,0.0011392823048326974,0.0,0.005,0.001200829541008282,0.009732266,0.031688439732888346,0.035811028357458766,0.0,1.1336961023792796e-18,0.38941465130196273,0.00028515453057318145,0.005,0.004268094450635207,0.0008249738510010075,0.015,0.01182939,3.292159e-05
9,367,0,0.0003127518014152112,0.0,0.005,0.0009828979479962114,0.003538382,0.03168842348286034,0.03497112691769709,0.0,7.333115232942939e-20,0.30984474636461246,0.0003118647538346152,0.0,0.0024585079390551344,0.00022410846566978937,0.005,0.0031249363,2.768016e-05
9,382,0,0.00036513945983529956,0.0,0.0,0.0030413495327138653,0.0076919016,0.03107076095043405,0.03553222798684632,0.0,1.7909660170241723e-19,0.3184692498181353,0.00021401337039713686,0.005,0.0027745976588445863,0.0002632935589653478,0.01,0.008999171,4.1281033e-05
9,391,0,0.0007289928551601541,0.0,0.0,0.0015178105169424277,0.0030677263,0.031070825593366973,0.03490808705198151,0.0,2.632106171287002e-19,0.2531180463072771,0.00014357898524103952,0.005,0.0013286324103667347,0.0005287021032505376,0.005,0.002792574,8.3583334e-05
